μνήσομαι οὐδὲ λάθωμαι Ἀπόλλωνος ἑκάτοιο,	-uu -u u-u u--- uu--	dactylic hexameter	feminine penthemimeral
ὅντε θεοὶ κατὰ δῶμα Διὸς τρομέουσιν ἰόντα:	-u u- uu -u u- uu-u u--	dactylic hexameter	feminine penthemimeral, hepthemimeral, trithemimeral
καί ῥά τ᾽ἀναΐσσουσιν ἐπὶ σχεδὸν ἐρχομένοιο	- u u---u u- uu -uu--	dactylic hexameter	feminine penthemimeral, hepthemimeral
πάντες ἀφ᾽ ἑδράων, ὅτε φαίδιμα τόξα τιταίνει.	-u u --- uu -uu -u u--	dactylic hexameter	masculine penthemimeral
Λητὼ δ᾽οἴη μίμνε παραὶ Διὶ τερπικεραύνῳ,	-- -- -u u- uu -uu--	dactylic hexameter	feminine penthemimeral, hepthemimeral
ἥ ῥα βιόν τ᾽ἐχάλασσε καὶ ἐκλήισσε φαρέτρην,	- u u- uu-u u ---u u--	dactylic hexameter	feminine penthemimeral, trithemimeral
καί οἱ ἀπ᾽ ἰφθίμων ὤμων χείρεσσιν ἑλοῦσα	- u u --- -- --u u--	dactylic hexameter	masculine penthemimeral, hepthemimeral
τόξα κατεκρέμασε πρὸς κίονα πατρὸς ἑοῖο	-u u-uu- - -uu -u u--	dactylic hexameter	masculine penthemimeral
πασσάλου ἐκ χρυσέου: τὸν δ᾽ἐς θρόνον εἷσεν ἄγουσα.	-uu - uu- - - uu -u u--	dactylic hexameter	masculine penthemimeral, hepthemimeral, trithemimeral
τῷ δ᾽ἄρα νέκταρ ἔδωκε πατὴρ δέπαϊ χρυσείῳ	- uu -u u-u u- uu- ---	dactylic hexameter	feminine penthemimeral, hepthemimeral
δεικνύμενος φίλον υἱόν: ἔπειτα δὲ δαίμονες ἄλλοι	-uu- uu -u u-u u -uu --	dactylic hexameter	feminine penthemimeral, trithemimeral
ἔνθα καθίζουσιν: χαίρει δέ τε πότνια Λητώ,	-u u--- -- u u -uu --	dactylic hexameter	masculine penthemimeral, hepthemimeral
οὕνεκα τοξοφόρον καὶ καρτερὸν υἱὸν ἔτικτε.	-uu -uu- - -uu -u u--	dactylic hexameter	masculine penthemimeral
χαῖρε, μάκαιρ᾽ ὦ Λητοῖ, ἐπεὶ τέκες ἀγλαὰ τέκνα,	-u u- - -u u- uu -uu --	dactylic hexameter	feminine penthemimeral, hepthemimeral, trithemimeral
Ἀπόλλωνά τ᾽ἄνακτα καὶ Ἄρτεμιν ἰοχέαιραν,	---u u-u u -uu -uu--	dactylic hexameter	feminine penthemimeral
τὴν μὲν ἐν Ὀρτυγίῃ, τὸν δὲ κραναῇ ἐνὶ Δήλῳ,	- u u -uu- - - uu- uu --	dactylic hexameter	masculine penthemimeral, hepthemimeral
κεκλιμένη πρὸς μακρὸν ὄρος καὶ Κύνθιον ὄχθον,	-uu- - -u u- - -uu --	dactylic hexameter	feminine penthemimeral, hepthemimeral, trithemimeral
ἀγχοτάτω φοίνικος, ἐπ᾽ Ἰνωποῖο ῥεέθροις.	-uu- --u u ---u u--	dactylic hexameter	feminine penthemimeral, trithemimeral
πῶς τ᾽ἄρ σ᾽ὑμνήσω πάντως εὔυμνον ἐόντα;	- - --- -- --u u--	dactylic hexameter	masculine penthemimeral, hepthemimeral
πάντη γάρ τοι, Φοῖβε, νόμοι βεβλήατ᾽ ἀοιδῆς,	-- - - -u u- --u u--	dactylic hexameter	feminine penthemimeral, hepthemimeral, trithemimeral
ἠμὲν ἀν᾽ ἤπειρον πορτιτρόφον ἠδ᾽ ἀνὰ νήσους:	-u u --- --uu - uu --	dactylic hexameter	masculine penthemimeral
πᾶσαι δὲ σκοπιαί τοι ἅδον καὶ πρώονες ἄκροι	-- - uu- u u- - -uu --	dactylic hexameter	masculine penthemimeral, hepthemimeral, trithemimeral
ὑψηλῶν ὀρέων ποταμοί θ᾽ἅλαδε προρέοντες	--- uu- uu- uu- uu--	dactylic hexameter	masculine penthemimeral, hepthemimeral, trithemimeral
ἀκταί τ᾽εἰς ἅλα κεκλιμέναι λιμένες τε θαλάσσης.	-- - uu -uu- uu- u u--	dactylic hexameter	hepthemimeral, trithemimeral
ἦ ὥς σε πρῶτον Λητὼ τέκε, χάρμα βροτοῖσι,	- - - -- -- uu -u u--	dactylic hexameter	masculine penthemimeral, hepthemimeral, trithemimeral
κλινθεῖσα πρὸς Κύνθου ὄρος κραναῇ ἐνὶ νήσῳ,	--- - -u u- uu- uu --	dactylic hexameter	feminine penthemimeral, hepthemimeral, trithemimeral
Δήλῳ ἐν ἀμφιρύτῃ; ἑκάτερθε δὲ κῦμα κελαινὸν	-u u -uu- uu-u u -u u--	dactylic hexameter	masculine penthemimeral
ἐξῄει χέρσονδε λιγυπνοίοις ἀνέμοισιν,	--- --u u--- uu--	dactylic hexameter	feminine penthemimeral, trithemimeral
ἔνθεν ἀπορνύμενος πᾶσι θνητοῖσιν ἀνάσσεις.	-u u-uu- -- --u u--	dactylic hexameter	masculine penthemimeral, hepthemimeral
ὅσσους Κρήτη τ᾽ἐντὸς ἔχει καὶ δῆμος Ἀθηνῶν	-- -- -u u- - -u u--	dactylic hexameter	feminine penthemimeral, hepthemimeral
νῆσός τ᾽Αἰγίνη ναυσικλειτή τ᾽Εὔβοια,	-- --- ---- ---	dactylic hexameter	masculine penthemimeral
Αἰγαί, Πειρεσίαι τε καὶ ἀγχιάλη Πεπάρηθος	-- -uu- u u -uu- uu--	dactylic hexameter	masculine penthemimeral
Θρηίκιός τ᾽Ἀθόως καὶ Πηλίου ἄκρα κάρηνα	-uu- uu- - -uu -u u--	dactylic hexameter	masculine penthemimeral, trithemimeral
Θρηικίη τε Σάμος Ἴδης τ᾽ὄρεα σκιόεντα,	-uu- u u- -- uu- uu--	dactylic hexameter	masculine penthemimeral, hepthemimeral, trithemimeral
Σκῦρος καὶ Φώκαια καὶ Αὐτοκάνης ὄρος αἰπύ,	-- - --u u -uu- uu --	dactylic hexameter	feminine penthemimeral, trithemimeral
Ἴμβρος τ᾽εὐκτιμένη καὶ Λῆμνος ἀμιχθαλόεσσα	-- -uu- - -u u-uu--	dactylic hexameter	masculine penthemimeral
Λέσβος τ᾽ἠγαθέη, Μάκαρος ἕδος Αἰολίωνος,	-- -uu- uu- uu -uu--	dactylic hexameter	masculine penthemimeral, hepthemimeral
καὶ Χίος, ἣ νήσων λιπαρωτάτη εἰν ἁλὶ κεῖται,	- uu - -- uu-uu - uu --	dactylic hexameter	masculine penthemimeral, trithemimeral
παιπαλόεις τε Μίμας καὶ Κωρύκου ἄκρα κάρηνα	-uu- u u- - -uu -u u--	dactylic hexameter	masculine penthemimeral, trithemimeral
καὶ Κλάρος αἰγλήεσσα καὶ Αἰσαγέης ὄρος αἰπὺ	- uu ---u u -uu- uu --	dactylic hexameter	feminine penthemimeral
καὶ Σάμος ὑδρηλὴ Μυκάλης τ᾽αἰπεινὰ κάρηνα	- uu --- uu- --u u--	dactylic hexameter	masculine penthemimeral, hepthemimeral
Μίλητός τε Κόως τε, πόλις Μερόπων ἀνθρώπων,	--- u u- u u- uu- ---	dactylic hexameter	masculine penthemimeral, hepthemimeral, trithemimeral
καὶ Κνίδος αἰπεινὴ καὶ Κάρπαθος ἠνεμόεσσα	- uu --- - -uu -uu--	dactylic hexameter	masculine penthemimeral
Νάξος τ᾽ἠδὲ Πάρος Ῥήναιά τε πετρήεσσα,	-- -u u- --u u ----	dactylic hexameter	masculine penthemimeral
τόσσον ἔπ᾽ ὠδίνουσα Ἑκηβόλον ἵκετο Λητώ,	-u u ---u u-uu -uu --	dactylic hexameter	feminine penthemimeral
εἴ τίς οἱ γαιέων υἱεῖ θέλοι οἰκία θέσθαι.	- - - -- -- uu -uu --	dactylic hexameter	masculine penthemimeral, hepthemimeral, trithemimeral
αἳ δὲ μάλ᾽ ἐτρόμεον καὶ ἐδείδισαν, οὐδέ τις ἔτλη	- u u -uu- u u-uu -u u --	dactylic hexameter	masculine penthemimeral
Φοῖβον δέξασθαι, καὶ πιοτέρη περ ἐοῦσα:	-- --- - -uu- u u--	dactylic hexameter	masculine penthemimeral
πρίν γ᾽ὅτε δή ῥ᾽ἐπὶ Δήλου ἐβήσατο πότνια Λητὼ	- uu - uu -u u-uu -uu --	dactylic hexameter	feminine penthemimeral, trithemimeral
καί μιν ἀνειρομένη ἔπεα πτερόεντα προσηύδα:	- u u-uu- uu- uu-u u--	dactylic hexameter	masculine penthemimeral, hepthemimeral
δῆλ᾽, εἰ γάρ κ᾽ἐθέλοις ἕδος ἔμμεναι υἷος ἐμοῖο,	- - - uu- uu -uu -u u--	dactylic hexameter	masculine penthemimeral, trithemimeral
Φοίβου Ἀπόλλωνος, θέσθαι τ᾽ἔνι πίονα νηόν, —	-u u--- -- uu -uu -- -	lyric	
ἄλλος δ᾽οὔτις σεῖό ποθ᾽ ἅψεται, οὐδέ σε λήσει:	-- -- -u u -uu -u u --	dactylic hexameter	feminine penthemimeral
οὐδ᾽ εὔβων σέ γ᾽ἔσεσθαι ὀίομαι οὔτ᾽ εὔμηλον,	- -- u u-u u-uu - ---	dactylic hexameter	feminine penthemimeral, trithemimeral
οὐδὲ τρύγην οἴσεις οὔτ᾽ ἂρ φυτὰ μυρία φύσεις.	-- -- -- - - uu -uu --	lyric	
εἰ δέ κ᾽Ἀπόλλωνος ἑκαέργου νηὸν ἔχῃσθα,	- u u--- uu-- -u u--	dactylic hexameter	masculine penthemimeral
ἄνθρωποί τοι πάντες ἀγινήσουσ᾽ ἑκατόμβας	--- - -u u--- uu--	dactylic hexameter	feminine penthemimeral, trithemimeral
ἐνθάδ᾽ ἀγειρόμενοι, κνίσση δέ τοι ἄσπετος αἰεὶ	-u u-uu- -- u u -uu --	dactylic hexameter	masculine penthemimeral, hepthemimeral
δημοῦ ἀναΐξει βοσκήσεις θ᾽οἵ κέ σ᾽ἔχωσι	-u u--- --- - u u--	dactylic hexameter	masculine penthemimeral
χειρὸς ἀπ᾽ ἀλλοτρίης, ἐπεὶ οὔ τοι πῖαρ ὑπ᾽ οὖδας.	-u u -uu- uu - - -u u --	dactylic hexameter	masculine penthemimeral, hepthemimeral
ὣς φάτο: χαῖρε δὲ Δῆλος, ἀμειβομένη δὲ προσηύδα:	- uu -u u -u u-uu- u u--	dactylic hexameter	feminine penthemimeral
Λητοῖ, κυδίστη θύγατερ μεγάλου Κοίοιο,	-- --- uu- uu- ---	dactylic hexameter	masculine penthemimeral, hepthemimeral
ἀσπασίη κεν ἐγώ γε γονὴν ἑκάτοιο ἄνακτος	-uu- u u- u u- uu-u u--	dactylic hexameter	masculine penthemimeral, hepthemimeral, trithemimeral
δεξαίμην: αἰνῶς γὰρ ἐτήτυμόν εἰμι δυσηχὴς	--- -- u u-uu -u u--	dactylic hexameter	masculine penthemimeral, trithemimeral
ἀνδράσιν: ὧδε δέ κεν περιτιμήεσσα γενοίμην.	-uu -u u - uu---u u--	dactylic hexameter	masculine penthemimeral
ἀλλὰ τόδε τρομέω, Λητοῖ, ἔπος, οὐδέ σε κεύσω:	-u u- uu- -- uu -u u --	dactylic hexameter	masculine penthemimeral, hepthemimeral, trithemimeral
λίην γάρ τινά φασιν ἀτάσθαλον Ἀπόλλωνα	-- - uu -u u-uu ----	dactylic hexameter	feminine penthemimeral, trithemimeral
ἔσσεσθαι, μέγα δὲ πρυτανευσέμεν ἀθανάτοισι	--- uu - uu-uu -uu--	dactylic hexameter	masculine penthemimeral, trithemimeral
καὶ θνητοῖσι βροτοῖσιν ἐπὶ ζείδωρον ἄρουραν.	- --u u-u u- --u u--	dactylic hexameter	feminine penthemimeral, hepthemimeral
τῷ ῥ᾽αἰνῶς δείδοικα κατὰ φρένα καὶ κατὰ θυμόν,	- -- --u u- uu - uu --	dactylic hexameter	feminine penthemimeral, hepthemimeral, trithemimeral
μή, ὁπότ᾽ ἂν τὸ πρῶτον ἴδῃ φάος ἠελίοιο,	- uu - - -u u- uu -uu--	dactylic hexameter	feminine penthemimeral, hepthemimeral, trithemimeral
νῆσον ἀτιμήσας, ἐπεὶ ἦ κραναήπεδός εἰμι,	-u u--- uu - uu-uu --	dactylic hexameter	masculine penthemimeral, hepthemimeral
ποσσὶ καταστρέψας ὤσῃ ἁλὸς ἐν πελάγεσσιν,	-u u--- -- uu - uu--	dactylic hexameter	masculine penthemimeral, hepthemimeral
ἔνθ᾽ ἐμὲ μὲν μέγα κῦμα κατὰ κρατὸς ἅλις αἰεὶ	- uu - uu -u u- uu -- --	dactylic hexameter	feminine penthemimeral, hepthemimeral, trithemimeral
κλύσσει: ὃ δ᾽ἄλλην γαῖαν ἀφίξεται, ἥ κεν ἅδῃ οἱ,	-u u -- -u u-uu - u u- -	dactylic hexameter	feminine penthemimeral
τεύξασθαι νηόν τε καὶ ἄλσεα δενδρήεντα:	--- -- u u -uu ----	dactylic hexameter	masculine penthemimeral, trithemimeral
πουλύποδες δ᾽ἐν ἐμοὶ θαλάμας φῶκαί τε μέλαιναι	-uu- u u- uu- -- u u--	dactylic hexameter	masculine penthemimeral, hepthemimeral, trithemimeral
οἰκία ποιήσονται ἀκηδέα, χήτεϊ λαῶν.	-uu ---u u-uu -uu --	dactylic hexameter	feminine penthemimeral
ἀλλ᾽ εἴ μοι τλαίης γε, θεά, μέγαν ὅρκον ὀμόσσαι,	- - - -- - uu -- -u u--	lyric	
ἐνθάδε μιν πρῶτον τεύξειν περικαλλέα νηὸν	-uu - -- -- uu-uu --	dactylic hexameter	masculine penthemimeral, hepthemimeral, trithemimeral
ἔμμεναι ἀνθρώπων χρηστήριον, αὐτὰρ ἔπειτα	-uu --- --uu -u u--	dactylic hexameter	masculine penthemimeral
τεύξασθαι νηούς τε καὶ ἄλσεα δενδρηέντα	--- -- u u -uu ----	dactylic hexameter	masculine penthemimeral, trithemimeral
πάντας ἐπ᾽ ἀνθρώπους, ἐπεὶ ἦ πολυώνυμος ἔσται.	-u u --- uu - uu-uu --	dactylic hexameter	masculine penthemimeral, hepthemimeral
ὣς ἄρ ἔφη: Λητὼ δὲ θεῶν μέγαν ὅρκον ὄμοσσε:	- u u- -- u u- uu -u u--	dactylic hexameter	masculine penthemimeral, hepthemimeral, trithemimeral
ἴστω νῦν τάδε Γαῖα καὶ Οὐρανὸς εὐρὺς ὕπερθεν	-- - uu -u u -uu -u u--	dactylic hexameter	feminine penthemimeral, trithemimeral
καὶ τὸ κατειβόμενον Στυγὸς ὕδωρ, ὅστε μέγιστος	- u u-uu- uu -- -u u--	dactylic hexameter	masculine penthemimeral
ὅρκος δεινότατός τε πέλει μακάρεσσι θεοῖσιν:	-- -uu- u u- uu-u u--	dactylic hexameter	masculine penthemimeral, hepthemimeral
ἦ μὴν Φοίβου τῇδε θυώδης ἔσσεται αἰεὶ	- - -- -u u-- -uu --	dactylic hexameter	feminine penthemimeral
βωμὸς καὶ τέμενος, τίσει δέ σέ γ᾽ἔξοχα πάντων.	-- - uu- -- u u -uu --	dactylic hexameter	masculine penthemimeral, hepthemimeral, trithemimeral
αὐτὰρ ἐπεί ῥ᾽ὄμοσέν τε τελεύτησέν τε τὸν ὅρκον,	-u u- uu- u u--- u u --	dactylic hexameter	masculine penthemimeral, trithemimeral
Δῆλος μὲν μάλα χαῖρε γονῇ ἑκάτοιο ἄνακτος:	-- - uu -u u- uu-u u--	dactylic hexameter	feminine penthemimeral, hepthemimeral, trithemimeral
Λητὼ δ᾽ἐννῆμάρ τε καὶ ἐννέα νύκτας ἀέλπτοις	-- --- u u -uu -u u--	dactylic hexameter	masculine penthemimeral
ὠδίνεσσι πέπαρτο. θεαὶ δ᾽ἔσαν ἔνδοθι πᾶσαι,	---u u-u u- uu -uu --	dactylic hexameter	feminine penthemimeral, hepthemimeral
ὅσσαι ἄρισται ἔασι, Διώνη τε Ῥείη τε	-u u-u u-u u-- - -- -	dactylic hexameter	feminine penthemimeral
Ἰχναίη τε Θέμις καὶ ἀγάστονος Ἀμφιτρίτη	--- u u- u u-uu ----	dactylic hexameter	masculine penthemimeral, trithemimeral
ἄλλαι τ᾽ἀθάναται νόσφιν λευκωλένου Ἥρης:	-- -uu- -- --uu --	dactylic hexameter	masculine penthemimeral, hepthemimeral
ἧστο γὰρ ἐν μεγάροισι Διὸς νεφεληγερέταο:	-u u - uu-u u- uu-uu--	dactylic hexameter	feminine penthemimeral, hepthemimeral, trithemimeral
μούνη δ᾽οὐκ ἐπέπυστο μογοστόκος Εἰλείθυια:	-- - uu-u u-uu ----	dactylic hexameter	feminine penthemimeral, trithemimeral
ἧστο γὰρ ἄκρῳ Ὀλύμπῳ ὑπὸ χρυσέοισι νέφεσσιν,	-u u -u u-u u- uu-u u--	dactylic hexameter	feminine penthemimeral, hepthemimeral
Ἥρης φραδμοσύνης λευκωλένου, ἥ μιν ἔρυκε	-- -uu- --uu - u u--	dactylic hexameter	masculine penthemimeral
ζηλοσύνῃ, ὅτ᾽ ἄρ᾽ υἱὸν ἀμύμονά τε κρατερόν τε	-uu- u u -u u-uu - uu- -	dactylic hexameter	feminine penthemimeral, trithemimeral
Λητὼ τέξεσθαι καλλιπλόκαμος τότ᾽ ἔμελλεν.	-- --- --uu- u u--	dactylic hexameter	masculine penthemimeral
αἳ δ᾽Ἶριν προὔπεμψαν ἐυκτιμένης ἀπὸ νήσου,	- -- --u u-uu- uu --	dactylic hexameter	feminine penthemimeral, trithemimeral
ἀξέμεν Εἰλείθυιαν, ὑποσχόμεναι μέγαν ὅρμον,	-uu ---u u-uu- uu --	dactylic hexameter	feminine penthemimeral
χρυσείοισι λίνοισιν ἐερμένον, ἐννεάπηχυν:	---u u-u u-uu -uu--	dactylic hexameter	feminine penthemimeral
νόσφιν δ᾽ἤνωγον καλέειν λευκωλένου Ἥρης,	-- --- uu- --uu --	dactylic hexameter	masculine penthemimeral, hepthemimeral
νή μιν ἔπειτ᾽ ἐπέεσσιν ἀποστρέψειεν ἰοῦσαν.	- u u- uu-u u---u u--	dactylic hexameter	feminine penthemimeral, trithemimeral
αὐτὰρ ἐπεὶ τό γ᾽ἄκουσε ποδήνεμος ὠκέα Ἶρις,	-u u- u u-u u-uu -uu --	dactylic hexameter	feminine penthemimeral, trithemimeral
βῆ ῥα θέειν, ταχέως δὲ διήνυσε πᾶν τὸ μεσηγύ.	- u u- uu- u u-uu - u u--	dactylic hexameter	masculine penthemimeral, trithemimeral
αὐτὰρ ἐπεί ῥ᾽ἵκανε θεῶν ἕδος, αἰπὺν Ὄλυμπον,	-u u- uu- -- uu -u u--	dactylic hexameter	masculine penthemimeral, hepthemimeral, trithemimeral
αὐτίκ᾽ ἄρ᾽ Εἰλείθυιαν ἀπὲκ μεγάροιο θύραζε	-u u ---u u- uu-u u--	dactylic hexameter	feminine penthemimeral, hepthemimeral
ἐκπροκαλεσσαμένη ἔπεα πτερόεντα προσηύδα,	-uu-uu- uu- uu-u u--	dactylic hexameter	masculine penthemimeral, hepthemimeral
πάντα μάλ᾽, ὡς ἐπέτελλον Ὀλύμπια δώματ᾽ ἔχουσαι.	-u u - uu-u u-uu -u u--	dactylic hexameter	feminine penthemimeral, trithemimeral
τῇ δ᾽ἄρα θυμὸν ἔπειθεν ἐνὶ στήθεσσι φίλοισι:	- uu -u u-u u- --u u--	dactylic hexameter	feminine penthemimeral, hepthemimeral
βὰν δὲ ποσὶ τρήρωσι πελειάσιν ἴθμαθ᾽ ὁμοῖαι.	- u u- --u u-uu -u u--	dactylic hexameter	feminine penthemimeral, trithemimeral
εὖτ᾽ ἐπὶ Δήλου ἔβαινε μογοστόκος Εἰλείθυια,	- uu -u u-u u-uu ----	dactylic hexameter	feminine penthemimeral
δὴ τότε τὴν τόκος εἷλε, μενοίνησεν δὲ τεκέσθαι.	- uu - uu -u u--- u u--	dactylic hexameter	feminine penthemimeral, trithemimeral
ἀμφὶ δὲ φοίνικι βάλε πήχεε, γοῦνα δ᾽ἔρεισε	-u u -uu -- -uu -u u--	dactylic hexameter	
λειμῶνι μαλακῷ: μείδησε δὲ γαῖ᾽ ὑπένερθεν:	--- uu- --u u - uu--	dactylic hexameter	masculine penthemimeral, trithemimeral
ἐκ δ᾽ἔθορε πρὸ φόωσδε: θεαὶ δ᾽ὀλόλυξαν ἅπασαι.	- uu- u u-u u- uu-u u--	dactylic hexameter	feminine penthemimeral, hepthemimeral, trithemimeral
ἔνθα σέ, ἤιε Φοῖβε, θεαὶ λόον ὕδατι καλῷ	-u u -uu -u u- uu -uu --	dactylic hexameter	feminine penthemimeral, hepthemimeral
ἁγνῶς καὶ καθαρῶς, σπάρξαν δ᾽ἐν φάρεϊ λευκῷ,	-- - uu- -- - -uu --	dactylic hexameter	masculine penthemimeral, hepthemimeral, trithemimeral
λεπτῷ, νηγατέῳ: περὶ δὲ χρύσεον στρόφον ἧκαν.	-- -uu- uu - uu- uu --	dactylic hexameter	masculine penthemimeral, hepthemimeral
οὐδ᾽ ἄρ᾽ Ἀπόλλωνα χρυσάορα θήσατο μήτηρ,	- u u--- --uu -uu --	dactylic hexameter	masculine penthemimeral
ἀλλὰ Θέμις νέκταρ τε καὶ ἀμβροσίην ἐρατεινὴν	-u u- -- u u -uu- uu--	dactylic hexameter	masculine penthemimeral, trithemimeral
ἀθανάτῃσιν χερσὶν ἐπήρξατο: χαῖρε δὲ Λητώ,	-uu-- -u u-uu -u u --	dactylic hexameter	feminine penthemimeral
οὕνεκα τοξοφόρον καὶ καρτερὸν υἱὸν ἔτικτεν.	-uu -uu- - -uu -u u--	dactylic hexameter	masculine penthemimeral
αὐτὰρ ἐπεὶ δή, Φοῖβε, κατέβρως ἄμβροτον εἶδαρ,	-u u- - -u u-- -uu --	dactylic hexameter	feminine penthemimeral, trithemimeral
οὔ σέ γ᾽ἔπειτ᾽ ἴσχον χρύσεοι στρόφοι ἀσπαίροντα,	- u u- -- uu- uu ----	dactylic hexameter	masculine penthemimeral, hepthemimeral, trithemimeral
οὐδ᾽ ἔτι δέσματ᾽ ἔρυκε, λύοντο δὲ πείρατα πάντα.	- uu -u u-u u-u u -uu --	dactylic hexameter	feminine penthemimeral
αὐτίκα δ᾽ἀθανάτῃσι μετηύδα Φοῖβος Ἀπόλλων:	-uu -uu-u u-- -u u--	dactylic hexameter	feminine penthemimeral
"εἴη μοι κίθαρίς τε φίλη καὶ καμπύλα τόξα,	-- - uu- u u- - -uu --	dactylic hexameter	masculine penthemimeral, hepthemimeral, trithemimeral
χρήσω δ᾽ἀνθρώποισι Διὸς νημερτέα βουλήν."	-- ---u u- --uu --	dactylic hexameter	feminine penthemimeral, hepthemimeral
ὣς εἰπὼν ἐβίβασκεν ἐπὶ χθονὸς εὐρυοδείης	- -- uu-u u- uu -uu--	dactylic hexameter	feminine penthemimeral, hepthemimeral, trithemimeral
Φοῖβος ἀκερσεκόμης, ἑκατηβόλος: αἳ δ᾽ἄρα πᾶσαι	-u u-uu- uu-uu - uu --	dactylic hexameter	masculine penthemimeral
θάμβεον ἀθάναται: χρυσῷ δ᾽ἄρα Δῆλος ἅπασα	-uu -uu- -- uu -u u--	dactylic hexameter	masculine penthemimeral, hepthemimeral
[βεβρίθει, καθορῶσα Διὸς Λητοὺς τε γενέθλην,	--- uu-u u- -- u u--	dactylic hexameter	feminine penthemimeral, hepthemimeral, trithemimeral
γηθοσύνῃ, ὅτι μιν θεὸς εἵλετο οἰκία θέσθαι	-uu- uu - uu -uu -uu --	dactylic hexameter	masculine penthemimeral, trithemimeral
νήσων ἠπείρου τε, φίλησε δὲ κηρόθι μᾶλλον.	-- --- u u-u u -uu --	dactylic hexameter	masculine penthemimeral
ἤνθησ᾽, ὡς ὅτε τε ῥίον οὔρεος ἄνθεσιν ὕλης.	-- - uu - uu -uu -uu --	dactylic hexameter	masculine penthemimeral, trithemimeral
αὐτὸς δ᾽,ἀργυρότοξε, ἄναξ ἑκατηβόλ᾽ Ἄπολλον,	-- -uu-u u- uu-u u--	dactylic hexameter	feminine penthemimeral, hepthemimeral
ἄλλοτε μέν τ᾽ἐπὶ Κύνθου ἐβήσαο παιπαλόεντος,	-uu - uu -u u-uu -uu--	dactylic hexameter	feminine penthemimeral, trithemimeral
ἄλλοτε δ᾽ἂν νήσους τε καὶ ἀνέρας ἠλάσκαζες.	-uu - -- u u -uu ----	dactylic hexameter	masculine penthemimeral, trithemimeral
πολλοί τοι νηοί τε καὶ ἄλσεα δενδρήεντα:	-- - -- u u -uu ----	dactylic hexameter	masculine penthemimeral, trithemimeral
πᾶσαι δὲ σκοπιαί τε φίλαι καὶ πρώονες ἄκροι	-- - uu- u u- - -uu --	dactylic hexameter	masculine penthemimeral, hepthemimeral, trithemimeral
ὑψηλῶν ὀρέων ποταμοί θ᾽ἅλαδε προρέοντες:	--- uu- uu- uu- uu--	dactylic hexameter	masculine penthemimeral, hepthemimeral, trithemimeral
ἀλλὰ σὺ Δήλῳ, Φοῖβε, μάλιστ᾽ ἐπιτέρπεαι ἦτορ,	-u u -- -u u- uu-uu --	dactylic hexameter	feminine penthemimeral, hepthemimeral
ἔνθα τοι ἑλκεχίτωνες Ἰάονες ἠγερέθονται	-u u -uu-u u-uu -uu--	dactylic hexameter	feminine penthemimeral
αὐτοῖς σὺν παίδεσσι καὶ αἰδοίῃς ἀλόχοισιν.	-- - --u u --- uu--	dactylic hexameter	feminine penthemimeral, trithemimeral
οἱ δέ σε πυγμαχίῃ τε καὶ ὀρχηθμῷ καὶ ἀοιδῇ	- u u -uu- u u --- u u--	dactylic hexameter	masculine penthemimeral
μνησάμενοι τέρπουσιν, ὅτ᾽ ἄν στήσωνται ἀγῶνα.	-uu- --u u - --u u--	dactylic hexameter	feminine penthemimeral, hepthemimeral, trithemimeral
φαίη κ᾽ἀθανάτους καὶ ἀγήρως ἔμμεναι αἰεί,	-- -uu- u u-- -uu --	dactylic hexameter	masculine penthemimeral
ὃς τόθ᾽ ὑπαντιάσει᾽, ὅτ᾽ Ἰάονες ἀθρόοι εἶεν:	- u u-uu- u u-uu -uu --	dactylic hexameter	masculine penthemimeral
πάντων γάρ κεν ἴδοιτο χάριν, τέρψαιτο δὲ θυμὸν	-- - u u-u u- --u u --	dactylic hexameter	feminine penthemimeral, hepthemimeral, trithemimeral
ἄνδρας τ᾽εἰσορόων καλλιζώνους τε γυναῖκας	-- -uu- ---- u u--	dactylic hexameter	masculine penthemimeral
νῆάς τ᾽ὠκείας ἠδ᾽ αὐτῶν κτήματα πολλά.	-- --- - -- -uu --	dactylic hexameter	masculine penthemimeral
πρὸς δὲ τόδε μέγα θαῦμα, ὅου κλέος οὔποτ᾽ ὀλεῖται,	- u u- uu -u u- uu -u u--	dactylic hexameter	feminine penthemimeral, hepthemimeral, trithemimeral
κοῦραι Δηλιάδες, ἑκατηβελέταο θεράπναι:	-- -uu- uu-uu-u u--	dactylic hexameter	masculine penthemimeral
αἵ τ᾽ἐπεὶ ἂρ πρῶτον μὲν Ἀπόλλων᾽ ὑμνήσωσιν,	- uu - -- u u-- ----	dactylic hexameter	masculine penthemimeral, trithemimeral
αὖτις δ᾽αὖ Λητώ τε καὶ Ἄρτεμιν ἰοχέαιραν,	-- - -- u u -uu -uu--	dactylic hexameter	masculine penthemimeral, trithemimeral
μνησάμεναι ἀνδρῶν τε παλαιῶν ἠδὲ γυναικῶν	-uu- -- u u-- -u u--	dactylic hexameter	masculine penthemimeral, trithemimeral
ὕμνον ἀείδουσιν, θέλγουσι δὲ φῦλ᾽ ἀνθρώπων.	-u u--- --u u - ---	dactylic hexameter	masculine penthemimeral
πάντων δ᾽ἀνθρώπων φωνὰς καὶ βαμβαλιαστὺν	-- --- -- - -uu--	dactylic hexameter	masculine penthemimeral, hepthemimeral
μιμεῖσθ᾽ ἴσασιν: φαίη δέ κεν αὐτὸς ἕκαστος	-- --- -- u u -u u--	dactylic hexameter	masculine penthemimeral, hepthemimeral
φθέγγεσθ᾽: οὕτω σφιν καλὴ συνάρηρεν ἀοιδή.	-- -- - -- uu-u u--	dactylic hexameter	masculine penthemimeral, hepthemimeral
ἀλλ᾽ ἄγεθ᾽ ἱλήκοι μὲν Ἀπόλλων Ἀρτέμιδιξύν,	- uu --- u u-- -uu--	dactylic hexameter	masculine penthemimeral
χαίρετε δ᾽ὑμεῖς πᾶσαι: ἐμεῖο δὲ καὶ μετόπισθεν	-uu -- -u u-u u - uu--	dactylic hexameter	feminine penthemimeral
μνήσασθ᾽, ὁππότε κέν τις ἐπιχθονίων ἀνθρώπων	-- -uu - u u-uu- ---	dactylic hexameter	masculine penthemimeral
ἐθάδ᾽ ἁνείρηται ξεῖνος ταλαπείριος ἐλθών:	-u u--- -- uu-uu --	dactylic hexameter	masculine penthemimeral, hepthemimeral
ὦ κοῦραι, τίς δ᾽ὔμμιν ἀνὴρ ἥδιστος ἀοιδῶν	- -- - -u u- --u u--	dactylic hexameter	feminine penthemimeral, hepthemimeral, trithemimeral
ἐνθάδε πωλεῖται, καὶ τέῳ τέρπεσθε μάλιστα;	-uu --- - - --u u--	dactylic hexameter	masculine penthemimeral, hepthemimeral
ὑμεῖς δ᾽εὖ μάλα πᾶσαι ὑποκρίνασθαι ἀφήμως:	-- - uu -u u---u u--	dactylic hexameter	feminine penthemimeral, trithemimeral
τυφλὸς ἀνήρ, οἰκεῖ δὲ Χίῳ ἔνι παιπαλοέσσῃ	-u u- -- u u- uu -uu--	dactylic hexameter	masculine penthemimeral, hepthemimeral, trithemimeral
τοῦ μᾶσαι μετόπισθεν ἀριστεύσουσιν ἀοιδαί.	- -- uu-u u---u u--	dactylic hexameter	feminine penthemimeral, trithemimeral
ἡμεῖς δ᾽ὑμέτερον κλέος οἴσομεν, ὅσσον ἐπ᾽ αἶαν	-- -uu- uu -uu -u u --	dactylic hexameter	masculine penthemimeral
ἀνθρώπων στρεφόμεσθα πόλεις εὖ ναιεταώσας:	--- uu-u u- - -uu--	dactylic hexameter	feminine penthemimeral, hepthemimeral, trithemimeral
οἳ δ᾽ἐπὶ δὴ πείσονται, ἐπεὶ καὶ ἐτήτυμόν ἐστιν.	- uu - --u u- u u-uu --	dactylic hexameter	feminine penthemimeral, hepthemimeral, trithemimeral
αὐτὰρ ἐγὼν οὐ λήξω ἑκηβόλον Ἀπόλλωνα	-u u- - -u u-uu ----	dactylic hexameter	feminine penthemimeral, trithemimeral
ὑμνέων ἀργυρότοξον, ὃν ἠύκομος τέκε Λητώ.	-- -uu-u u -uu- uu --	dactylic hexameter	feminine penthemimeral
[Εἲς Ἀπόλλωνα Πύθιον	- ---- u--	lyric	
ὦ ἄνα, καὶ Λυκίην καὶ Μῃονίην ἐρατεινὴν	- uu - uu- - -uu- uu--	dactylic hexameter	masculine penthemimeral, trithemimeral
καὶ Μίλητον ἔχεις, ἔναλον πόλιν ἱμερόεσσαν,	- --u u- uu- uu -uu--	dactylic hexameter	masculine penthemimeral, hepthemimeral
αὐτὸς δ᾽αὖ Δήλοιο περικλύστοιο ἀνάσσεις.	-- - --u u---u u--	dactylic hexameter	feminine penthemimeral, trithemimeral
εἶσι δὲ φορμίζων Λητοῦς ἐρικυδέος υἱὸς	-u u --- -- uu-uu --	dactylic hexameter	masculine penthemimeral, hepthemimeral
φόρμιγγι γλαφυρῇ πρὸς Πυθὼ πετρήεσσαν,	--- uu- - -- ----	dactylic hexameter	masculine penthemimeral, trithemimeral
ἄμβροτα εἵματ᾽ ἔχων τεθυωμένα: τοῖο δὲ φόρμιγξ	-uu -u u- uu-uu -u u --	dactylic hexameter	masculine penthemimeral
χρυσέου ὑπὸ πλήκτρου καναχὴν ἔχει ἱμερόεσσαν.	-u u- -- uu- uu -uu--	dactylic hexameter	masculine penthemimeral, hepthemimeral, trithemimeral
ἔνθεν δὲ πρὸς Ὄλυμπον ἀπὸ χθονός, ὥστε νόημα,	-- - u u-u u- uu -u u--	dactylic hexameter	feminine penthemimeral, hepthemimeral, trithemimeral
εἶσι Διὸς πρὸς δῶμα θεῶν μεθ᾽ ὁμήγυριν ἄλλων.	-u u- - -u u- u u-uu --	dactylic hexameter	feminine penthemimeral, hepthemimeral, trithemimeral
αὐτίκα δ᾽ἀθανάτοισι μέλει κίθαρις καὶ ἀοιδή:	-uu -uu-u u- uu- u u--	dactylic hexameter	feminine penthemimeral, hepthemimeral
Μοῦσαι μέν θ᾽ἅμα πᾶσαι ἀμειβόμεναι ὀπὶ καλῇ	-- - uu -u u-uu- uu --	dactylic hexameter	feminine penthemimeral, trithemimeral
ὑμνεῦσίν ῥα θεῶν δῶρ᾽ ἄμβροτα ἠδ᾽ ἀνθρώπων	--- u u- - -uu - ---	dactylic hexameter	masculine penthemimeral, trithemimeral
τλημοσύνας, ὅσ᾽ ἔχοντες ὑπ᾽ ἀθανάτοισι θεοῖσι	-uu- u u-u u -uu-u u--	dactylic hexameter	feminine penthemimeral, trithemimeral
ζώουσ᾽ ἀφραδέες καὶ ἀμήχανοι, οὐδὲ δύνανται	-- -uu- u u-uu -u u--	dactylic hexameter	masculine penthemimeral
εὑρέμεναι θανάτοιό τ᾽ἄκος καὶ γήραος ἄλκαρ:	-uu- uu-u u- - -uu --	dactylic hexameter	feminine penthemimeral, hepthemimeral, trithemimeral
αὐτὰρ ἐυπλόκαμοι Χάριτες καὶ ἐύφρονες Ὧραι	-u u-uu- uu- u u-uu --	dactylic hexameter	masculine penthemimeral, hepthemimeral
Ἁρμονίη θ᾽Ἥβη τε Διὸς θυγάτηρ τ᾽Ἀφροδίτη	-uu- -- u u- uu- uu--	dactylic hexameter	masculine penthemimeral, hepthemimeral, trithemimeral
ὀρχεῦντ᾽ ἀλλήλων ἐπὶ καρπῷ χεῖρας ἔχουσαι:	-- --- uu -- -u u--	dactylic hexameter	masculine penthemimeral
τῇσι μὲν οὔτ᾽ αἰσχρὴ μεταμέλπεται οὔτ᾽ ἐλάχεια,	-u u - -- uu-uu - uu--	dactylic hexameter	masculine penthemimeral, trithemimeral
ἀλλὰ μάλα μεγάλη τε ἰδεῖν καὶ εἶδος ἀγητή,	-u u- uu- u u- - -u u--	dactylic hexameter	masculine penthemimeral, hepthemimeral, trithemimeral
Ἄρτεμις ἰοχέαιρα ὁμότροφος Ἀπόλλωνι.	-uu -uu-u u-uu ----	dactylic hexameter	feminine penthemimeral
ἐν δ᾽αὖ τῇσιν Ἄρης καὶ ἐύσκοπος Ἀργειφόντης	- - -u u- u u-uu ----	dactylic hexameter	masculine penthemimeral
παίζουσ᾽: αὐτὰρ ὁ Φοῖβος Α᾽πόλλων ἐγκιθαρίζει	-- -u u -u u-- -uu--	dactylic hexameter	feminine penthemimeral
καλὰ καὶ ὕψι βιβάς: αἴγλη δέ μιν ἀμφιφαείνει	-u u -u u- -- u u -uu--	dactylic hexameter	masculine penthemimeral, hepthemimeral
μαρμαρυγαί τε ποδῶν καὶ ἐυκλώστοιο χιτῶνος.	-uu- u u- u u---u u--	dactylic hexameter	masculine penthemimeral, trithemimeral
οἳ δ᾽ἐπιτέρπονται θυμὸν μέγαν εἰσορόωντες	- uu--- -- uu -uu--	dactylic hexameter	masculine penthemimeral, hepthemimeral
Λητώ τε χρυσοπλόκαμος καὶ μητίετα Ζεὺς	-- - --uu- - -uu- -	dactylic hexameter	hepthemimeral, trithemimeral
υἷα φίλον παίζοντα μετ᾽ ἀθανάτοισι θεοῖσι.	-u u- --u u -uu-u u--	dactylic hexameter	feminine penthemimeral, trithemimeral
πῶς τ᾽ἄρ σ᾽ὑμνήσω πάντως εὔυμνον ἐόντα;	- - --- -- --u u--	dactylic hexameter	masculine penthemimeral, hepthemimeral
ἠέ σ᾽ἐνὶ μνηστῆρσιν ἀείδω καὶ φιλότητι,	-u u- --u u-- - uu--	dactylic hexameter	feminine penthemimeral, trithemimeral
ὅππως μνωόμενος ἔκιες Ἀζαντίδα κούρην	-- -uu- uu- --uu --	dactylic hexameter	masculine penthemimeral, hepthemimeral
Ἴσχυ᾽ ἅμ᾽ ἀντιθέῳ Ἐλατιονίδη εὐίππῳ;	-u u -uu- uu-uu- --	lyric	
ἢ ἅμα Θόρβαντι Τριοπέῳ γένος, ἢ ἅμ᾽ Ἐρευθεῖ;	- uu --- uu- uu - u u--	dactylic hexameter	masculine penthemimeral, hepthemimeral
ἢ ἅμα Λευκίππῳ καὶ Λευκίπποιο δάμαρτι	- uu --- - ---u u--	dactylic hexameter	masculine penthemimeral
πεζός, ὃ δ᾽ἵπποισιν: οὐ μὴν Τρίοπός γ᾽ἐνέλειπεν.	-u u --- - - uu- uu--	dactylic hexameter	masculine penthemimeral, hepthemimeral
ἢ ὡς τὸ πρῶτον χρηστήριον ἀνθρώποισι	- - - -- --uu ----	dactylic hexameter	masculine penthemimeral, trithemimeral
ζητεύων κατὰ γαῖαν ἔβης, ἑκατηβόλ᾽ Ἄπολλον;	--- uu -u u- uu-u u--	dactylic hexameter	feminine penthemimeral, hepthemimeral, trithemimeral
Πιερίην μὲν πρῶτον ἀπ᾽ Οὐλύμποιο κατῆλθες:	-uu- - -u u ---u u--	dactylic hexameter	feminine penthemimeral, trithemimeral
Λέκτον τ᾽ἠμαθοέντα παρέστιχες ἠδ᾽ Ἐνιῆνας	-- -uu-u u-uu - uu--	dactylic hexameter	feminine penthemimeral
καὶ διὰ Περραιβούς: τάχα δ᾽εἰς Ἰαωλκὸν ἵκανες,	- uu --- uu - uu-u u--	dactylic hexameter	masculine penthemimeral, hepthemimeral
Κηναίου τ᾽ἐπέβης ναυσικλειτῆς Εὐβοίης.	--- uu- ---- ---	dactylic hexameter	masculine penthemimeral, trithemimeral
στῆς δ᾽ἐπὶ Ληλάντῳ πεδίῳ: τό τοι οὐχ ἅδε θυμῷ	- uu --- uu- u u - uu --	dactylic hexameter	masculine penthemimeral, hepthemimeral
τεύξασθαι νηόν τε καὶ ἄλσεα δενδρήεντα.	--- -- u u -uu ----	dactylic hexameter	masculine penthemimeral, trithemimeral
ἔνθεν δ᾽Εὔριπον διαβάς, ἑκατηβόλ᾽ Ἄπολλον,	-- --- uu- uu-u u--	dactylic hexameter	masculine penthemimeral, hepthemimeral
βῆς ἄν᾽ ὄρος ζάθεον, χλωρόν: τάχα δ᾽ἷξες ἀπ᾽ αὐτοῦ	- u u- uu- -- uu -u u --	dactylic hexameter	masculine penthemimeral, hepthemimeral, trithemimeral
ἐς Μυκαλησσὸν ἰὼν καὶ Τευμησσὸν λεχεποίην.	- uu-u u- - --- uu--	dactylic hexameter	masculine penthemimeral
Θήβης δ᾽εἰσαφίκανες ἕδος καταειμένον ὕλῃ:	-- -uu-u u- uu-uu --	dactylic hexameter	feminine penthemimeral, hepthemimeral
οὐ γάρ πώ τις ἔναιε βροτῶν ἱερῇ ἐνὶ Θήβῃ,	- - - u u-u u- uu- uu --	dactylic hexameter	feminine penthemimeral, hepthemimeral, trithemimeral
οὐδ᾽ ἄρα πω τότε γ᾽ἦσαν ἀταρπιτοὶ οὐδὲ κέλευθοι	- uu - uu -u u-uu -u u--	dactylic hexameter	feminine penthemimeral, trithemimeral
Θήβης ἂμ πεδίον πυρηφόρον, ἀλλ᾽ ἔχεν ὕλη.	-- - uu- --uu - uu --	dactylic hexameter	masculine penthemimeral, trithemimeral
ἔνθεν δὲ προτέρω ἔκιες, ἑκατηβόλ᾽ Ἄπολλον,	-- - uu- uu- uu-u u--	dactylic hexameter	masculine penthemimeral, hepthemimeral, trithemimeral
Ὀγχηστὸν δ᾽ἷξες, Ποσιδήιον ἀγλαὸν ἄλσος:	--- -- uu-uu -uu --	dactylic hexameter	masculine penthemimeral, trithemimeral
ἔνθα νεοδμὴς πῶλος ἀναπνέει ἀχθόμενός περ	-u u-- -u u-uu -uu- -	dactylic hexameter	feminine penthemimeral
ἕλκων ἅρματα καλά: χαμαὶ δ᾽ἐλατὴρ ἀγαθός περ	-- -uu -u u- uu- uu- -	dactylic hexameter	feminine penthemimeral, hepthemimeral
ἐκ δίφροιο θορὼν ὁδὸν ἔρχεται: οἳ δὲ τέως μὲν	- --u u- uu -uu - u u- -	dactylic hexameter	masculine penthemimeral
κείν᾽ ὄχεα κροτέουσι ἀνακτορίην ἀφιέντες.	- uu- uu-u u-uu- uu--	dactylic hexameter	feminine penthemimeral, trithemimeral
εἰ δέ κεν ἅρματ᾽ ἀγῇσιν ἐν ἄλσεϊ δενδρήεντι,	- u u -u u-u u -uu ----	dactylic hexameter	feminine penthemimeral
ἵππους μὲν κομέουσι, τὰ δὲ κλίναντες ἐῶσιν:	-- - uu-u u - --u u--	dactylic hexameter	feminine penthemimeral, hepthemimeral, trithemimeral
ὣς γὰρ τὰ πρώτισθ᾽ ὁσίη γένεθ᾽: οἳ δὲ ἄνακτι	- - - -- uu- uu - u u--	dactylic hexameter	masculine penthemimeral, hepthemimeral, trithemimeral
εὔχονται, δίφρον δὲ θεοῦ τότε μοῖρα φυλάσσει.	--- -- u u- uu -u u--	dactylic hexameter	masculine penthemimeral, hepthemimeral, trithemimeral
ἔνθεν δὲ προτέρω ἔκιες, ἑκατηβόλ᾽ Ἄπολλον:	-- - uu- uu- uu-u u--	dactylic hexameter	masculine penthemimeral, hepthemimeral, trithemimeral
Κηφισσὸν δ᾽ἄρ᾽ ἔπειτα κιχήσαο καλλιρέεθρον,	--- u u-u u-uu -uu--	dactylic hexameter	feminine penthemimeral, trithemimeral
ὅς τε Λιλαίηθεν προχέει καλλίρροον ὕδωρ.	- u u--- uu- --uu --	dactylic hexameter	masculine penthemimeral, hepthemimeral
τὸν διαβάς, Ἑκάεργε, καὶ Ὠκαλέην πολύπυργον	- uu- uu-u u -uu- uu--	dactylic hexameter	feminine penthemimeral, trithemimeral
ἔνθεν ἄρ᾽ εἰς Ἁλίαρτον ἀφίκεο ποιήεντα.	-u u - uu-u u-uu ----	dactylic hexameter	feminine penthemimeral, trithemimeral
βῆς δ᾽ἐπὶ Τελφούσης: τόθι τοι ἅδε χῶρος ἀπήμων	- uu --- uu - uu -u u--	dactylic hexameter	masculine penthemimeral, hepthemimeral
τεύξασθαι νηόν τε καὶ ἄλσεα δενδρήεντα:	--- -- u u -uu ----	dactylic hexameter	masculine penthemimeral, trithemimeral
στῆς δὲ μάλ᾽ ἄγχ᾽ αὐτῆς καὶ μιν πρὸς μῦθον ἔειπες:	- u u - -- - - - -u u--	dactylic hexameter	masculine penthemimeral, hepthemimeral, trithemimeral
Τελφοῦσ᾽, ἐνθάδε δὴ φρονέω περικαλλέα νηὸν	-- -uu - uu- uu-uu --	dactylic hexameter	masculine penthemimeral, hepthemimeral
ἀνθρώπων τεῦξαι χρηστήριον, οἵτε μοι αἰεὶ	--- -- --uu -u u --	dactylic hexameter	masculine penthemimeral, trithemimeral
ἐνθάδ᾽ ἀγινήσουσι τεληέσσας ἑκατόμβας,	-u u---u u--- uu--	dactylic hexameter	feminine penthemimeral
ἠμὲν ὅσοι Πελοπόννησον πίειραν ἔχουσιν	-u u- uu--- --u u--	dactylic hexameter	hepthemimeral, trithemimeral
ἠδ᾽ ὅσοι Εὐρώπην τε καὶ ἀμφιρύτας κατὰ νήσους,	- uu --- u u -uu- uu --	dactylic hexameter	masculine penthemimeral
χρησόμενοι: τοῖσιν δέ κ᾽ἐγὼ νημερτέα βουλὴν	-uu- -- u u- --uu --	dactylic hexameter	masculine penthemimeral, hepthemimeral, trithemimeral
πᾶσι θεμιστεύοιμι χρέων ἐνὶ πίονι νηῷ.'	-u u---u u- uu -uu --	dactylic hexameter	feminine penthemimeral, hepthemimeral
ὣς εἰπὼν διέθηκε θεμείλια Φοῖβος Ἀπόλλων	- -- uu-u u-uu -u u--	dactylic hexameter	feminine penthemimeral, trithemimeral
εὐρέα καὶ μάλα μακρὰ διηνεκές: ἣ δὲ ἰδοῦσα	-uu - uu -u u-uu - u u--	dactylic hexameter	feminine penthemimeral, trithemimeral
Τελφοῦσα κραδίην ἐχολώσατο εἶπέ τε μῦθον: ‘	--- uu- uu-uu -u u -- -	lyric	
φοῖβε ἄναξ ἑκάεργε, ἔπος τί τοι ἐν φρεσὶ θήσω.	-u u- uu-u u- u u - uu --	dactylic hexameter	feminine penthemimeral, hepthemimeral, trithemimeral
ἐνθάδ᾽ ἐπεὶ φρονέεις τεῦξαι περικαλλέα νηὸν	-u u- uu- -- uu-uu --	dactylic hexameter	masculine penthemimeral, hepthemimeral, trithemimeral
ἔμμεναι ἀνθρώποις χρηστήριον, οἵτε τοι αἰεὶ	-uu --- --uu -u u --	dactylic hexameter	masculine penthemimeral
ἐνθάδ᾽ ἀγινήσουσι τεληέσσας ἑκατόμβας:	-u u---u u--- uu--	dactylic hexameter	feminine penthemimeral
ἀλλ᾽ ἔκ τοι ἐρέω, σὺ δ᾽ἐνὶ φρεσὶ βάλλεο σῇσι,	- - - uu- u u- uu -uu --	dactylic hexameter	masculine penthemimeral, hepthemimeral, trithemimeral
πημανέει σ᾽αἰεὶ κτύπος ἵππων ὠκειάων	-uu- -- uu -- ----	dactylic hexameter	masculine penthemimeral, trithemimeral
ἀρδόμενοί τ᾽οὐρῆες ἐμῶν ἱερῶν ἀπὸ πηγέων:	-uu- --u u- uu- uu --	dactylic hexameter	feminine penthemimeral, hepthemimeral, trithemimeral
ἔνθα τις ἀνθρώπων βουλήσεται εἰσοράασθαι	-u u --- --uu -uu--	dactylic hexameter	masculine penthemimeral
ἅρματά τ᾽εὐποίητα καὶ ὠκυπόδων κτύπον ἵππων	-uu ---u u -uu- uu --	dactylic hexameter	feminine penthemimeral
ἢ νηόν τε μέγαν καὶ κτήματα πόλλ᾽ ἐνεόντα.	- -- u u- - -uu - uu--	dactylic hexameter	masculine penthemimeral, trithemimeral
ἀλλ᾽ εἰ δή τι πίθοιο, σὺ δὲ κρείσσων καὶ ἀρείων	- - - u u-u u - -- u u--	dactylic hexameter	feminine penthemimeral, hepthemimeral, trithemimeral
ἐσσί, ἄναξ, ἐμέθεν, σεῦ δὲ σθένος ἐστὶ μέγιστον,	-u u- uu- - - uu -u u--	dactylic hexameter	masculine penthemimeral, hepthemimeral, trithemimeral
ἐν Κρίσῃ ποίησαι ὑπὸ πτυχὶ Παρνησοῖο.	- -- --u u- uu ----	dactylic hexameter	feminine penthemimeral, hepthemimeral, trithemimeral
ἔνθ᾽ οὔθ᾽ ἅρματα καλὰ δονήσεται οὔτε τοι ἵππων	- - -uu -u u-uu -u u --	dactylic hexameter	feminine penthemimeral
ὠκυπόδων κτύπος ἔσται ἐύδμητον περὶ βωμόν,	-uu- uu -u u--- uu --	dactylic hexameter	feminine penthemimeral, trithemimeral
ἀλλά τοι ὣς προσάγοιεν Ἰηπαιήονι δῶρα	-u u - uu-u u---uu --	dactylic hexameter	feminine penthemimeral, trithemimeral
ἀνθρώπων κλυτὰ φῦλα: σὺ δὲ φρένας ἀμφιγεγηθὼς	--- uu -u u - uu -uu--	dactylic hexameter	feminine penthemimeral, hepthemimeral, trithemimeral
δέξαι᾽ ἱερὰ καλὰ περικτιόνων ἀνθρώπων.’	-- -uu -u u-uu- ---	dactylic hexameter	feminine penthemimeral
ὣς εἰποῦσ᾽ Ἑκάτου πέπιθε φρένας, ὄφρα οἱ αὐτῇ	- -- uu- uu- uu -u u --	dactylic hexameter	masculine penthemimeral, hepthemimeral, trithemimeral
Τελφούσῃ κλέος εἴη ἐπὶ χθονί, μηδ᾽ Ἑκάτοιο.	--- uu -u u- uu - uu--	dactylic hexameter	feminine penthemimeral, hepthemimeral, trithemimeral
ἔνθεν δὲ προτέρω ἔκιες, ἑκατηβόλ᾽ Ἄπολλον:	-- - uu- uu- uu-u u--	dactylic hexameter	masculine penthemimeral, hepthemimeral, trithemimeral
ἷξες δ᾽ἐς Φλεγύων ἀνδρῶν πόλιν ὑβριστάων,	-- - uu- -- uu ----	dactylic hexameter	masculine penthemimeral, hepthemimeral, trithemimeral
οἳ Διὸς οὐκ ἀλέγοντες ἐπὶ χθονὶ ναιετάασκον	- uu - uu-u u- uu -uu--	dactylic hexameter	feminine penthemimeral, hepthemimeral, trithemimeral
ἐν καλῇ βήσσῃ Κηφισίδος ἐγγύθι λίμνης.	- -- -- --uu -uu --	dactylic hexameter	masculine penthemimeral, trithemimeral
ἔνθεν καρπαλίμως προσέβης πρὸς δειράδα θύων	-- -uu- uu- - -uu --	dactylic hexameter	masculine penthemimeral, hepthemimeral
ἵκεο δ᾽ἐς Κρίσην ὑπὸ Παρνησὸν νιφόεντα,	-uu - -- uu --- uu--	dactylic hexameter	masculine penthemimeral, trithemimeral
κνημὸν πρὸς Ζέφυρον τετραμμένον, αὐτὰρ ὕπερθεν	-- - uu- --uu -u u--	dactylic hexameter	masculine penthemimeral, trithemimeral
πέτρη ἐπικρέμαται, κοίλη δ᾽ὑποδέδρομε βῆσσα,	-u u-uu- -- uu-uu --	dactylic hexameter	masculine penthemimeral, hepthemimeral
τρηχεῖ᾽: ἔνθα ἄναξ τεκμήρατο Φοῖβος Ἀπόλλων	-- -u u- --uu -u u--	dactylic hexameter	masculine penthemimeral
νηὸν ποιήσασθαι ἐπήρατον εἶπέ τε μῦθον:	-- ---u u-uu -u u --	dactylic hexameter	feminine penthemimeral
ἐνθάδε δὴ φρονέω τεῦξαι περικαλλέα νηὸν	-uu - uu- -- uu-uu --	dactylic hexameter	masculine penthemimeral, hepthemimeral, trithemimeral
ἔμμεναι ἀνθρώποις χρηστήριον, οἵτε μοι αἰεὶ	-uu --- --uu -u u --	dactylic hexameter	masculine penthemimeral
ἐνθάδ᾽ ἀγινήσουσι τεληέσσας ἑκατόμβας,	-u u---u u--- uu--	dactylic hexameter	feminine penthemimeral
ἠμὲν ὅσοι Πελοπόννησον πίειραν ἔχουσιν,	-u u- uu--- --u u--	dactylic hexameter	hepthemimeral, trithemimeral
ἠδ᾽ ὅσοι Εὐρώπην τε καὶ ἀμφιρύτας κατὰ νήσους,	- uu --- u u -uu- uu --	dactylic hexameter	masculine penthemimeral
χρησόμενοι: τοῖσιν δ᾽ἄρ᾽ ἐγὼ νημερτέα βουλὴν	-uu- -- u u- --uu --	dactylic hexameter	masculine penthemimeral, hepthemimeral, trithemimeral
πᾶσι θεμιστεύοιμι χρέων ἐνὶ πίονι νηῷ.	-u u---u u- uu -uu --	dactylic hexameter	feminine penthemimeral, hepthemimeral
ὣς εἰπὼν διέθηκε θεμείλια Φοῖβος Ἀπόλλων	- -- uu-u u-uu -u u--	dactylic hexameter	feminine penthemimeral, trithemimeral
εὐρέα καὶ μάλα μακρὰ διηνεκές: αὐτὰρ ἐπ᾽ αὐτοῖς	-uu - uu -u u-uu -u u --	dactylic hexameter	feminine penthemimeral, trithemimeral
λάινον οὐδὸν ἔθηκε Τροφώνιος ἠδ᾽ Ἀγαμήδης,	-uu -u u-u u-uu - uu--	dactylic hexameter	feminine penthemimeral
υἱέες Ἐργίνου, φίλοι ἀθανάτοισι θεοῖσιν:	-uu --- uu -uu-u u--	dactylic hexameter	masculine penthemimeral
ἀμφὶ δὲ νηὸν ἔνασσαν ἀθέσφατα φῦλ᾽ ἀνθρώπων	-u u -u u-u u-uu - ---	dactylic hexameter	feminine penthemimeral
ξεστοῖσιν λάεσσιν, ἀοίδιμον ἔμμεναι αἰεί.	--- --u u-uu -uu --	dactylic hexameter	feminine penthemimeral, trithemimeral
ἀγχοῦ δὲ κρήνη καλλίρροος, ἔνθα δράκαιναν	-- - -- --uu -u u--	dactylic hexameter	masculine penthemimeral, trithemimeral
κτεῖνεν ἄναξ, Διὸς υἱός, ἀπὸ κρατεροῖο βιοῖο,	-u u- uu -u u- uu-u u--	dactylic hexameter	feminine penthemimeral, hepthemimeral, trithemimeral
ζατρεφέα, μεγάλην, τέρας ἄγριον, ἣ κακὰ πολλὰ	-uu- uu- uu -uu - uu --	dactylic hexameter	masculine penthemimeral, trithemimeral
ἀνθρώπους ἔρδεσκεν ἐπὶ χθονί, πολλὰ μὲν αὐτούς,	--- --u u- uu -u u --	dactylic hexameter	feminine penthemimeral, hepthemimeral, trithemimeral
πολλὰ δὲ μῆλα ταναύποδ᾽, ἐπεὶ πέλε πῆμα δαφοινόν.	-u u -u u-u u- uu -u u--	dactylic hexameter	feminine penthemimeral, hepthemimeral
καὶ ποτε δεξαμένη χρυσοθρόνου ἔτρεφεν Ἥρης	- uu -uu- --uu -uu --	dactylic hexameter	masculine penthemimeral
δεινόν τ᾽ἀργαλέον τε Τυφάονα, πῆμα βροτοῖσιν:	-- -uu- u u-uu -u u--	dactylic hexameter	masculine penthemimeral
ὅν ποτ᾽ ἄρ᾽ Ἥρη ἔτικτε χολωσαμένη Διὶ πατρί,	- u u -u u-u u-uu- uu --	dactylic hexameter	feminine penthemimeral
ἡνίκ᾽ ἄρα Κρονίδης ἐρικυδέα γείνατ᾽ Ἀθήνην	-u u- uu- uu-uu -u u--	dactylic hexameter	masculine penthemimeral, trithemimeral
ἐν κορυφῇ: ἣ δ᾽αἶψα χολώσατο πότνια Ἥρη	- uu- - -u u-uu -uu --	dactylic hexameter	feminine penthemimeral, trithemimeral
ἠδὲ καὶ ἀγρομένοισι μετ᾽ ἀθανάτοισιν ἔειπε:	-u u -uu-u u -uu-u u--	dactylic hexameter	feminine penthemimeral
κέκλυτέ μευ, πάντες τε θεοὶ πᾶσαί τε θέαιναι,	-uu - -- u u- -- u u--	dactylic hexameter	masculine penthemimeral, hepthemimeral, trithemimeral
ὡς ἔμ᾽ ἀτιμάζειν ἄρχει νεφεληγερέτα Ζεὺς	- u u--- -- uu-uu- -	dactylic hexameter	masculine penthemimeral, hepthemimeral
πρῶτος, ἐπεί μ᾽ἄλοχον ποιήσατο κέδν᾽ εἰδυῖαν:	-u u- uu- --uu - ---	dactylic hexameter	masculine penthemimeral, trithemimeral
καὶ νῦν νόσφιν ἐμεῖο τέκε γλαυκῶπιν Ἀθήνην,	- - -u u-u u- --u u--	dactylic hexameter	feminine penthemimeral, hepthemimeral
ἣ πᾶσιν μακάρεσσι μεταπρέπει ἀθανάτοισιν:	- -- uu-u u-uu -uu--	dactylic hexameter	feminine penthemimeral, trithemimeral
αὐτὰρ ὅ γ᾽ἠπεδανὸς γέγονεν μετὰ πᾶσι θεοῖσι	-u u -uu- uu- uu -u u--	dactylic hexameter	masculine penthemimeral, hepthemimeral
παῖς ἐμὸς Ἥφαιστος, ῥικνὸς πόδας, ὃν τέκον αὐτή:	- uu --- -- uu - uu --	dactylic hexameter	masculine penthemimeral, hepthemimeral
[αἶσχος ἐμοὶ καὶ ὄνειδος ἐν οὐρανῷ ὅντε καὶ αὐτή	-u u- u u-u u -uu -u u --	dactylic hexameter	feminine penthemimeral, trithemimeral
ῥῖψ᾽ ἀνὰ χερσὶν ἑλοῦσα καὶ ἔμβαλον εὐρέι πόντῳ:	- uu -u u-u u -uu -uu --	dactylic hexameter	feminine penthemimeral
ἀλλά ἑ Νηρῆος θυγάτηρ Θέτις ἀργυρόπεζα	-u u --- uu- uu -uu--	dactylic hexameter	masculine penthemimeral, hepthemimeral
δέξατο καὶ μετὰ ᾗσι κασιγνήτῃσι κόμισσεν.	-uu - uu -u u---u u--	dactylic hexameter	feminine penthemimeral, trithemimeral
ὡς ὄφελ᾽ ἄλλο θεοῖσι χαρίζεσθαι μακάρεσσι.	- uu -u u-u u--- uu--	dactylic hexameter	feminine penthemimeral
σχέτλιε, ποικιλομῆτα, τί νῦν μητίσεαι ἄλλο;	-uu -uu-u u - --uu --	dactylic hexameter	feminine penthemimeral, hepthemimeral
πῶς ἔτλης οἶος τεκέειν γλαυκῶπιν Ἀθήνην;	- -- -- uu- --u u--	dactylic hexameter	masculine penthemimeral, hepthemimeral, trithemimeral
οὐκ ἂν ἐγὼ τεκόμην; καὶ σὴ κεκλημένη ἔμπης	- u u- uu- - - --uu --	dactylic hexameter	masculine penthemimeral, hepthemimeral, trithemimeral
ἦα ῥ᾽ἐν ἀθανάτοισιν, οἳ οὐρανὸν εὐρὺν ἔχουσι.	-u u -uu-u u -uu -u u--	dactylic hexameter	feminine penthemimeral
φράζεο νῦν μή τοί τι κακὸν μητίσομ᾽ ὀπίσσω.	-uu - - - u u- --u u--	dactylic hexameter	masculine penthemimeral, hepthemimeral, trithemimeral
καὶ νῦν μέντοι ἐγὼ τεχνήσομαι, ὥς κε γένηται	- - -u u- --uu - u u--	dactylic hexameter	masculine penthemimeral
παῖς ἐμός, ὅς κε θεοῖσι μεταπρέποι ἀθανάτοισιν,	- uu - u u-u u-uu -uu--	dactylic hexameter	feminine penthemimeral, trithemimeral
οὔτε σὸν αἰσχύνασ᾽ ἱερὸν λέχος οὔτ᾽ ἐμὸν αὐτῆς.	-u u -uu --- uu - uu --	dactylic hexameter	hepthemimeral
οὐδέ τοι εἰς εὐνὴν πωλήσομαι, ἀλλ᾽ ἀπὸ σεῖο	-u u - -- --uu - uu --	dactylic hexameter	masculine penthemimeral, trithemimeral
τηλόθ᾽ ἐοῦσα θεοῖσι μετέσσομαι ἀθανάτοισιν.	-u u-u u-u u-uu -uu--	dactylic hexameter	feminine penthemimeral
ὣς εἰποῦσ᾽ ἀπὸ νόσφι θεῶν κίε χωομένη κῆρ.	- -- uu -u u- uu -uu- -	dactylic hexameter	feminine penthemimeral, hepthemimeral, trithemimeral
αὐτίκ᾽ ἔπειτ᾽ ἠρᾶτο βοῶπις πότνια Ἥρη,	-u u- --u u-- -uu --	dactylic hexameter	feminine penthemimeral, trithemimeral
χειρὶ καταπρηνεῖ δ᾽ἔλασε χθόνα καὶ φάτο μῦθον:	-u u--- uu- uu - uu --	dactylic hexameter	masculine penthemimeral, hepthemimeral
κέκλυτε νῦν μευ, Γαῖα καὶ Οὐρανὸς εὐρὺς ὕπερθεν	-uu - - -u u -uu -u u--	dactylic hexameter	feminine penthemimeral, trithemimeral
Τιτῆνές τε θεοί, τοὶ ὑπὸ χθονὶ ναιετάοντες	--- u u- u u- uu -uu--	dactylic hexameter	masculine penthemimeral, hepthemimeral, trithemimeral
Τάρταρον ἀμφὶ μέγαν, τῶν ἒξ ἄνδρες τε θεοί τε:	-uu -u u- - - -- u u- -	dactylic hexameter	masculine penthemimeral, hepthemimeral
αὐτοὶ νῦν μευ πάντες ἀκούσατε καὶ δότε παῖδα	-- - - -u u-uu - uu --	dactylic hexameter	feminine penthemimeral, trithemimeral
νόσφι Διός, μηδέν τι βίην ἐπιδευέα κείνου:	-u u- -- u u- uu-uu --	dactylic hexameter	masculine penthemimeral, hepthemimeral, trithemimeral
ἀλλ᾽ ὅ γε φέρτερος ἔστω, ὅσον Κρόνου εὐρύοπα Ζεύς.	- u u -uu -u u- uu -uu- -	dactylic hexameter	feminine penthemimeral, hepthemimeral
ὣς ἄρα φωνήσασ᾽ ἵμασε χθόνα χειρὶ παχείῃ:	- uu --- uu- uu -u u--	dactylic hexameter	masculine penthemimeral, hepthemimeral
κινήθη δ᾽ἄρα Γαῖα φερέσβιος: ἣ δὲ ἰδοῦσα	--- uu -u u-uu - u u--	dactylic hexameter	feminine penthemimeral, trithemimeral
τέρπετο ὃν κατὰ θυμόν: ὀίετο γὰρ τελέεσθαι.	-uu - uu -u u-uu - uu--	dactylic hexameter	feminine penthemimeral, trithemimeral
ἐκ τούτου δὴ ἔπειτα τελεσφόρον εἰς ἐνιαυτὸν	- -- u u-u u-uu - uu--	dactylic hexameter	feminine penthemimeral, trithemimeral
οὔτε πότ᾽ εἰς εὐνὴν Διὸς ἤλυθε μητιόεντος,	-u u - -- uu -uu -uu--	dactylic hexameter	masculine penthemimeral, trithemimeral
οὔτε πότ᾽ ἐς θῶκον πολυδαίδαλον, ὡς τὸ πάρος περ	-u u - -- uu-uu - u u- -	dactylic hexameter	masculine penthemimeral, trithemimeral
αὐτῷ ἐφεζομένη πυκινὰς φραζέσκετο βουλάς:	-u u-uu- uu- --uu --	dactylic hexameter	masculine penthemimeral, hepthemimeral
ἀλλ᾽ ἥ γ᾽ἐν νηοῖσι πολυλλίστοισι μένουσα	- - - --u u---u u--	dactylic hexameter	feminine penthemimeral, trithemimeral
τέρπετο οἷς ἱεροῖσι βοῶπις πότνια Ἥρη.	-uu - uu-u u-- -uu --	dactylic hexameter	feminine penthemimeral, trithemimeral
ἀλλ᾽ ὅτε δὴ μῆνές τε καὶ ἡμέραι ἐξετελεῦντο	- uu - -- u u -uu -uu--	dactylic hexameter	masculine penthemimeral, trithemimeral
ἂψ περιτελλομένου ἔτεος καὶ ἐπήλυθον ὧραι,	- uu-uu- uu- u u-uu --	dactylic hexameter	masculine penthemimeral, hepthemimeral
ἣ δ᾽ἔτεκ᾽ οὔτε θεοῖς ἐναλίγκιον οὔτε βροτοῖσι,	- uu -u u- uu-uu -u u--	dactylic hexameter	masculine penthemimeral
δεινόν τ᾽ἀργαλέον τε Τυφάονα, πῆμα βροτοῖσιν.	-- -uu- u u-uu -u u--	dactylic hexameter	masculine penthemimeral
αὐτίκα τόνδε λαβοῦσα βοῶπις πότνια Ἥρη	-uu -u u-u u-- -uu --	dactylic hexameter	feminine penthemimeral
δῶκεν ἔπειτα φέρουσα κακῷ κακόν: ἣ δ᾽ὑπέδεκτο.	-u u-u u-u u- uu - uu--	dactylic hexameter	feminine penthemimeral, hepthemimeral
ὃς κακὰ πόλλ᾽ ἔρδεσκεν ἀγακλυτὰ φῦλ᾽ ἀνθρώπων:	- uu - --u u-uu - ---	dactylic hexameter	feminine penthemimeral, trithemimeral
ὃς τῇ γ᾽ἀντιάσειε, φέρεσκέ μιν αἴσιμον ἦμαρ,	- - -uu-u u-u u -uu --	dactylic hexameter	feminine penthemimeral
πρίν γέ οἱ ἰὸν ἐφῆκε ἄναξ ἑκάεργος Ἀπόλλων	- u u -u u-u u- uu-u u--	dactylic hexameter	feminine penthemimeral, hepthemimeral
καρτερόν: ἣ δ᾽ὀδύνῃσιν ἐρεχθομένη χαλεπῇσι	-uu - uu-u u-uu- uu--	dactylic hexameter	feminine penthemimeral, trithemimeral
κεῖτο μέγ᾽ ἀσθμαίνουσα κυλινδομένη κατὰ χῶρον.	-u u ---u u-uu- uu --	dactylic hexameter	feminine penthemimeral
θεσπεσίη δ᾽ἐνοπὴ γένετ᾽ ἄσπετος: ἣ δὲ καθ᾽ ὕλην	-uu- uu- uu -uu - u u --	dactylic hexameter	masculine penthemimeral, trithemimeral
πυκνὰ μάλ᾽ ἔνθα καὶ ἔνθα ἑλίσσετο, λεῖπε δὲ θυμὸν	-u u -u u -u u-uu -u u --	dactylic hexameter	feminine penthemimeral
φοινὸν ἀποπνείουσ᾽: ὃ δ᾽ἐπηύξατο Φοῖβος Ἀπόλλων:	-u u--- u u-uu -u u--	dactylic hexameter	masculine penthemimeral
ἐνταυθοῖ νῦν πύθευ ἐπὶ χθονὶ βωτιανείρῃ:	--- - -u u- uu -uu--	dactylic hexameter	feminine penthemimeral, hepthemimeral, trithemimeral
οὐδὲ σύ γε ζώουσα κακὸν δήλημα βροτοῖσιν	-u u - --u u- --u u--	dactylic hexameter	feminine penthemimeral, hepthemimeral, trithemimeral
ἔσσεαι, οἳ γαίης πολυφόρβου καρπὸν ἔδοντες	-uu - -- uu-- -u u--	dactylic hexameter	masculine penthemimeral, trithemimeral
ἐνθάδ᾽ ἀγινήσουσι τεληέσσας ἑκατόμβας:	-u u---u u--- uu--	dactylic hexameter	feminine penthemimeral
οὐδέ τί τοι θάνατόν γε δυσηλεγέ᾽ οὔτε Τυφωεὺς	-u u - uu- u u-uu -u u--	dactylic hexameter	masculine penthemimeral, trithemimeral
ἀρκέσει οὔτε Χίμαιρα δυσώνυμος, ἀλλά σέ γ᾽αὐτοῦ	-uu -u u-u u-uu -u u --	dactylic hexameter	feminine penthemimeral
πύσει Γαῖα μέλαινα καὶ ἠλέκτωρ Ὑπερίων.	-- -u u-u u --- uu--	dactylic hexameter	feminine penthemimeral
ὣς φάτ᾽ ἐπευχόμενος: τὴν δὲ σκότος ὄσσε κάλυψε.	- u u-uu- - - uu -u u--	dactylic hexameter	masculine penthemimeral, hepthemimeral
τὴν δ᾽αὐτοῦ κατέπυσ᾽ ἱερὸν μένος Ἠελίοιο,	- -- uu- uu- uu -uu--	dactylic hexameter	masculine penthemimeral, hepthemimeral, trithemimeral
ἐξ οὗ νῦν Πυθὼ κικλήσκεται: οἳ δὲ ἄνακτα	- - - -- --uu - u u--	dactylic hexameter	masculine penthemimeral, trithemimeral
Πύθιον ἀγκαλέουσιν ἐπώνυμον, οὕνεκα κεῖθι	-uu -uu-u u-uu -uu --	dactylic hexameter	feminine penthemimeral
αὐτοῦ πῦσε πέλωρ μένος ὀξέος Ἠελίοιο.	-- -u u- uu -uu -uu--	dactylic hexameter	masculine penthemimeral
καὶ τότ᾽ ἄρ᾽ ἔγνω ᾗσιν ἐνὶ φρεσὶ Φοῖβος Ἀπόλλων,	- u u -- -u u- uu -u u--	dactylic hexameter	feminine penthemimeral, hepthemimeral
οὕνεκά μιν κρήνη καλλίρροος ἐξαπάφησε:	-uu - -- --uu -uu--	dactylic hexameter	masculine penthemimeral, trithemimeral
βῆ δ᾽ἐπὶ Τελφούσῃ κεχολωμένος, αἶψα δ᾽ἵκανε:	- uu --- uu-uu -u u--	dactylic hexameter	masculine penthemimeral
στῆ δὲ μάλ᾽ ἄγχ᾽ αὐτῆς καί μιν πρὸς μῦθον ἔειπε:	- u u - -- - - - -u u--	dactylic hexameter	masculine penthemimeral, hepthemimeral, trithemimeral
Τελφοῦσ᾽, οὐκ ἄρ᾽ ἔμελλες ἐμὸν νόον ἐξαπαφοῦσα	-- - u u-u u- uu -uu--	dactylic hexameter	feminine penthemimeral, hepthemimeral, trithemimeral
χῶρον ἔχουσ᾽ ἐρατὸν προρέειν καλλίρροον ὕδωρ.	-u u- uu- uu- --uu --	dactylic hexameter	masculine penthemimeral, hepthemimeral, trithemimeral
ἐνθάδε δὴ καὶ ἐμὸν κλέος ἔσσεται, οὐδὲ σὸν οἴης.	-uu - u u- uu -uu -u u --	dactylic hexameter	masculine penthemimeral, trithemimeral
ἦ καὶ ἐπὶ ῥίον ὦσε ἄναξ ἑκάεργος Ἀπόλλων	- u u- uu -u u- uu-u u--	dactylic hexameter	feminine penthemimeral, hepthemimeral, trithemimeral
πετραίῃς προχυτῇσιν, ἀπέκρυψεν δὲ ῥέεθρα	--- uu-u u--- u u--	dactylic hexameter	feminine penthemimeral, trithemimeral
καὶ βωμὸν ποιήσατ᾽ ἐν ἄλσεϊ δενδρήεντι,	- -- --u u -uu ----	dactylic hexameter	feminine penthemimeral, trithemimeral
ἄγχι μάλα κρήνης καλλιρρόου: ἔνθαδ᾽ ἄνακτι	-u u- -- --uu -u u--	dactylic hexameter	masculine penthemimeral, trithemimeral
πάντες ἐπίκλησιν Τελφουσίῳ εὐχετόωνται,	-u u--- --uu -uu--	dactylic hexameter	masculine penthemimeral
οὕνεκα Τελφούσης ἱερῆς ᾔσχυνε ῥέεθρα.	-uu --- uu- --u u--	dactylic hexameter	masculine penthemimeral, hepthemimeral
καὶ τότε δὴ κατὰ θυμὸν ἐφράζετο Φοῖβος Απόλλων,	- uu - uu -u u-uu -u u--	dactylic hexameter	feminine penthemimeral, trithemimeral
οὕστινας ἀνθρώπους ὀργείονας εἰσαγάγοιτο,	-uu --- --uu -uu--	dactylic hexameter	masculine penthemimeral
οἳ θεραπεύσονται Πυθοῖ ἔνι πετρηέσσῃ:	- uu--- uu -- ----	dactylic hexameter	masculine penthemimeral
ταῦτ᾽ ἄρα ὁρμαίνων ἐνόησ᾽ ἐπὶ οἴνοπι πόντῳ	- uu --- uu- uu -uu --	dactylic hexameter	masculine penthemimeral, hepthemimeral
νῆα θοήν: ἐν δ᾽ἄνδρες ἔσαν πολέες τε καὶ ἐσθλοί,	-u u- - -u u- uu- u u --	dactylic hexameter	feminine penthemimeral, hepthemimeral, trithemimeral
Κρῆτες ἀπὸ Κνωσοῦ Μινωίου, οἵ ῥα ἄνακτι	-u u- -- --uu - u u--	dactylic hexameter	masculine penthemimeral, trithemimeral
ἱερά τε ῥέζουσι καὶ ἀγγέλλουσι θέμιστας	-uu - --u u ---u u--	dactylic hexameter	feminine penthemimeral, trithemimeral
φοίβου Ἀπόλλωνος χρυσαόρου, ὅττι κεν εἴπῃ	-u u--- --uu -u u --	dactylic hexameter	masculine penthemimeral
χρείων ἐκ δάφνης γυάλων ὕπο Παρνησοῖο.	-- - -- uu- uu ----	dactylic hexameter	masculine penthemimeral, hepthemimeral, trithemimeral
οἳ μὲν ἐπὶ πρῆξιν καὶ χρήματα νηὶ μελαίνῃ	- u u- -- - -uu -u u--	dactylic hexameter	masculine penthemimeral, trithemimeral
ἐς Πύλον ἠμαθόεντα Πυλοιγενέας τ᾽ἀνθρώπους	- uu -uu-u u-uu- ---	dactylic hexameter	feminine penthemimeral
ἔπλεον: αὐτὰρ ὃ τοῖσι συνήντετο Φοῖβος Ἀπόλλων:	-uu -u u -u u-uu -u u--	dactylic hexameter	feminine penthemimeral
ἐν πόντῳ δ᾽ἐπόρουσε δέμας δελφῖνι ἐοικὼς	- -- uu-u u- --u u--	dactylic hexameter	feminine penthemimeral, hepthemimeral, trithemimeral
νηὶ θοῇ καὶ κεῖτο πέλωρ μέγα τε δεινόν τε:	-u u- - -u u- uu - -- -	dactylic hexameter	feminine penthemimeral, hepthemimeral, trithemimeral
τῶν δ᾽οὔτις κατὰ θυμὸν ἐπεφράσαθ᾽ ὥστε νοῆσαι	- -- uu -u u-uu -u u--	dactylic hexameter	feminine penthemimeral, trithemimeral
[ἐκβάλλειν δ᾽ἔθελον δελφῖν᾽: ὁ δὲ νῆα μέλαιναν	--- uu- -- u u -u u--	dactylic hexameter	masculine penthemimeral, hepthemimeral, trithemimeral
πάντοσ᾽ ἀνασσείσασκε, τίνασσε δὲ νήια δοῦρα.	-u u---u u-u u -uu --	dactylic hexameter	feminine penthemimeral
οἳ δ᾽ἀκέων ἐνὶ νηὶ καθήατο δειμαίνοντες:	- uu- uu -u u-uu ----	dactylic hexameter	feminine penthemimeral, trithemimeral
οὐδ᾽ οἵ γ᾽ὅπλ᾽ ἔλυον κοίλην ἀνὰ νῆα μέλαιναν,	- - - uu- -- uu -u u--	dactylic hexameter	masculine penthemimeral, hepthemimeral, trithemimeral
οὐδ᾽ ἔλυον λαῖφος νηὸς κυανοπρώροιο,	- uu- -- -- uu----	dactylic hexameter	masculine penthemimeral, hepthemimeral, trithemimeral
ἀλλ᾽ ὡς τὰ πρώτιστα κατεστήσαντο βοεῦσιν,	- - - --u u---u u--	dactylic hexameter	feminine penthemimeral, trithemimeral
ὣς ἔπλεον: κραιπνὸς δὲ Νότος κατόπισθεν ἔπειγε	- uu- -- u u- uu-u u--	dactylic hexameter	masculine penthemimeral, hepthemimeral, trithemimeral
νῆα θοήν: πρῶτον δὲ παρημείβοντο Μάλειαν,	-u u- -- u u---u u--	dactylic hexameter	masculine penthemimeral, trithemimeral
πὰρ δὲ Λακωνίδα γαῖαν ἁλιστέφανον πτολίεθρον	- u u-uu -u u-uu- uu--	dactylic hexameter	feminine penthemimeral
ἷξον καὶ χῶρον τερψιμβρότου Ἠελίοιο,	-- - -- --uu -uu--	dactylic hexameter	masculine penthemimeral, trithemimeral
Ταίναρον, ἔνθα τε μῆλα βαθύτριχα βόσκεται αἰεὶ	-uu -u u -u u-uu -uu --	dactylic hexameter	feminine penthemimeral
Ἠελίοιο ἄνακτος, ἔχει δ᾽ἐπιτερπέα χῶρον.	-uu-u u-u u- uu-uu --	dactylic hexameter	feminine penthemimeral, hepthemimeral
οἳ μὲν ἄρ᾽ ἔνθ᾽ ἔθελον νῆα σχεῖν ἠδ᾽ ἀποβάντες	- u u - uu- -- - - uu--	dactylic hexameter	masculine penthemimeral, hepthemimeral, trithemimeral
φράσσασθαι μέγα θαῦμα καὶ ὀφθαλμοῖσιν ἰδέσθαι,	--- uu -u u ---u u--	dactylic hexameter	feminine penthemimeral, trithemimeral
εἰ μενέει νηὸς γλαφυρῆς δαπέδοισι πέλωρον	- uu- -- uu- uu-u u--	dactylic hexameter	masculine penthemimeral, hepthemimeral, trithemimeral
ἢ εἰς οἶδμ᾽ ἅλιον πολυΐχθυον αὖτις ὀρούσει.	- - - uu- uu-uu -u u--	dactylic hexameter	masculine penthemimeral, trithemimeral
ἀλλ᾽ οὐ πηδαλίοισιν ἐπείθετο νηῦς εὐεργής,	- - -uu-u u-uu - ---	dactylic hexameter	feminine penthemimeral
ἀλλὰ παρὲκ Πελοπόννησον πίειραν ἔχουσα	-u u- uu--- --u u--	dactylic hexameter	hepthemimeral, trithemimeral
ἤι᾽ ὁδόν: πνοιῇ δὲ ἄναξ ἑκάεργος Ἀπόλλων	-u u- -- u u- uu-u u--	dactylic hexameter	masculine penthemimeral, hepthemimeral, trithemimeral
ῥηιδίως ἴθυν᾽: ἣ δὲ πρήσσουσα κέλευθον	-uu- uu - - --- ---	dactylic hexameter	masculine penthemimeral, trithemimeral
Ἀρήνην ἵκανε καὶ Ἀργυφέην ἐρατεινὴν	--- uu- - -uu- uu--	dactylic hexameter	masculine penthemimeral, trithemimeral
καὶ Θρύον, Ἀλφειοῖο πόρον, καὶ ἐύκτιτον Αἶπυ	- uu ---u u- u u-uu --	dactylic hexameter	feminine penthemimeral, hepthemimeral
καὶ Πύλον ἠμαθόεντα Πυλοιγενέας τ᾽ἀνθρώπους.	- uu -uu-u u-uu- ---	dactylic hexameter	feminine penthemimeral
βῆ δὲ παρὰ Κρουνοὺς καὶ Χαλκίδα καὶ παρὰ Δύμην	- u u- -- - -uu - uu --	dactylic hexameter	masculine penthemimeral, trithemimeral
ἠδὲ παρ᾽ Ἤλιδα δῖαν, ὅθι κρατέουσιν Ἐπειοί.	-u u -uu -u u- uu-u u--	dactylic hexameter	feminine penthemimeral, hepthemimeral
εὖτε Φερὰς ἐπέβαλλεν, ἀγαλλομένη Διὸς οὔρῳ,	-u u- uu-u u-uu- uu --	dactylic hexameter	feminine penthemimeral, trithemimeral
καί σφιν ὑπὲκ νεφέων Ἰθάκης τ᾽ὄρος αἰπὺ πέφαντο	- u u- uu- uu- uu -u u--	dactylic hexameter	masculine penthemimeral, hepthemimeral, trithemimeral
Δουλίχιόν τε Σάμη τε καὶ ὑλήεσσα Ζάκυνθος.	-uu- u u- u u ---u u--	dactylic hexameter	masculine penthemimeral, trithemimeral
ἀλλ᾽ ὅτε δὴ Πελοπόννησον παρενίσατο πᾶσαν	- uu - uu--- uu-uu --	dactylic hexameter	hepthemimeral, trithemimeral
καὶ δὴ ἐπὶ Κρίσης κατεφαίνετο κόλπος ἀπείρων,	- u u- -- uu-uu -u u--	dactylic hexameter	masculine penthemimeral, trithemimeral
ὅστε διὲκ Πελοπόννησον πίειραν ἐέργει:	-u u- uu--- --u u--	dactylic hexameter	hepthemimeral, trithemimeral
ἦλθ᾽ ἄνεμος Ζέφυρος μέγας, αἴθριος, ἐκ Διὸς αἴσης,	- uu- uu- uu -uu - uu --	dactylic hexameter	masculine penthemimeral, trithemimeral
λάβρος ἐπαιγίζων ἐξ αἰθέρος, ὄφρα τάχιστα	-u u--- - -uu -u u--	dactylic hexameter	masculine penthemimeral
νηῦς ἀνύσειε θέουσα θαλάσσης ἁλμυρὸν ὕδωρ.	- uu-u u-u u-- -uu --	dactylic hexameter	feminine penthemimeral
ἄψορροι δὴ ἔπειτα πρὸς ἠῶ τ᾽ἠέλιόν τε	--- u u-- - -- ---- -	lyric	
ἔπλεον: ἡγεμόνευε δ᾽ἄναξ Διὸς υἱὸς Ἀπόλλων:	-uu -uu-u u- uu -u u--	dactylic hexameter	feminine penthemimeral, hepthemimeral
ἷξον δ᾽ἐς Κρίσην εὐδείελον, ἀμπελόεσσαν,	-- - -- --uu -uu--	dactylic hexameter	masculine penthemimeral, trithemimeral
ἐς λιμέν᾽: ἣ δ᾽ἀμάθοισιν ἐχρίμψατο ποντοπόρος νηῦς.	- uu - uu-u u-uu -uu- -	dactylic hexameter	feminine penthemimeral, trithemimeral
ἔνθ᾽ ἐκ νηὸς ὄρουσε ἄναξ ἑκάεργος Ἀπόλλων,	- - -u u-u u- uu-u u--	dactylic hexameter	feminine penthemimeral, hepthemimeral
ἀστέρι εἰδόμενος μέσῳ ἤματι: τοῦ δ᾽ἀπὸ πολλαὶ	-uu -uu- uu -uu - uu --	dactylic hexameter	masculine penthemimeral
σπινθαρίδες πωτῶντο, σέλας δ᾽εἰς οὐρανὸν ἷκεν:	-uu- --u u- - -uu --	dactylic hexameter	feminine penthemimeral, hepthemimeral, trithemimeral
ἐς δ᾽ἄδυτον κατέδυσε διὰ τριπόδων ἐριτίμων.	- uu- uu-u u- uu- uu--	dactylic hexameter	feminine penthemimeral, hepthemimeral, trithemimeral
ἔνθ᾽ ἄρ᾽ ὅ γε φλόγα δαῖε πιφαυσκόμενος τὰ ἃ κῆλα:	- u u - uu -u u-uu- u u --	dactylic hexameter	feminine penthemimeral, trithemimeral
πᾶσαν δὲ Κρίσην κάτεχεν σέλας: αἳ δ᾽ὀλόλυξαν	-- - -- uu- uu - uu--	dactylic hexameter	masculine penthemimeral, hepthemimeral, trithemimeral
Κρισαίων ἄλοχοι καλλίζωνοί τε θύγατρες	--- uu- ---- u u--	dactylic hexameter	masculine penthemimeral, trithemimeral
Φοίβου ὑπὸ ῥιπῆς: μέγα γὰρ δέος ἔμβαλ᾽ ἑκάστῳ.	-u u- -- uu - uu -u u--	dactylic hexameter	masculine penthemimeral, hepthemimeral, trithemimeral
ἔνθεν δ᾽αὖτ᾽ ἐπὶ νῆα νόημ᾽ ὣς ἆλτο πέτεσθαι,	-- - uu -u u- - -u u--	dactylic hexameter	feminine penthemimeral, hepthemimeral, trithemimeral
ἀνέρι εἰδόμενος αἰζηῷ τε κρατερῷ τε,	-uu -uu- --- - uu- -	dactylic hexameter	masculine penthemimeral
πρωθήβῃ, χαίτῃς εἰλυμένος εὐρέας ὤμους:	--- -- --uu -uu --	dactylic hexameter	masculine penthemimeral, trithemimeral
καί σφεας φωνήσας ἔπεα πτερόεντα προσηύδα:	- - --- uu- uu-u u--	dactylic hexameter	masculine penthemimeral, hepthemimeral
ὦ ξεῖνοι, τίνες ἐστέ; πόθεν πλεῖθ᾽ ὑγρὰ κέλευθα;	- -- uu -u u- - -u u--	dactylic hexameter	feminine penthemimeral, hepthemimeral, trithemimeral
ἤ τι κατὰ πρῆξιν ἢ μαψιδίως ἀλάλησθε	- u u- -- - -uu- uu--	dactylic hexameter	masculine penthemimeral, trithemimeral
οἷά τε ληιστῆρες ὑπεὶρ ἅλα, τοί τ᾽ἀλόωνται	-u u ---u u- uu - uu--	dactylic hexameter	feminine penthemimeral, hepthemimeral
ψυχὰς παρθέμενοι, κακὸν ἀλλοδαποῖσι φέροντες;	-- -uu- uu -uu-u u--	dactylic hexameter	masculine penthemimeral
τίφθ᾽ οὕτως ἧσθον τετιηότες, οὐδ᾽ ἐπὶ γαῖαν	- -- -- uu-uu - uu --	dactylic hexameter	masculine penthemimeral, trithemimeral
ἐκβῆτ᾽, οὐδὲ καθ᾽ ὅπλα μελαίνης νηὸς ἔθεσθε;	-- -u u -u u-- -u u--	dactylic hexameter	feminine penthemimeral
αὕτη μέν γε δίκη πέλει ἀνδρῶν ἀλφηστάων,	-- - u u- uu -- ----	dactylic hexameter	masculine penthemimeral, trithemimeral
ὁππότ᾽ ἂν ἐκ πόντοιο ποτὶ χθονὶ νηὶ μελαίνῃ	-u u - --u u- uu -u u--	dactylic hexameter	feminine penthemimeral, hepthemimeral, trithemimeral
ἔλθωσιν καμάτῳ ἀδηκότες, αὐτίκα δέ σφεας	--- uu- --uu -uu - --	lyric	
σίτοιο γλυκεροῖο περὶ φρένας ἵμερος αἱρεῖ.	--- uu-u u- uu -uu --	dactylic hexameter	feminine penthemimeral, hepthemimeral, trithemimeral
ὣς φάτο καί σφιν θάρσος ἐνὶ στήθεσσιν ἔθηκε.	- uu - - -u u- --u u--	dactylic hexameter	feminine penthemimeral, hepthemimeral, trithemimeral
τὸν καὶ ἀμειβόμενος Κρητῶν ἀγὸς ἀντίον ηὔδα:	- u u-uu- -- uu -uu --	dactylic hexameter	masculine penthemimeral, hepthemimeral
ξεῖν᾽, ἐπεὶ οὐ μὲν γάρ τι καταθνητοῖσι ἔοικας,	- uu - - - u u---u u--	dactylic hexameter	masculine penthemimeral, trithemimeral
οὐ δέμας οὐδὲ φυήν, ἀλλ᾽ ἀθανάτοισι θεοῖσιν,	- uu -u u- - -uu-u u--	dactylic hexameter	masculine penthemimeral
οὖλέ τε καὶ μέγα χαῖρε, θεοὶ δέ τοι ὄλβια δοῖεν.	-u u - uu -u u- u u -uu --	dactylic hexameter	feminine penthemimeral, hepthemimeral, trithemimeral
καί μοι τοῦτ᾽ ἀγόρευσον ἐτήτυμον, ὄφρ᾽ εὖ εἰδῶ:	- - - uu-u u-uu - - --	dactylic hexameter	feminine penthemimeral, trithemimeral
τίς δῆμος; τίς γαῖα; τίνες βροτοὶ ἐγγεγάασιν;	- -- - -u u- uu -uu--	dactylic hexameter	feminine penthemimeral, hepthemimeral, trithemimeral
ἄλλῃ γὰρ φρονέοντες ἐπεπλέομεν μέγα λαῖτμα	-- - uu-u u-uu- uu --	dactylic hexameter	feminine penthemimeral, trithemimeral
ἐς Πύλον ἐκ Κρήτης, ἔνθεν γένος εὐχόμεθ᾽ εἶναι:	- uu - -- -- uu -uu --	dactylic hexameter	masculine penthemimeral, hepthemimeral, trithemimeral
νῦν δ᾽ὧδε ξὺν νηὶ κατήλθομεν οὔ τι ἑκόντες,	- -- - -u u-uu - u u--	dactylic hexameter	feminine penthemimeral, trithemimeral
νόστου ἱέμενοι, ἄλλην ὁδόν, ἄλλα κέλευθα:	-u u-uu -- -- -u u--	dactylic hexameter	
ἀλλά τις ἀθανάτων δεῦρ᾽ ἤγαγεν οὐκ ἐθέλοντας.	-u u -uu- - -uu - uu--	dactylic hexameter	masculine penthemimeral
τοὺς δ᾽ἀπαμειβόμενος προσέφη ἑκάεργος Ἀπόλλων:	- uu-uu- uu- uu-u u--	dactylic hexameter	masculine penthemimeral, hepthemimeral
'ξεῖνοι, τοὶ Κνωσὸν πολυδένδρεον ἀμφενεμεσθε	-- - -- uu-uu -uu--	dactylic hexameter	masculine penthemimeral, trithemimeral
τὸ πρίν, ἀτὰρ νῦν οὐκ ἔθ᾽ ὑπότροποι αὖτις ἔσεσθε	- u u- - - u u-uu -u u--	dactylic hexameter	masculine penthemimeral, trithemimeral
ἔς τε πόλιν ἐρατὴν καὶ δώματα καλὰ ἕκαστος	- u u- uu- - -uu -u u--	dactylic hexameter	masculine penthemimeral, trithemimeral
ἔς τε φίλας ἀλόχους: ἀλλ᾽ ἐνθάδε πίονα νηὸν	- u u- uu- - -uu -uu --	dactylic hexameter	masculine penthemimeral, trithemimeral
ἕξετ᾽ ἐμὸν πολλοῖσι τετιμένον ἀνθρώποισιν.	-u u- --u u-uu ----	dactylic hexameter	feminine penthemimeral, trithemimeral
εἰμὶ δ᾽ἐγὼ Διὸς υἱός, Ἀπόλλων δ᾽εὔχομαι εἶναι:	-u u- uu -u u-- -uu --	dactylic hexameter	feminine penthemimeral, trithemimeral
ὑμέας δ᾽ἤγαγον ἐνθάδ᾽ ὑπὲρ μέγα λαῖτμα θαλάσσης,	-- -uu -u u- uu -u u--	dactylic hexameter	feminine penthemimeral, hepthemimeral
οὔ τι κακὰ φρονέων, ἀλλ᾽ ἐνθάδε πίονα νηὸν	- u u- uu- - -uu -uu --	dactylic hexameter	masculine penthemimeral, trithemimeral
ἕξετ᾽ ἐμὸν πᾶσιν μάλα τίμιον ἀνθρώποισι,	-u u- -- uu -uu ----	dactylic hexameter	masculine penthemimeral, trithemimeral
βουλάς τ᾽ἀθανάτων εἰδήσετε, τῶν ἰότητι	-- -uu- --uu - uu--	dactylic hexameter	masculine penthemimeral
αἰεὶ τιμήσεσθε διαμπερὲς ἤματα πάντα.	-- ---u u-uu -uu --	dactylic hexameter	feminine penthemimeral
ἀλλ᾽ ἄγεθ᾽, ὡς ἂν ἐγὼ εἴπω, πείθεσθε τάχιστα:	- uu - u u- -- --u u--	dactylic hexameter	masculine penthemimeral, hepthemimeral, trithemimeral
ἱστία μὲν πρῶτον κάθετον λύσαντε βοείας,	-uu - -- uu- --u u--	dactylic hexameter	masculine penthemimeral, hepthemimeral, trithemimeral
νῆα δ᾽ἔπειτα θοὴν μὲν ἐπ᾽ ἠπείρου ἐρύσασθε,	-u u-u u- u u --- uu--	dactylic hexameter	masculine penthemimeral
ἐκ δὲ κτήμαθ᾽ ἕλεσθε καὶ ἔντεα νηὸς ἐίσης	- - -u u-u u -uu -- --	dactylic hexameter	feminine penthemimeral
καὶ βωμὸν ποιήσατ᾽ ἐπὶ ῥηγμῖνι θαλάσσης:	- -- --u u- --u u--	dactylic hexameter	feminine penthemimeral, hepthemimeral, trithemimeral
πῦρ δ᾽ἐπικαίοντες ἐπί τ᾽ἄλφιτα λευκὰ θύοντες	- uu--- uu -uu -u u--	dactylic hexameter	masculine penthemimeral
εὔχεσθαι δὴ ἔπειτα παριστάμενοι περὶ βωμόν.	--- u u-u u-uu- uu --	dactylic hexameter	feminine penthemimeral, trithemimeral
ὡς μὲν ἐγὼ τὸ πρῶτον ἐν ἠεροειδέι πόντῳ	- u u- - -u u -uu-uu --	dactylic hexameter	feminine penthemimeral, trithemimeral
εἰδόμενος δελφῖνι θοῆς ἐπὶ νηὸς ὄρουσα,	-uu- --u u- uu -u u--	dactylic hexameter	feminine penthemimeral, hepthemimeral, trithemimeral
ὣς ἐμοὶ εὔχεσθαι Δελφινίῳ: αὐτὰρ ὁ βωμὸς	- uu --- --uu -u u --	dactylic hexameter	masculine penthemimeral
αὐτὸς Δελφίνιος καὶ ἐπόψιος ἔσσεται αἰεί.	-- -uu- u u-uu -uu --	dactylic hexameter	masculine penthemimeral
δειπνῆσαί τ᾽ἄρ᾽ ἔπειτα θοῇ παρὰ νηὶ μελαίνῃ	--- u u-u u- uu -u u--	dactylic hexameter	feminine penthemimeral, hepthemimeral, trithemimeral
καὶ σπεῖσαι μακάρεσσι θεοῖς, οἳ Ὄλυμπον ἔχουσιν.	- -- uu-u u- u u-u u--	dactylic hexameter	feminine penthemimeral, hepthemimeral, trithemimeral
αὐτὰρ ἐπὴν σίτοιο μελίφρονος ἐξ ἔρον ἧσθε,	-u u- --u u-uu - uu --	dactylic hexameter	feminine penthemimeral, trithemimeral
ἔρχεσθαί θ᾽ἅμ᾽ ἐμοὶ καὶ ἰηπαιήον᾽ ἀείδειν,	--- u u- u u---u u--	dactylic hexameter	masculine penthemimeral, trithemimeral
εἰς ὅ κε χῶρον ἵκησθον, ἵν᾽ ἕξετε πίονα νηόν. ’	- u u -u u-u u -uu -uu -- -	lyric	
ὣς ἔφαθ᾽: οἳ δ᾽ἄρα τοῦ μάλα μὲν κλύον ἠδ᾽ ἐπίθοντο.	- uu - uu - uu - uu - uu--	dactylic hexameter	masculine penthemimeral, hepthemimeral, trithemimeral
ἱστία μὲν πρῶτον κάθεσαν, λῦσαν δὲ βοείας,	-uu - -- uu- -- u u--	dactylic hexameter	masculine penthemimeral, hepthemimeral, trithemimeral
ἱστὸν δ᾽ἱστοδόκῃ πέλασαν προτόνοισιν ὑφέντες:	-- -uu- uu- uu-u u--	dactylic hexameter	masculine penthemimeral, hepthemimeral
ἐκ δὲ καὶ αὐτοὶ βαῖνον ἐπὶ ῥηγμῖνι θαλάσσης.	- u u -- -u u- --u u--	dactylic hexameter	feminine penthemimeral, hepthemimeral
ἐκ δ᾽ἁλὸς ἤπειρόνδε θοὴν ἀνὰ νῆ᾽ ἐρύσαντο	- uu ---u u- uu - uu--	dactylic hexameter	feminine penthemimeral, hepthemimeral
ὑψοῦ ἐπὶ ψαμάθοις, ὑπὸ δ᾽ἕρματα μακρὰ τάνυσσαν:	-u u- uu- uu -uu -u u--	dactylic hexameter	masculine penthemimeral, trithemimeral
καὶ βωμὸν ποίησαν ἐπὶ ῥηγμῖνι θαλάσσης:	- -- --u u- --u u--	dactylic hexameter	feminine penthemimeral, hepthemimeral, trithemimeral
πῦρ δ᾽ἐπικαίοντες ἐπί τ᾽ἄλφιτα λευκὰ θύοντες	- uu--- uu -uu -u u--	dactylic hexameter	masculine penthemimeral
εὔχονθ᾽, ὡς ἐκέλευε, παριστάμενοι περὶ βωμόν.	-- - uu-u u-uu- uu --	dactylic hexameter	feminine penthemimeral, trithemimeral
δόρπον ἔπειθ᾽ εἵλοντο θοῇ παρὰ νηὶ μελαίνῃ	-u u- --u u- uu -u u--	dactylic hexameter	feminine penthemimeral, hepthemimeral, trithemimeral
καὶ σπεῖσαν μακάρεσσι θεοῖς, οἳ Ὄλυμπον ἔχουσιν.	- -- uu-u u- u u-u u--	dactylic hexameter	feminine penthemimeral, hepthemimeral, trithemimeral
αὐτὰρ ἐπεὶ πόσιος καὶ ἐδητύος ἐξ ἔρον ἕντο,	-u u- uu- u u-uu - uu --	dactylic hexameter	masculine penthemimeral, trithemimeral
βάν ῥ᾽ἴμεν: ἦρχε δ᾽ἄρα σφιν ἄναξ Διὸς υἱὸς Ἀπόλλων,	- uu -u u- u u- uu -u u--	dactylic hexameter	masculine penthemimeral, hepthemimeral
φόρμιγγ᾽ ἐν χείρεσσιν ἔχων, ἐρατὸν κιθαρίζων,	-- - --u u- uu- uu--	dactylic hexameter	feminine penthemimeral, hepthemimeral, trithemimeral
καλὰ καὶ ὕψι βιβάς: οἳ δὲ ῥήσσοντες ἕποντο	-u u -u u- - - --u u--	dactylic hexameter	masculine penthemimeral, hepthemimeral
Κρῆτες πρὸς Πυθὼ καὶ ἰηπαιήον᾽ ἄειδον,	-- - -- u u---u u--	dactylic hexameter	masculine penthemimeral, trithemimeral
οἷοί τε Κρητῶν παιήονες, οἷσί τε Μοῦσα	-- - -- --uu -u u --	dactylic hexameter	masculine penthemimeral, trithemimeral
ἐν στήθεσσιν ἔθηκε θεὰ μελίγηρυν ἀοιδήν.	- --u u-u u- uu-u u--	dactylic hexameter	feminine penthemimeral, hepthemimeral
ἄκμητοι δὲ λόφον προσέβαν ποσίν, αἶψα δ᾽ἵκοντο	--- u u- uu- uu -u u--	dactylic hexameter	masculine penthemimeral, hepthemimeral, trithemimeral
Παρνησὸν καὶ χῶρον ἐπήρατον, ἔνθ᾽ ἄρ᾽ ἔμελλον	--- - -u u-uu - u u--	dactylic hexameter	feminine penthemimeral, trithemimeral
οἰκήσειν πολλοῖσι τετιμένοι ἀνθρώποισι:	--- --u u-uu ----	dactylic hexameter	feminine penthemimeral, trithemimeral
δεῖξε δ᾽ἄγων ἄδυτον ζάθεον καὶ πίονα νηόν.	-u u- uu- uu- - -uu --	dactylic hexameter	masculine penthemimeral, hepthemimeral, trithemimeral
τῶν δ᾽ὠρίνετο θυμὸς ἐνὶ στήθεσσι φίλοισι:	- --uu -u u- --u u--	dactylic hexameter	feminine penthemimeral, hepthemimeral
τὸν καὶ ἀνειρόμενος Κρητῶν ἀγὸς ἀντίον ηὔδα:	- u u-uu- -- uu -uu --	dactylic hexameter	masculine penthemimeral, hepthemimeral
ὦ ἄνα, εἰ δὴ τῆλε φίλων καὶ πατρίδος αἴης	- uu - - -u u- - -uu --	dactylic hexameter	feminine penthemimeral, hepthemimeral, trithemimeral
ἤγαγες: οὕτω που τῷ σῷ φίλον ἔπλετο θυμῷ:	-uu -- - - - uu -uu --	dactylic hexameter	masculine penthemimeral, hepthemimeral
πῶς καὶ νῦν βιόμεσθα; τό σε φράζεσθαι ἄνωγμεν.	- - - uu-u u - --u u--	dactylic hexameter	feminine penthemimeral, hepthemimeral, trithemimeral
οὔτε τρυγηφόρος ἥδε γ᾽ἐπήρατος οὔτ᾽ εὐλείμων,	-u u-uu -u u-uu - ---	dactylic hexameter	feminine penthemimeral
ὥστ᾽ ἀπό τ᾽εὖ ζώειν καὶ ἅμ᾽ ἀνθρώποισιν ὀπάζειν.	- uu - -- u u ---u u--	dactylic hexameter	masculine penthemimeral, trithemimeral
τοὺς δ᾽ἐπιμειδήσας προσέφη Διὸς υἱὸς Ἀπόλλων:	- uu--- uu- uu -u u--	dactylic hexameter	masculine penthemimeral, hepthemimeral
'νήπιοι ἄνθρωποι, δυστλήμονες, οἳ μελεδῶνας	-uu --- --uu - uu--	dactylic hexameter	masculine penthemimeral
βούλεσθ᾽ ἀργαλέους τε πόνους καὶ στείνεα θυμῷ:	-- -uu- u u- - -uu --	dactylic hexameter	masculine penthemimeral, hepthemimeral
ῥηίδιον ἔπος ὔμμ᾽ ἐρέω καὶ ἐπὶ φρεσὶ θήσω,	-uu- uu - uu- u u- uu --	dactylic hexameter	masculine penthemimeral, hepthemimeral, trithemimeral
δεξιτερῇ μάλ᾽ ἕκαστος ἔχων ἐν χειρὶ μάχαιραν,	-uu- u u-u u- - -u u--	dactylic hexameter	feminine penthemimeral, hepthemimeral, trithemimeral
σφάζειν αἰεὶ μῆλα: τὰ δ᾽ἄφθονα πάντα παρέσται,	-- -- -u u -uu -u u--	dactylic hexameter	feminine penthemimeral
ὅσσα τ᾽ἐμοί κ᾽ἀγάγωσι περικλυτὰ φῦλ᾽ ἀνθρώπων:	-u u- uu-u u-uu - ---	dactylic hexameter	feminine penthemimeral, trithemimeral
νηὸν δὲ προφύλαχθε, δέδεχθε δὲ φῦλ᾽ ἀνθρώπων	-- - uu-u u-u u - ---	dactylic hexameter	feminine penthemimeral, trithemimeral
ἐνθάδ᾽ ἀγειρομένων καὶ ἐμὴν ἰθύν τε μάλιστα.	-u u-uu- u u- -- u u--	dactylic hexameter	masculine penthemimeral, hepthemimeral
[δείκνυσθε θνητοῖσι: σὺ δὲ φρεσὶ δέξο θέμιστα.	--- --u u - uu -u u--	dactylic hexameter	feminine penthemimeral, hepthemimeral, trithemimeral
εἰ δέ τις ἀφραδίῃς οὐ πείσεται, ἀλλ᾽ ἀλογήσει	- u u -uu- - -uu - uu--	dactylic hexameter	masculine penthemimeral
ἠέ τι τηΰσιον ἔπος ἔσσεται ἠέ τι ἔργον	-u u -uu- uu -uu -u u --	dactylic hexameter	masculine penthemimeral
ὕβρις θ᾽,ἣ θέμις ἐστὶ καταθνητῶν ἀνθρώπων,	-- - uu -u u--- ---	dactylic hexameter	feminine penthemimeral, trithemimeral
ἄλλοι ἔπειθ᾽ ὑμῖν σημάντορες ἄνδρες ἔσονται,	-u u- -- --uu -u u--	dactylic hexameter	masculine penthemimeral, trithemimeral
τῶν ὑπ᾽ ἀναγκαίῃ δεδμήσεσθ᾽ ἤματα πάντα.	- u u--- --- -uu --	dactylic hexameter	masculine penthemimeral
εἴρηταί τοι πάντα: σὺ δὲ φρεσὶ σῇσι φύλαξαι.’	--- - -u u - uu -u u--	dactylic hexameter	feminine penthemimeral, hepthemimeral, trithemimeral
καὶ σὺ μὲν οὕτω χαῖρε, Διὸς καὶ Λητοῦς υἱέ:	- u u -- -u u- - -- --	dactylic hexameter	feminine penthemimeral, hepthemimeral
αὐτὰρ ἐγὼ καὶ σεῖο καὶ ἄλλης μνήσομ᾽ ἀοιδῆς.	-u u- - -u u -- -u u--	dactylic hexameter	feminine penthemimeral, trithemimeral
