Δήμητρ᾽ ἠύκομον, σεμνὴν θεόν, ἄρχομ᾽ ἀείδειν,	-- -uu- -- uu -u u--	dactylic hexameter	masculine penthemimeral, hepthemimeral
αὐτὴν ἠδὲ θύγατρα τανύσφυρον, ἣν Ἀιδωνεὺς	-- -u u-u u-uu - uu--	dactylic hexameter	feminine penthemimeral
ἥρπαξεν, δῶκεν δὲ βαρύκτυπος εὐρύοπα Ζεύς,	--- -- u u-uu -uu- -	dactylic hexameter	masculine penthemimeral, trithemimeral
νόσφιν Δήμητρος χρυσαόρου, ἀγλαοκάρπου,	-- --- --uu -uu--	dactylic hexameter	masculine penthemimeral
παίζουσαν κούρῃσι σὺν Ὠκεανοῦ βαθυκόλποις	--- --u u -uu- uu--	dactylic hexameter	feminine penthemimeral, trithemimeral
ἄνθεά τ᾽αἰνυμένην, ῥόδα καὶ κρόκον ἠδ᾽ ἴα καλὰ	-uu -uu- uu - uu - uu --	dactylic hexameter	masculine penthemimeral, hepthemimeral
λειμῶν᾽ ἂμ μαλακὸν καὶ ἀγαλλίδας ἠδ᾽ ὑάκινθον	-- - uu- u u-uu - uu--	dactylic hexameter	masculine penthemimeral, trithemimeral
νάρκισσόν θ᾽,ὃν φῦσε δόλον καλυκώπιδι κούρῃ	--- - -u u- uu-uu --	dactylic hexameter	feminine penthemimeral, hepthemimeral, trithemimeral
Γαῖα Διὸς βουλῇσι χαριζομένη Πολυδέκτῃ,	-u u- --u u-uu- uu--	dactylic hexameter	feminine penthemimeral, trithemimeral
θαυμαστὸν γανόωντα: σέβας τό γε πᾶσιν ἰδέσθαι	--- uu-u u- u u -u u--	dactylic hexameter	feminine penthemimeral, hepthemimeral, trithemimeral
ἀθανάτοις τε θεοῖς ἠδὲ θνητοῖς ἀνθρώποις:	-uu- u u- -- -- ---	dactylic hexameter	masculine penthemimeral, hepthemimeral, trithemimeral
τοῦ καὶ ἀπὸ ῥίζης ἑκατὸν κάρα ἐξεπεφύκει:	- u u- -- uu- uu -uu--	dactylic hexameter	masculine penthemimeral, hepthemimeral, trithemimeral
κὦζ᾽ ἥδιστ᾽ ὀδμή, πᾶς τ᾽οὐρανὸς εὐρὺς ὕπερθεν	- -- -- - -uu -u u--	dactylic hexameter	masculine penthemimeral, trithemimeral
γαῖά τε πᾶσ᾽ ἐγελάσσε καὶ ἁλμυρὸν οἶδμα θαλάσσης.	-u u - uu-u u -uu -u u--	dactylic hexameter	feminine penthemimeral, trithemimeral
ἣ δ᾽ἄρα θαμβήσασ᾽ ὠρέξατο χερσὶν ἅμ᾽ ἄμφω	- uu --- --uu -u u --	dactylic hexameter	masculine penthemimeral
καλὸν ἄθυρμα λαβεῖν: χάνε δὲ χθὼν εὐρυάγυια	-u u-u u- uu - - -uu--	dactylic hexameter	masculine penthemimeral, hepthemimeral
Νύσιον ἂμ πεδίον, τῇ ὄρουσεν ἄναξ Πολυδέγμων	-uu - uu- u u-u u- uu--	dactylic hexameter	masculine penthemimeral, trithemimeral
ἵπποις ἀθανάτοισι, Κρόνου πολυώνυμος υἱός.	-- -uu-u u- ---uu --	lyric	
ἁρπάξας δ᾽ἀέκουσαν ἐπὶ χρυσέοισιν ὄχοισιν	--- uu-u u- uu-u u--	dactylic hexameter	feminine penthemimeral, hepthemimeral, trithemimeral
ἦγ᾽ ὀλοφυρομένην: ἰάχησε δ᾽ἄρ᾽ ὄρθια φωνῇ,	- uu-uu- uu-u u -uu --	dactylic hexameter	masculine penthemimeral
κεκλομένη πατέρα Κρονίδην ὕπατον καὶ ἄριστον.	-uu- uu- uu- uu- u u--	dactylic hexameter	masculine penthemimeral, hepthemimeral, trithemimeral
οὐδέ τις ἀθανάτων οὐδὲ θνητῶν ἀνθρώπων	-u u -uu- -- -- ---	dactylic hexameter	masculine penthemimeral, hepthemimeral
ἤκουσεν φωνῆς, οὐδ᾽ ἀγλαόκαρποι ἐλαῖαι†	--- -- - -uu-u u--	dactylic hexameter	masculine penthemimeral, trithemimeral
εἰ μὴ Περσαίου θυγάτηρ ἀταλὰ φρονέουσα	- - --- uu- uu- uu--	dactylic hexameter	masculine penthemimeral, hepthemimeral
ἄιεν ἐξ ἄντρου, Ἑκάτη λιπαροκρήδεμνος,	-uu - -- uu- uu----	dactylic hexameter	masculine penthemimeral, hepthemimeral, trithemimeral
Ἠέλιός τε ἄναξ, Ὑπερίονος ἀγλαὸς υἱός,	-uu- u u- uu-uu -uu --	dactylic hexameter	masculine penthemimeral, trithemimeral
κούρης κεκλομένης πατέρα Κρονίδην: ὃ δὲ νόσφιν	-- -uu- uu- uu- u u --	dactylic hexameter	masculine penthemimeral, hepthemimeral
ἧστο θεῶν ἀπάνευθε πολυλλίστῳ ἐνὶ νηῷ,	-u u- uu-u u--- uu --	dactylic hexameter	feminine penthemimeral, trithemimeral
δέγμενος ἱερὰ καλὰ παρὰ θνητῶν ἀνθρώπων.	-uu -uu -u u- -- ---	dactylic hexameter	feminine penthemimeral, hepthemimeral
τὴν δ᾽ἀεκαζομένην ἦγεν Διὸς ἐννεσίῃσι	- uu-uu- -- uu -uu--	dactylic hexameter	masculine penthemimeral, hepthemimeral
πατροκασίγνητος, Πολυσημάντωρ Πολυδέγμων,	-uu--- uu--- uu--	dactylic hexameter	masculine penthemimeral
ἵπποις ἀθανάτοισι, Κρόνου πολυώνυμος υἱός.	-- -uu-u u- uu-uu --	dactylic hexameter	feminine penthemimeral, hepthemimeral
ὄφρα μὲν οὖν γαῖάν τε καὶ οὐρανὸν ἀστερόεντα	-u u - -- u u -uu -uu--	dactylic hexameter	masculine penthemimeral, trithemimeral
λεῦσσε θεὰ καὶ πόντον ἀγάρροον ἰχθυόεντα	-u u- - -u u-uu -uu--	dactylic hexameter	feminine penthemimeral, trithemimeral
αὐγάς τ᾽ἠελίου, ἔτι δ᾽ἤλπετο μητέρα κεδνὴν	-- -uu- uu -uu -uu --	dactylic hexameter	masculine penthemimeral
ὄψεσθαι καὶ φῦλα θεῶν αἰειγενετάων,	--- - -u u- --uu--	dactylic hexameter	feminine penthemimeral, hepthemimeral, trithemimeral
τόφρα οἱ ἐλπὶς ἔθελγε μέγαν νόον ἀχνυμένης περ:	-u u -u u-u u- uu -uu- -	dactylic hexameter	feminine penthemimeral, hepthemimeral
ἤχησαν δ᾽ὀρέων κορυφαὶ καὶ βένθεα πόντου	--- --- uu- - -uu --	lyric	
φωνῇ ὑπ᾽ ἀθανάτῃ: τῆς δ᾽ἔκλυε πότνια μήτηρ.	-u u -uu- - -uu -uu --	dactylic hexameter	masculine penthemimeral
ὀξὺ δέ μιν κραδίην ἄχος ἔλλαβεν, ἀμφὶ δὲ χαίταις	-u u - uu- uu -uu -u u --	dactylic hexameter	masculine penthemimeral, trithemimeral
ἀμβροσίαις κρήδεμνα δαΐζετο χερσὶ φίλῃσι,	-uu- --u u-uu -u u--	dactylic hexameter	feminine penthemimeral, trithemimeral
κυάνεον δὲ κάλυμμα κατ᾽ ἀμφοτέρων βάλετ᾽ ὤμων,	-uu- u u-u u -uu- uu --	dactylic hexameter	feminine penthemimeral, trithemimeral
σεύατο δ᾽ὥστ᾽ οἰωνός, ἐπὶ τραφερήν τε καὶ ὑγρὴν	-uu - --u u- uu- u u --	dactylic hexameter	feminine penthemimeral, hepthemimeral, trithemimeral
μαιομένη: τῇ δ᾽οὔτις ἐτήτυμα μυθήσασθαι	-uu- - -u u-uu ----	dactylic hexameter	feminine penthemimeral, trithemimeral
ἤθελεν οὔτε θεῶν οὔτε θνητῶν ἀνθρώπων,	-uu -u u- -- -- ---	dactylic hexameter	masculine penthemimeral, hepthemimeral
οὔτ᾽ οἰωνῶν τις τῇ ἐτήτυμος ἄγγελος ἦλθεν.	- --- - u u-uu -uu --	dactylic hexameter	masculine penthemimeral
ἐννῆμαρ μὲν ἔπειτα κατὰ χθόνα πότνια Δηὼ	--- u u-u u- uu -uu --	dactylic hexameter	feminine penthemimeral, hepthemimeral, trithemimeral
στρωφᾶτ᾽ αἰθομένας δαΐδας μετὰ χερσὶν ἔχουσα,	-- -uu- uu- uu -u u--	dactylic hexameter	masculine penthemimeral, hepthemimeral
οὐδέ ποτ᾽ ἀμβροσίης καὶ νέκταρος ἡδυπότοιο	-u u -uu- - -uu -uu--	dactylic hexameter	masculine penthemimeral
πάσσατ᾽ ἀκηχεμένη, οὐδὲ χρόα βάλλετο λουτροῖς.	-u u-uu- -- uu -uu --	dactylic hexameter	masculine penthemimeral, hepthemimeral
ἀλλ᾽ ὅτε δὴ δεκάτη οἱ ἐπήλυθε φαινολὶς ἠώς,	- uu - uu- u u-uu -uu --	dactylic hexameter	masculine penthemimeral, trithemimeral
ἤντετό οἱ Ἑκάτη, σέλας ἐν χείρεσσιν ἔχουσα	-uu - uu- uu - --u u--	dactylic hexameter	masculine penthemimeral, hepthemimeral, trithemimeral
καί ῥά οἱ ἀγγελέουσα ἔπος φάτο φώνησέν τε:	- u u -uu-u u- uu --- -	dactylic hexameter	feminine penthemimeral, hepthemimeral
πότνια Δημήτηρ, ὡρηφόρε, ἀγλαόδωρε,	-uu --- --uu -uu--	dactylic hexameter	masculine penthemimeral
τίς θεῶν οὐρανίων ἠὲ θνητῶν ἀνθρώπων	- - -uu- -- -- ---	dactylic hexameter	masculine penthemimeral, hepthemimeral
ἥρπασε Περσεφόνην καὶ σὸν φίλον ἤκαχε θυμόν;	-uu -uu- - - uu -uu --	dactylic hexameter	masculine penthemimeral, hepthemimeral
φωνῆς γὰρ ἤκουσ᾽, ἀτὰρ οὐκ ἴδον ὀφθαλμοῖσιν,	-- - -- uu - uu ----	dactylic hexameter	masculine penthemimeral, hepthemimeral, trithemimeral
ὅστις ἔην: σοὶ δ᾽ὦκα λέγω νημερτέα πάντα.	-u u- - -u u- --uu --	dactylic hexameter	feminine penthemimeral, hepthemimeral, trithemimeral
ὣς ἄρ᾽ ἔφη Ἑκάτη: τὴν δ᾽οὐκ ἠμείβετο μύθῳ	- u u- uu- - - --uu --	dactylic hexameter	masculine penthemimeral, hepthemimeral, trithemimeral
Ῥείης ἠυκόμου θυγάτηρ, ἀλλ᾽ ὦκα σὺν αὐτῇ	-- -uu- uu- - -u u --	dactylic hexameter	masculine penthemimeral, hepthemimeral
ἤιξ᾽ αἰθομένας δαΐδας μετὰ χερσὶν ἔχουσα.	-- -uu- uu- uu -u u--	dactylic hexameter	masculine penthemimeral, hepthemimeral
Ἠέλιον δ᾽ἵκοντο, θεῶν σκοπὸν ἠδὲ καὶ ἀνδρῶν,	-uu- --u u- uu -u u --	dactylic hexameter	feminine penthemimeral, hepthemimeral, trithemimeral
στὰν δ᾽ἵππων προπάροιθε καὶ εἴρετο δῖα θεάων:	- -- uu-u u -uu -u u--	dactylic hexameter	feminine penthemimeral, trithemimeral
ἠέλι᾽, αἴδεσσαί με θεὰν σύ περ, εἴ ποτε δή σευ	-uu --- u u- u u - uu - -	dactylic hexameter	masculine penthemimeral, hepthemimeral
ἢ ἔπει ἢ ἔργῳ κραδίην καὶ θυμὸν ἴηνα:	- uu - -- uu- - -u u--	dactylic hexameter	masculine penthemimeral, hepthemimeral, trithemimeral
κούρην τὴν ἔτεκον, γλυκερὸν θάλος, εἴδεϊ κυδρήν,	-- - uu- uu- uu -uu --	dactylic hexameter	masculine penthemimeral, hepthemimeral, trithemimeral
τῆς ἀδινὴν ὄπ᾽ ἄκουσα δι᾽ αἰθέρος ἀτρυγέτοιο	- uu- u u-u u -uu -uu--	dactylic hexameter	feminine penthemimeral, trithemimeral
ὥστε βιαζομένης, ἀτὰρ οὐκ ἴδον ὀφθαλμοῖσιν.	-u u-uu- uu - uu ----	dactylic hexameter	masculine penthemimeral, hepthemimeral
ἀλλά, σὺ γὰρ δὴ πᾶσαν ἐπὶ χθόνα καὶ κατὰ πόντον	-u u - - -u u- uu - uu --	dactylic hexameter	feminine penthemimeral, hepthemimeral, trithemimeral
αἰθέρος ἐκ δίης καταδέρκεαι ἀκτίνεσσι,	-uu - -- uu-uu ----	dactylic hexameter	masculine penthemimeral, trithemimeral
νημερτέως μοι ἔνισπε φίλον τέκος, εἴ που ὄπωπας,	--- u u-u u- uu - u u--	dactylic hexameter	feminine penthemimeral, hepthemimeral, trithemimeral
ὅστις νόσφιν ἐμεῖο λαβὼν ἀέκουσαν ἀνάγκῃ	-- -u u-u u- uu-u u--	dactylic hexameter	feminine penthemimeral, hepthemimeral
οἴχεται ἠὲ θεῶν ἢ καὶ θνητῶν ἀνθρώπων.	-uu -u u- - - -- ---	dactylic hexameter	masculine penthemimeral, hepthemimeral
ὣς φάτο: τὴν δ᾽Ὑπεριονίδης ἠμείβετο μύθῳ:	- uu - uu-uu- --uu --	dactylic hexameter	hepthemimeral, trithemimeral
Ῥείης ἠυκόμου θύγατερ, Δήμητερ ἄνασσα,	-- -uu- uu- --u u--	dactylic hexameter	masculine penthemimeral, hepthemimeral
εἰδήσεις: δὴ γὰρ μέγα σ᾽ἅζομαι ἠδ᾽ ἐλεαίρω	--- - - uu -uu - uu--	dactylic hexameter	masculine penthemimeral, trithemimeral
ἀχνυμένην περὶ παιδὶ τανυσφύρῳ: οὐδέ τις ἄλλος	-uu- uu -u u-uu -u u --	dactylic hexameter	feminine penthemimeral, trithemimeral
αἴτιος ἀθανάτων, εἰ μὴ νεφεληγερέτα Ζεύς,	-uu -uu- - - uu-uu- -	dactylic hexameter	masculine penthemimeral, hepthemimeral
ὅς μιν ἔδωκ᾽ Ἀίδῃ θαλερὴν κεκλῆσθαι ἄκοιτιν	- u u- uu- uu- --u u--	dactylic hexameter	masculine penthemimeral, hepthemimeral, trithemimeral
αὐτοκασιγνήτῳ: ὃ δ᾽ὑπὸ ζόφον ἠερόεντα	-uu--- u u- uu -uu--	dactylic hexameter	masculine penthemimeral, hepthemimeral
ἁρπάξας ἵπποισιν ἄγεν μεγάλα ἰάχουσαν.	--- --u u- uu- uu--	dactylic hexameter	feminine penthemimeral, hepthemimeral, trithemimeral
ἀλλά, θεά, κατάπαυε μέγαν γόον: οὐδέ τί σε χρὴ	-u u- uu-u u- uu -u u - -	dactylic hexameter	feminine penthemimeral, hepthemimeral, trithemimeral
μὰψ αὔτως ἄπλητον ἔχειν χόλον: οὔ τοι ἀεικὴς	- -- --u u- uu - u u--	dactylic hexameter	feminine penthemimeral, hepthemimeral, trithemimeral
γαμβρὸς ἐν ἀθανάτοις Πολυσημάντωρ Ἀιδωνεύς,	-u u -uu- uu--- uu--	dactylic hexameter	masculine penthemimeral
αὐτοκασίγνητος καὶ ὁμόσπορος: ἀμφὶ δὲ τιμὴν	-uu--- u u-uu -u u --	dactylic hexameter	masculine penthemimeral
ἔλλαχεν ὡς τὰ πρῶτα διάτριχα δασμὸς ἐτύχθη,	-uu - - -u u-uu -u u--	dactylic hexameter	feminine penthemimeral, trithemimeral
τοῖς μεταναιετάειν, τῶν ἔλλαχε κοίρανος εἶναι.	- uu-uu- - -uu -uu --	dactylic hexameter	masculine penthemimeral
ὣς εἰπὼν ἵπποισιν ἐκέκλετο: τοὶ δ᾽ὑπ᾽ ὀμοκλῆς	- -- --u u-uu - u u--	dactylic hexameter	feminine penthemimeral, trithemimeral
ῥίμφα φέρον θοὸν ἅρμα τανύπτεροι ὥστ᾽ οἰωνοί.	-u u- uu -u u-uu - ---	dactylic hexameter	feminine penthemimeral, trithemimeral
Τὴν δ᾽ἄχος αἰνότερον καὶ κύντερον ἵκετο θυμόν:	- uu -uu- - -uu -uu --	dactylic hexameter	masculine penthemimeral
χωσαμένη δὴ ἔπειτα κελαινεφέι Κρονίωνι	-uu- u u-u u-uu- uu--	dactylic hexameter	feminine penthemimeral, trithemimeral
νοσφισθεῖσα θεῶν ἀγορὴν καὶ μακρὸν Ὄλυμπον	---u u- uu- - -u u--	dactylic hexameter	masculine penthemimeral, hepthemimeral
ᾤχετ᾽ ἐπ᾽ ἀνθρώπων πόλιας καὶ πίονα ἔργα	-u u --- uu- - -uu --	dactylic hexameter	masculine penthemimeral, hepthemimeral
εἶδος ἀμαλδύνουσα πολὺν χρόνον: οὐδέ τις ἀνδρῶν	-u u---u u- uu -u u --	dactylic hexameter	feminine penthemimeral, hepthemimeral
εἰσορόων γίγνωσκε βαθυζώνων τε γυναικῶν,	-uu- --u u--- u u--	dactylic hexameter	feminine penthemimeral, trithemimeral
πρίν γ᾽ὅτε δὴ Κελεοῖο δαΐφρονος ἵκετο δῶμα,	- uu - uu-u u-uu -uu --	dactylic hexameter	feminine penthemimeral, trithemimeral
ὃς τότ᾽ Ἐλευσῖνος θυοέσσης κοίρανος ἦεν.	- u u--- uu-- -uu --	dactylic hexameter	masculine penthemimeral
ἕζετο δ᾽ἐγγὺς ὁδοῖο φίλον τετιημένη ἦτορ,	-uu -u u-u u- uu-uu --	dactylic hexameter	feminine penthemimeral, hepthemimeral
Παρθενίῳ φρέατι, ὅθεν ὑδρεύοντο πολῖται,	-uu- uu- uu ---u u--	dactylic hexameter	masculine penthemimeral, trithemimeral
ἐν σκιῇ, αὐτὰρ ὕπερθε πεφύκει θάμνος ἐλαίης,	- uu -u u-u u-- -u u--	dactylic hexameter	feminine penthemimeral
γρηὶ παλαιγενέι ἐναλίγκιος, ἥτε τόκοιο	-u u-uu- uu-uu -u u--	dactylic hexameter	masculine penthemimeral
εἴργηται δώρων τε φιλοστεφάνου Ἀφροδίτης,	--- -- u u-uu- uu--	dactylic hexameter	masculine penthemimeral, trithemimeral
οἷαί τε τροφοί εἰσι θεμιστοπόλων βασιλήων	-- - uu -u u-uu- uu--	dactylic hexameter	feminine penthemimeral, trithemimeral
παίδων καὶ ταμίαι κατὰ δώματα ἠχήεντα.	-- - uu- uu -uu ----	dactylic hexameter	masculine penthemimeral, trithemimeral
τὴν δὲ ἴδον Κελεοῖο Ἐλευσινίδαο θύγατρες	- u u- uu-u u-uu-u u--	dactylic hexameter	feminine penthemimeral, trithemimeral
ἐρχόμεναι μεθ᾽ ὕδωρ εὐήρυτον, ὄφρα φέροιεν	-uu- u u- --uu -u u--	dactylic hexameter	masculine penthemimeral, trithemimeral
κάλπισι χαλκείῃσι φίλα πρὸς δώματα πατρός,	-uu ---u u- - -uu --	dactylic hexameter	feminine penthemimeral, hepthemimeral
τέσσαρες, ὥστε θεαί, κουρήιον ἄνθος ἔχουσαι,	-uu -u u- --uu -u u--	dactylic hexameter	masculine penthemimeral
Καλλιδίκη καὶ Κλεισιδίκη Δημώ τ᾽ἐρόεσσα	-uu- - -uu- -- uu--	dactylic hexameter	hepthemimeral, trithemimeral
Καλλιθόη θ᾽,ἣ τῶν προγενεστάτη ἦεν ἁπασῶν:	-uu- - - uu-uu -u u--	dactylic hexameter	masculine penthemimeral, trithemimeral
οὐδ᾽ ἔγνον: χαλεποὶ δὲ θεοὶ θνητοῖσιν ὁρᾶσθαι.	- -- uu- u u- --u u--	dactylic hexameter	masculine penthemimeral, hepthemimeral, trithemimeral
ἀγχοῦ δ᾽ἱστάμεναι ἔπεα πτερόεντα προσηύδων:	-- -uu- uu- uu-u u--	dactylic hexameter	masculine penthemimeral, hepthemimeral
τίς πόθεν ἐσσί, γρῆυ, παλαιγενέων ἀνθρώπων;	- uu -- -u u-uu- ---	dactylic hexameter	feminine penthemimeral
τίπτε δὲ νόσφι πόληος ἀπέστιχες, οὐδὲ δόμοισι	-u u -u u-u u-uu -u u--	dactylic hexameter	feminine penthemimeral
πίλνασαι; ἔνθα γυναῖκες ἀνὰ μέγαρα σκιόεντα	-uu -u u-u u- uu- uu--	dactylic hexameter	feminine penthemimeral, hepthemimeral
τηλίκαι, ὡς σύ περ ὧδε καὶ ὁπλότεραι γεγάασιν,	-uu - u u -u u -uu- uu--	dactylic hexameter	feminine penthemimeral, trithemimeral
αἵ κέ σε φίλωνται ἠμὲν ἔπει ἠδὲ καὶ ἔργῳ.	- u u --- -- uu -u u --	dactylic hexameter	masculine penthemimeral, hepthemimeral
ὣς ἔφαν: ἣ δ᾽ἐπέεσσιν ἀμείβετο πότνα θεάων:	- uu - uu-u u-uu -u u--	dactylic hexameter	feminine penthemimeral, trithemimeral
τέκνα φίλ᾽, αἵ τινές ἐστε γυναικῶν θηλυτεράων,	-u u - uu -u u-- -uu--	dactylic hexameter	feminine penthemimeral, trithemimeral
χαίρετ᾽: ἐγὼ δ᾽ὑμῖν μυθήσομαι: οὔ τοι ἀεικὲς	-u u- -- --uu - u u--	dactylic hexameter	masculine penthemimeral, trithemimeral
ὑμῖν εἰρομένῃσιν ἀληθέα μυθήσασθαι.	-- -uu-u u-uu ----	dactylic hexameter	feminine penthemimeral
Δωσὼ ἐμοί γ᾽ὄνομ᾽ ἐστί: τὸ γὰρ θέτο πότνια μήτηρ.	-u u- uu -u u - uu -uu --	dactylic hexameter	feminine penthemimeral, hepthemimeral, trithemimeral
νῦν αὖτε Κρήτηθεν ἐπ᾽ εὐρέα νῶτα θαλάσσης	- -- --u u -uu -u u--	dactylic hexameter	feminine penthemimeral, trithemimeral
ἤλυθον οὐκ ἐθέλουσα, βίῃ δ᾽ἀέκουσαν ἀνάγκῃ	-uu - uu-u u- uu-u u--	dactylic hexameter	feminine penthemimeral, hepthemimeral, trithemimeral
ἄνδρες ληιστῆρες ἀπήγαγον. οἳ μὲν ἔπειτα	-- ---u u-uu - u u--	dactylic hexameter	feminine penthemimeral
νηὶ θοῇ Θόρικόνδε κατέσχεθον, ἔνθα γυναῖκες	-u u- uu-u u-uu -u u--	dactylic hexameter	feminine penthemimeral, trithemimeral
ἠπείρου ἐπέβησαν ἀολλέες ἠδὲ καὶ αὐτοί,	--- uu-u u-uu -u u --	dactylic hexameter	feminine penthemimeral, trithemimeral
δεῖπνόν ἐπηρτύνοντο παρὰ πρυμνήσια νηός:	-u u---u u- --uu --	dactylic hexameter	feminine penthemimeral, hepthemimeral
ἀλλ᾽ ἐμοὶ οὐ δόρποιο μελίφρονος ἤρατο θυμός:	- uu - --u u-uu -uu --	dactylic hexameter	feminine penthemimeral, trithemimeral
λάθρη δ᾽ὁρμηθεῖσα δι᾽ ἠπείροιο μελαίνης	-- ---u u ---u u--	dactylic hexameter	feminine penthemimeral
φεύγου ὑπερφιάλους σημάντορας, ὄφρα κε μή με	-u u-uu- --uu -u u - -	dactylic hexameter	masculine penthemimeral
ἀπριάτην περάσαντες ἐμῆς ἀποναίατο τιμῆς.	-uu- uu-u u- uu-uu --	dactylic hexameter	feminine penthemimeral, hepthemimeral, trithemimeral
οὕτω δεῦρ᾽ ἱκόμην ἀλαλημένη, οὐδέ τι οἶδα,	-- - uu- uu-uu -u u --	dactylic hexameter	masculine penthemimeral, trithemimeral
ἥ τις δὴ γαῖ᾽ ἐστι καὶ οἵ τινες ἐγγεγάασιν.	- - - - -u u - uu -uu--	dactylic hexameter	feminine penthemimeral, hepthemimeral, trithemimeral
ἀλλ᾽ ὑμῖν μὲν πάντες Ὀλύμπια δώματ᾽ ἔχοντες	- -- - -u u-uu -u u--	dactylic hexameter	feminine penthemimeral, trithemimeral
δοῖεν κουριδίους ἄνδρας, καὶ τέκνα τεκέσθαι,	-- -uu- -- - -u u--	dactylic hexameter	masculine penthemimeral, hepthemimeral
ὡς ἐθέλουσι τοκῆες: ἐμὲ δ᾽αὖτ᾽ οἰκτείρατε, κοῦραι.	- uu-u u- uu - --uu --	dactylic hexameter	masculine penthemimeral, hepthemimeral
[τοῦτο δέ μοι σαφέως ὑποθήκατε, ὄφρα πύθωμαι,	-u u - uu- uu-uu -u u--	dactylic hexameter	masculine penthemimeral, trithemimeral
προφρονέως, φίλα τέκνα, τέων πρὸς δώμαθ᾽ ἵκωμαι	-uu- uu -u u- - -u u--	dactylic hexameter	feminine penthemimeral, hepthemimeral, trithemimeral
ἀνέρος ἠδὲ γυναικός, ἵνα σφίσιν ἐργάζωμαι	-uu -u u-u u- uu ----	dactylic hexameter	feminine penthemimeral, hepthemimeral
πρόφρων, οἷα γυναικὸς ἀφήλικος ἔργα τέτυκται:	-- -u u-u u-uu -u u--	dactylic hexameter	feminine penthemimeral
καὶ κεν παῖδα νεογνὸν ἐν ἀγκοίνῃσιν ἔχουσα	- - -u u-u u ---u u--	dactylic hexameter	feminine penthemimeral
καλὰ τιθηνοίμην καὶ δώματα τηρήσαιμι	-u u--- - -uu ----	dactylic hexameter	masculine penthemimeral
καί κε λέχος στορέσαιμι μυχῷ θαλάμων εὐπήκτων	- u u- uu-u u- uu- ---	dactylic hexameter	feminine penthemimeral, hepthemimeral, trithemimeral
δεσπόσυνον καί κ᾽ἔργα διδασκήσαιμι γυναῖκας.	-uu- - -u u---u u--	dactylic hexameter	feminine penthemimeral, trithemimeral
φῆ ῥα θεά: τὴν δ᾽αὐτίκ᾽ ἀμείβετο παρθένος ἀδμής,	- u u- - -u u-uu -uu --	dactylic hexameter	feminine penthemimeral, trithemimeral
Καλλιδίκη, Κελεοῖο θυγατρῶν εἶδος ἀρίστη:	-uu- uu-u u-- -u u--	dactylic hexameter	feminine penthemimeral, trithemimeral
μαῖα, θεῶν μὲν δῶρα καὶ ἀχνύμενοί περ ἀνάγκῃ	-u u- - -u u -uu- u u--	dactylic hexameter	feminine penthemimeral, trithemimeral
τέτλαμεν ἄνθρωποι: δὴ γὰρ πολὺ φέρτεροί εἰσι.	-uu --- - - uu -uu --	dactylic hexameter	masculine penthemimeral, hepthemimeral
ταῦτα δέ τοι σαφέως ὑποθήσομαι ἠδ᾽ ὀνομήνω	-u u - uu- uu-uu - uu--	dactylic hexameter	masculine penthemimeral, trithemimeral
ἀνέρας οἷσιν ἔπεστι μέγα κράτος ἐνθάδε τιμῆς	-uu -u u-u u- uu -uu --	dactylic hexameter	feminine penthemimeral, hepthemimeral
δήμου τε προὔχουσιν ἰδὲ κρήδεμνα πόληος	-- - --u u- --u u--	dactylic hexameter	feminine penthemimeral, hepthemimeral, trithemimeral
εἰρύαται βουλῇσι καὶ ἰθείῃσι δίκῃσιν:	-uu- --u u ---u u--	dactylic hexameter	feminine penthemimeral, trithemimeral
ἠμὲν Τριπτολέμου πυκιμήδεος ἠδὲ Διόκλου	-- -uu- uu-uu -u u--	dactylic hexameter	masculine penthemimeral
ἠδὲ Πολυξείνου καὶ ἀμύμονος Εὐμόλποιο	-u u--- u u-uu ----	dactylic hexameter	masculine penthemimeral
καὶ Δολίχου καὶ πατρὸς ἀγήνορος ἡμετέροιο,	- uu- - -u u-uu -uu--	dactylic hexameter	feminine penthemimeral, trithemimeral
τῶν πάντων ἄλοχοι κατὰ δώματα πορσαίνουσι:	- -- uu- uu -uu ----	dactylic hexameter	masculine penthemimeral, trithemimeral
τάων οὐκ ἄν τίς σε κατὰ πρώτιστον ὀπωπὴν	-- - - - u u- --u u--	dactylic hexameter	masculine penthemimeral, hepthemimeral, trithemimeral
εἶδος ἀτιμήσασα δόμων ἀπονοσφίσσειεν,	-u u---u u- uu----	dactylic hexameter	feminine penthemimeral, hepthemimeral
ἀλλά σε δέξονται: δὴ γὰρ θεοείκελός ἐσσι.	-u u --- - - uu-uu --	dactylic hexameter	masculine penthemimeral, hepthemimeral
εἰ δ᾽ἐθέλεις, ἐπίμεινον, ἵνα πρὸς δώματα πατρὸς	- uu- uu-u u- - -uu --	dactylic hexameter	feminine penthemimeral, hepthemimeral, trithemimeral
ἔλθωμεν καὶ μητρὶ βαθυζώνῳ Μετανείρῃ	--- - -u u--- uu--	dactylic hexameter	feminine penthemimeral, trithemimeral
εἴπωμεν τάδε πάντα διαμπερές, αἴ κέ σ᾽ἀνώγῃ	--- uu -u u-uu - u u--	dactylic hexameter	feminine penthemimeral, trithemimeral
ἡμέτερόνδ᾽ ἰέναι μηδ᾽ ἄλλων δώματ᾽ ἐρευνᾶν.	-uu- uu- - -- -u u--	dactylic hexameter	masculine penthemimeral, trithemimeral
τηλύγετος δέ οἱ υἱὸς ἐνὶ μεγάρῳ εὐπήκτῳ	-uu- u u -u u- uu- ---	dactylic hexameter	feminine penthemimeral, hepthemimeral, trithemimeral
ὀψίγονος τρέφεται, πολυεύχετος ἀσπάσιός τε.	-uu- uu- uu-uu -uu- -	dactylic hexameter	masculine penthemimeral, trithemimeral
εἰ τόν γ᾽ἐκθρέψαιο καὶ ἥβης μέτρον ἵκοιτο,	- - ---u u -- -u u--	dactylic hexameter	feminine penthemimeral
ῥεῖά κέ τίς σε ἰδοῦσα γυναικῶν θηλυτεράων	-u u - u u-u u-- -uu--	dactylic hexameter	feminine penthemimeral, trithemimeral
ζηλώσαι: τόσα κέν τοι ἀπὸ θρεπτήρια δοίη.	--- uu - u u- --uu --	dactylic hexameter	masculine penthemimeral, hepthemimeral, trithemimeral
ὣς ἔφαθ᾽: ἣ δ᾽ἐπένευσε καρήατι: ταὶ δὲ φαεινὰ	- uu - uu-u u-uu - u u--	dactylic hexameter	feminine penthemimeral, trithemimeral
πλησάμεναι ὕδατος φέρον ἄγγεα κυδιάουσαι.	-uu- uu- uu -uu -uu--	dactylic hexameter	masculine penthemimeral, trithemimeral
ῥίμφα δὲ πατρὸς ἵκοντο μέγαν δόμον, ὦκα δὲ μητρὶ	-u u -u u-u u- uu -u u --	dactylic hexameter	feminine penthemimeral, hepthemimeral
ἔννεπον, ὡς εἶδόν τε καὶ ἔκλυον. ἣ δὲ μάλ᾽ ὦκα	-uu - -- u u -uu - u u --	dactylic hexameter	masculine penthemimeral, trithemimeral
ἐλθούσας ἐκέλευε καλεῖν ἐπ᾽ ἀπείρονι μισθῷ.	--- uu-u u- u u-uu --	dactylic hexameter	feminine penthemimeral, hepthemimeral, trithemimeral
αἳ δ᾽ὥστ᾽ ἢ ἔλαφοι ἢ πόρτιες εἴαρος ὥρῃ	- - - uu- - -uu -uu --	dactylic hexameter	masculine penthemimeral, trithemimeral
ἅλλοντ᾽ ἂν λειμῶνα κορεσσάμεναι φρένα φορβῇ,	-- - --u u-uu- uu --	dactylic hexameter	feminine penthemimeral, trithemimeral
ὣς αἳ ἐπισχόμεναι ἑανῶν πτύχας ἱμεροέντων	- u u-uu- uu- u- -uu--	lyric	
ἤιξαν κοίλην κατ᾽ ἀμαξιτόν: ἀμφὶ δὲ χαῖται	--- -- u u-uu -u u --	dactylic hexameter	masculine penthemimeral, trithemimeral
ὤμοις ἀίσσοντο κροκηίῳ ἄνθει ὁμοῖαι.	-- ---u u-uu -u u--	dactylic hexameter	feminine penthemimeral
τέτμον δ᾽ἐγγὺς ὁδοῦ κυδρὴν θεόν, ἔνθα πάρος περ	-- -u u- -- uu -u u- -	dactylic hexameter	masculine penthemimeral, hepthemimeral
κάλλιπον: αὐτὰρ ἔπειτα φίλου πρὸς δώματα πατρὸς	-uu -u u-u u- - -uu --	dactylic hexameter	feminine penthemimeral, hepthemimeral
ἡγεῦνθ᾽: ἣ δ᾽ἄρ᾽ ὄπισθε φίλον τετιημένη ἦτορ	-- - u u-u u- uu-uu --	dactylic hexameter	feminine penthemimeral, hepthemimeral, trithemimeral
στεῖχε κατὰ κρῆθεν κεκαλυμμένη: ἀμφὶ δὲ πέπλος	-u u- -- uu-uu -u u --	dactylic hexameter	masculine penthemimeral, trithemimeral
κυάνεος ῥαδινοῖσι θεᾶς ἐλελίζετο ποσσίν.	-uu- uu-u u- uu-uu --	dactylic hexameter	feminine penthemimeral, hepthemimeral, trithemimeral
αἶψα δὲ δώμαθ᾽ ἵκοντο διοτρεφέος Κελεοῖο,	-u u -u u-u u-uu- uu--	dactylic hexameter	feminine penthemimeral
βὰν δὲ δι᾽ αἰθούσης, ἔνθα σφίσι πότνια μήτηρ	- u u --- -- uu -uu --	dactylic hexameter	masculine penthemimeral, hepthemimeral
ἧστο παρὰ σταθμὸν τέγεος πύκα ποιητοῖο	-u u- -- uu- uu ----	dactylic hexameter	masculine penthemimeral, hepthemimeral, trithemimeral
παῖδ᾽ ὑπὸ κόλπῳ ἔχουσα, νέον θάλος: αἳ δὲ πὰρ αὐτὴν	- uu -u u-u u- uu - u u --	dactylic hexameter	feminine penthemimeral, hepthemimeral
ἔδραμον: ἣ δ᾽ἄρ᾽ ἐπ᾽ οὐδὸν ἔβη ποσὶ καὶ ῥα μελάθρου	-uu - u u -u u- uu - u u--	dactylic hexameter	feminine penthemimeral, hepthemimeral, trithemimeral
κῦρε κάρη, πλῆσεν δὲ θύρας σέλαος θείοιο.	-u u- -- u u- uu- ---	dactylic hexameter	masculine penthemimeral, hepthemimeral, trithemimeral
τὴν δ᾽αἰδώς τε σέβας τε ἰδὲ χλωρὸν δέος εἷλεν:	- -- u u- u u- -- uu --	dactylic hexameter	masculine penthemimeral, hepthemimeral, trithemimeral
εἶξε δέ οἱ κλισμοῖο καὶ ἑδριάασθαι ἄνωγεν.	-u u - --u u -uu-u u--	dactylic hexameter	feminine penthemimeral, trithemimeral
ἀλλ᾽ οὐ Δημήτηρ ὡρηφόρος, ἀγλαόδωρος,	- - --- --uu -uu--	dactylic hexameter	masculine penthemimeral
ἤθελεν ἑδριάασθαι ἐπὶ κλισμοῖο φαεινοῦ,	-uu -uu-u u- --u u--	dactylic hexameter	feminine penthemimeral, hepthemimeral
ἀλλ᾽ ἀκέουσ᾽ ἀνέμιμνε κατ᾽ ὄμματα καλὰ βαλοῦσα,	- uu- uu-u u -uu -u u--	dactylic hexameter	feminine penthemimeral, trithemimeral
πρίν γ᾽ὅτε δή οἱ ἔθηκεν Ἰάμβη κέδν᾽ εἰδυῖα	- uu - u u-u u-- - ---	dactylic hexameter	feminine penthemimeral, trithemimeral
πηκτὸν ἕδος, καθύπερθε δ᾽ἐπ᾽ ἀργύφεον βάλε κῶας.	-u u- uu-u u -uu- uu --	dactylic hexameter	feminine penthemimeral, trithemimeral
ἔνθα καθεζομένη προκατέσχετο χερσὶ καλύπτρην:	-u u-uu- uu-uu -u u--	dactylic hexameter	masculine penthemimeral
δηρὸν δ᾽ἄφθογγος τετιημένη ἧστ᾽ ἐπὶ δίφρου,	-- --- uu-uu - uu --	dactylic hexameter	masculine penthemimeral
οὐδέ τιν᾽ οὔτ᾽ ἔπεϊ προσπτύσσετο οὔτε τι ἔργῳ,	-u u - uu- --uu -u u --	dactylic hexameter	masculine penthemimeral, trithemimeral
ἀλλ᾽ ἀγέλαστος, ἄπαστος ἐδητύος ἠδὲ ποτῆτος	- uu-u u-u u-uu -u u--	dactylic hexameter	feminine penthemimeral
ἧστο πόθῳ μινύθουσα βαθυζώνοιο θυγατρός,	-u u- uu-u u---u u--	dactylic hexameter	feminine penthemimeral, trithemimeral
πρίν γ᾽ὅτε δὴ χλεύῃς μιν Ἰάμβη κέδν᾽ εἰδυῖα	- uu - -- u u-- - ---	dactylic hexameter	masculine penthemimeral, trithemimeral
πολλὰ παρασκώπτουσ᾽ ἐτρέψατο πότνιαν ἁγνήν,	-u u--- --uu -uu --	dactylic hexameter	masculine penthemimeral
μειδῆσαι γελάσαι τε καὶ ἵλαον σχεῖν θυμόν:	--- uu- u u --- - --	dactylic hexameter	masculine penthemimeral, trithemimeral
ἣ δή οἱ καὶ ἔπειτα μεθύστερον εὔαδεν ὀργαῖς.	- - - u u-u u-uu -uu --	dactylic hexameter	feminine penthemimeral, trithemimeral
τῇ δὲ δέπας Μετάνειρα δίδου μελιηδέος οἴνου	- u u- uu-u u- uu-uu --	dactylic hexameter	feminine penthemimeral, hepthemimeral, trithemimeral
πλήσασ᾽: ἣ δ᾽ἀνένευσ᾽: οὐ γὰρ θεμιτόν οἱ ἔφασκε	-- - uu- - - uu- u u--	dactylic hexameter	masculine penthemimeral, hepthemimeral, trithemimeral
πίνειν οἶνον ἐρυθρόν: ἄνωγε δ᾽ἄρ᾽ ἄλφι καὶ ὕδωρ	-- -u u-u u-u u -u u --	dactylic hexameter	feminine penthemimeral
δοῦναι μίξασαν πιέμεν γλήχωνι τερείνῃ.	-- --- uu- --u u--	dactylic hexameter	masculine penthemimeral, hepthemimeral
ἣ δὲ κυκεῶ τεύξασα θεᾷ πόρεν, ὡς ἐκέλευε:	- u u- --u u- -- - uu--	lyric	
δεξαμένη δ᾽ὁσίης ἕνεκεν πολυπότνια Δηώ	-uu- uu- uu- uu-uu --	dactylic hexameter	masculine penthemimeral, hepthemimeral, trithemimeral
τῇσι δὲ μύθων ἦρχεν ἐύζωνος Μετάνειρα:	-- u -- -u u--- uu--	lyric	
χαῖρε, γύναι, ἐπεὶ οὔ σε κακῶν ἄπ᾽ ἔολπα τοκήων	-u u- uu - u u- u u-u u--	dactylic hexameter	masculine penthemimeral, hepthemimeral, trithemimeral
ἔμμεναι, ἀλλ᾽ ἀγαθῶν: ἐπί τοι πρέπει ὄμμασιν αἰδὼς	-uu - uu- uu - uu -uu --	dactylic hexameter	masculine penthemimeral, hepthemimeral, trithemimeral
καὶ χάρις, ὡς εἴ πέρ τε θεμιστοπόλων βασιλήων.	- uu - - - u u-uu- uu--	dactylic hexameter	masculine penthemimeral, trithemimeral
ἀλλὰ θεῶν μὲν δῶρα καὶ ἀχνύμενοί περ ἀνάγκῃ	-u u- - -u u -uu- u u--	dactylic hexameter	feminine penthemimeral, trithemimeral
τέτλαμεν ἄνθρωποι: ἐπὶ γὰρ ζυγὸς αὐχένι κεῖται.	-uu --- uu - uu -uu --	dactylic hexameter	masculine penthemimeral, hepthemimeral
νῦν δ᾽,ἐπεὶ ἵκεο δεῦρο, παρέσσεται ὅσσα τ᾽ἐμοί περ.	- uu -uu -u u-uu -u u- -	dactylic hexameter	feminine penthemimeral
παῖδα δέ μοι τρέφε τόνδε, τὸν ὀψίγονον καὶ ἄελπτον	-u u - uu -u u -uu- u u--	dactylic hexameter	feminine penthemimeral, trithemimeral
ὤπασαν ἀθάνατοι, πολυάρητος δέ μοί ἐστιν.	-uu -uu- uu--- u u --	dactylic hexameter	masculine penthemimeral
εἰ τόν γε θρέψαιο καὶ ἥβης μέτρον ἵκοιτο,	- - - --u u -- -u u--	dactylic hexameter	feminine penthemimeral, trithemimeral
ῥεῖά κέ τίς σε ἰδοῦσα γυναικῶν θηλυτεράων	-u u - u u-u u-- -uu--	dactylic hexameter	feminine penthemimeral, trithemimeral
ζηλώσαι: τόσα κέν τοι ἀπὸ θρεπτήρια δοίην.	--- uu - u u- --uu --	dactylic hexameter	masculine penthemimeral, hepthemimeral, trithemimeral
τὴν δ᾽αὖτε προσέειπεν ἐυστέφανος Δημήτηρ:	- -- uu-u u-uu- ---	dactylic hexameter	feminine penthemimeral, trithemimeral
καὶ σύ, γύναι, μάλα χαῖρε, θεοὶ δέ τοι ἐσθλὰ πόροιεν:	- u u- uu -u u- u u -u u--	dactylic hexameter	feminine penthemimeral, hepthemimeral, trithemimeral
παῖδα δέ τοι πρόφρων ὑποδέξομαι, ὥς με κελεύεις,	-u u - -- uu-uu - u u--	dactylic hexameter	masculine penthemimeral, trithemimeral
θρέψω κοὔ μιν, ἔολπα, κακοφραδίῃσι τιθήνης	-- - u u-u u-uu-u u--	dactylic hexameter	feminine penthemimeral, trithemimeral
οὔτ᾽ ἄρ᾽ ἐπηλυσίη δηλήσεται οὔθ᾽ ὑποτάμνον:	- u u-uu- --uu - uu--	dactylic hexameter	masculine penthemimeral
οἶδα γὰρ ἀντίτομον μέγα φέρτερον ὑλοτόμοιο,	-u u -uu- uu -uu -uu--	dactylic hexameter	masculine penthemimeral
οἶδα δ᾽ἐπηλυσίης πολυπήμονος ἐσθλὸν ἐρυσμόν.	-u u-uu- uu-uu -u u--	dactylic hexameter	masculine penthemimeral
ὣς ἄρα φωνήσασα θυώδεϊ δέξατο κόλπῳ	- uu ---u u-uu -uu --	dactylic hexameter	feminine penthemimeral
χείρεσσ᾽ ἀθανάτῃσι: γεγήθει δὲ φρένα μήτηρ.	-- -uu-u u-- - uu --	dactylic hexameter	feminine penthemimeral
ὣς ἣ μὲν Κελεοῖο δαΐφρονος ἀγλαὸν υἱὸν	- - - uu-u u-uu -uu --	dactylic hexameter	feminine penthemimeral, trithemimeral
Δημοφόωνθ᾽, ὃν ἔτικτεν ἐύζωνος Μετάνειρα,	-uu- u u-u u--- uu--	dactylic hexameter	feminine penthemimeral, trithemimeral
ἔτρεφεν ἐν μεγάροις: ὃ δ᾽ἀέξετο δαίμονι ἶσος,	-uu - uu- u u-uu -uu --	dactylic hexameter	masculine penthemimeral, trithemimeral
οὔτ᾽ οὖν σῖτον ἔδων, οὐ θησάμενος [γάλα μητρὸς	- - -u u- - -uu- uu --	dactylic hexameter	masculine penthemimeral
aἠματίη μὲν γὰρ καλλιστέφανος	-uu- - - --uu- ---	dactylic hexameter	masculine penthemimeral, trithemimeral
χρίεσκ᾽ ἀμβροσίῃ ὡσεὶ θεοῦ ἐκγεγαῶτα	-- -uu- -- uu -uu--	dactylic hexameter	masculine penthemimeral, hepthemimeral
ἡδὺ καταπνείουσα καὶ ἐν κόλποισιν ἔχουσα:	-u u---u u - --u u--	dactylic hexameter	feminine penthemimeral, hepthemimeral
νύκτας δὲ κρύπτεσκε πυρὸς μένει ἠύτε δαλὸν	-- - --u u- uu -uu --	dactylic hexameter	feminine penthemimeral, hepthemimeral, trithemimeral
λάθρα φίλων γονέων: τοῖς δὲ μέγα θαῦμ᾽ ἐτέτυκτο,	-u u- uu- - - uu - uu--	dactylic hexameter	masculine penthemimeral, hepthemimeral, trithemimeral
ὡς προθαλὴς τελέθεσκε: θεοῖσι γὰρ ἄντα ἐῴκει.	- uu- uu-u u-u u -u u--	dactylic hexameter	feminine penthemimeral, trithemimeral
καί κέν μιν ποίησεν ἀγήρων τ᾽ἀθάνατόν τε,	- - - --u u-- -uu- -	dactylic hexameter	feminine penthemimeral, trithemimeral
εἰ μὴ ἄρ᾽ ἀφραδίῃσιν ἐύζωνος Μετάνειρα	- u u -uu-u u--- uu--	dactylic hexameter	feminine penthemimeral
νύκτ᾽ ἐπιτηρήσασα θυώδεος ἐκ θαλάμοιο	- uu---u u-uu - uu--	dactylic hexameter	feminine penthemimeral
σκέψατο: κώκυσεν δὲ καὶ ἄμφω πλήξατο μηρὼ	-uu --- u u -- -uu --	dactylic hexameter	masculine penthemimeral
δείσασ᾽ ᾧ περὶ παιδὶ καὶ ἀάσθη μέγα θυμῷ	-- - uu -u u --- uu --	dactylic hexameter	feminine penthemimeral, trithemimeral
καί ῥ᾽ὀλοφυρομένη ἔπεα πτερόεντα προσηύδα:	- uu-uu- uu- uu-u u--	dactylic hexameter	masculine penthemimeral, hepthemimeral
τέκνον Δημοφόων, ξείνη σε πυρὶ ἔνι πολλῷ	-- -uu- -- u u- uu --	dactylic hexameter	masculine penthemimeral, hepthemimeral
κρύπτει, ἐμοὶ δὲ γόον καὶ κήδεα λυγρὰ τίθησιν.	-u u- u u- - -uu -u u--	dactylic hexameter	masculine penthemimeral, trithemimeral
ὣς φάτ᾽ ὀδυρομένη: τῆς δ᾽ἄιε δῖα θεάων.	- u u-uu- - -uu -u u--	dactylic hexameter	masculine penthemimeral
τῇ δὲ χολωσαμένη καλλιστέφανος Δημήτηρ	- u u-uu- --uu- ---	dactylic hexameter	masculine penthemimeral
παῖδα φίλον, τὸν ἄελπτον ἐνὶ μεγάροισιν ἔτικτε,	-u u- u u-u u- uu-u u--	dactylic hexameter	feminine penthemimeral, hepthemimeral, trithemimeral
χείρεσσ᾽ ἀθανάτῃσιν ἀπὸ ἕθεν ἧκε πέδονδε,	-- -uu-u u- uu -u u--	dactylic hexameter	feminine penthemimeral, hepthemimeral
ἐξανελοῦσα πυρός, θυμῷ κοτέσασα μάλ᾽ αἰνῶς,	-uu-u u- -- uu-u u --	dactylic hexameter	masculine penthemimeral, hepthemimeral
καί ῥ᾽ἄμυδις προσέειπεν ἐύζωνον Μετάνειραν:	- uu- uu-u u--- uu--	dactylic hexameter	feminine penthemimeral, trithemimeral
νήιδες ἄνθρωποι καὶ ἀφράδμονες οὔτ᾽ ἀγαθοῖο	-uu --- u u-uu - uu--	dactylic hexameter	masculine penthemimeral
αἶσαν ἐπερχομένου προγνώμεναι οὔτε κακοῖο:	-u u-uu- --uu -u u--	dactylic hexameter	masculine penthemimeral
καὶ σὺ γὰρ ἀφραδίῃσι τεῇς νήκεστον ἀάσθης.	- u u -uu-u u- --u u--	dactylic hexameter	feminine penthemimeral, hepthemimeral
ἴστω γὰρ θεῶν ὅρκος, ἀμείλικτον Στυγὸς ὕδωρ,	-- - - -- ---- uu --	lyric	
ἀθάνατόν κέν τοι καὶ ἀγήραον ἤματα πάντα	-uu- - - u u-uu -uu --	dactylic hexameter	masculine penthemimeral, trithemimeral
παῖδα φίλον ποίησα καὶ ἄφθιτον ὤπασα τιμήν:	-u u- --u u -uu -uu --	dactylic hexameter	feminine penthemimeral, trithemimeral
νῦν δ᾽οὐκ ἔσθ᾽ ὥς κεν θάνατον καὶ κῆρας ἀλύξαι:	- - - - - uu- - -u u--	dactylic hexameter	masculine penthemimeral, hepthemimeral, trithemimeral
τιμὴ δ᾽ἄφθιτος αἰὲν ἐπέσσεται, οὕνεκα γούνων	-- -uu -u u-uu -uu --	dactylic hexameter	feminine penthemimeral
ἡμετέρων ἐπέβη καὶ ἐν ἀγκοίνῃσιν ἴαυσεν.	-uu- uu- u u ---u u--	dactylic hexameter	masculine penthemimeral, trithemimeral
ὥρῃσιν δ᾽ἄρα τῷ γε περιπλομένων ἐνιαυτῶν	--- uu - u u-uu- uu--	dactylic hexameter	masculine penthemimeral, trithemimeral
παῖδες Ἐλευσινίων πόλεμον καὶ φύλοπιν αἰνὴν	-u u-uu- uu- - -uu --	dactylic hexameter	masculine penthemimeral, hepthemimeral
αἰὲν ἐν ἀλλήλοισιν συνάξουσ᾽ ἤματα πάντα.	-u u ---- --- --- --	lyric	
εἰμὶ δὲ Δημήτηρ τιμάοχος, ἥτε μέγιστον	-u u --- uu-- -u u--	dactylic hexameter	masculine penthemimeral
ἀθανάτοις θνητοῖς τ᾽ὄνεαρ καὶ χάρμα τέτυκται.	-uu- -- uu- - -u u--	dactylic hexameter	masculine penthemimeral, hepthemimeral, trithemimeral
ἀλλ᾽ ἄγε μοι νηόν τε μέγαν καὶ βωμὸν ὑπ᾽ αὐτῷ	- uu - -- u u- - -u u --	dactylic hexameter	masculine penthemimeral, hepthemimeral, trithemimeral
τευχόντων πᾶς δῆμος ὑπαὶ πόλιν αἰπύ τε τεῖχος	--- - -u u- uu -u u --	dactylic hexameter	feminine penthemimeral, hepthemimeral, trithemimeral
Καλλιχόρου καθύπερθεν ἐπὶ προὔχοντι κολωνῷ.	-uu- uu-u u- --u u--	dactylic hexameter	feminine penthemimeral, hepthemimeral, trithemimeral
ὄργια δ᾽αὐτὴ ἐγὼν ὑποθήσομαι, ὡς ἂν ἔπειτα	-uu -u u- uu-uu - u u--	dactylic hexameter	masculine penthemimeral
εὐαγέως ἔρδοντες ἐμὸν νόον ἱλάσκοισθε.	-uu- --u u- uu ----	dactylic hexameter	feminine penthemimeral, hepthemimeral, trithemimeral
ὣς εἰποῦσα θεὰ μέγεθος καὶ εἶδος ἄμειψε	- --u u- uu- - -u u--	dactylic hexameter	masculine penthemimeral, hepthemimeral
γῆρας ἀπωσαμένη: περί τ᾽ἀμφί τε κάλλος ἄητο:	-u u-uu- uu -u u -u u--	dactylic hexameter	masculine penthemimeral
ὀδμὴ δ᾽ἱμερόεσσα θυηέντων ἀπὸ πέπλων	-- -uu-u u--- uu --	dactylic hexameter	feminine penthemimeral
σκίδνατο, τῆλε δὲ φέγγος ἀπὸ χροὸς ἀθανάτοιο	-uu -u u -u u- uu -uu--	dactylic hexameter	feminine penthemimeral, hepthemimeral
λάμπε θεᾶς, ξανθαὶ δὲ κόμαι κατενήνοθεν ὤμους,	-u u- -- u u- uu-uu --	dactylic hexameter	masculine penthemimeral, hepthemimeral, trithemimeral
αὐγῆς δ᾽ἐπλήσθη πυκινὸς δόμος ἀστεροπῆς ὥς:	-- --- uu- uu -uu- -	dactylic hexameter	masculine penthemimeral, hepthemimeral
βῆ δὲ διὲκ μεγάρων: τῆς δ᾽αὐτίκα γούνατ᾽ ἔλυντο,	- u u- uu- - -uu -u u--	dactylic hexameter	masculine penthemimeral, trithemimeral
δηρὸν δ᾽ἄφθογγος γένετο χρόνον, οὐδέ τι παιδὸς	-- --- uu- uu -u u --	dactylic hexameter	masculine penthemimeral, hepthemimeral
μνήσατο τηλυγέτοιο ἀπὸ δαπέδου ἀνελέσθαι.	-uu -uu-u u- uu- uu--	dactylic hexameter	feminine penthemimeral, hepthemimeral
τοῦ δὲ κασίγνηται φωνὴν ἐσάκουσαν ἐλεινήν,	- u u--- -- uu-u u--	dactylic hexameter	masculine penthemimeral, hepthemimeral
κὰδ δ᾽ἄρ᾽ ἀπ᾽ εὐστρώτων λεχέων θόρον: ἣ μὲν ἔπειτα	- u u --- uu- uu - u u--	dactylic hexameter	masculine penthemimeral, hepthemimeral
παῖδ᾽ ἀνὰ χερσὶν ἑλοῦσα ἑῷ ἐγκάτθετο κόλπῳ:	- uu -u u-u u- --uu --	dactylic hexameter	feminine penthemimeral, hepthemimeral
ἣ δ᾽ἄρα πῦρ ἀνέκαι᾽: ἣ δ᾽ἔσσυτο πόσσ᾽ ἁπαλοῖσι	- uu - uu- - -uu - uu--	dactylic hexameter	masculine penthemimeral, trithemimeral
μητέρ᾽ ἀναστήσουσα θυώδεος ἐκ θαλάμοιο.	-u u---u u-uu - uu--	dactylic hexameter	feminine penthemimeral
ἀγρόμεναι δέ μιν ἀμφὶς ἐλούεον ἀσπαίροντα	-uu- u u -u u-uu ----	dactylic hexameter	feminine penthemimeral, trithemimeral
ἀμφαγαπαζόμεναι: τοῦ δ᾽οὐ μειλίσσετο θυμός:	-uu-uu- - - --uu --	dactylic hexameter	masculine penthemimeral, hepthemimeral
χειρότεραι γὰρ δή μιν ἔχον τροφοὶ ἠδὲ τιθῆναι.	-uu- - - u u- uu -u u--	dactylic hexameter	masculine penthemimeral, hepthemimeral, trithemimeral
αἳ μὲν παννύχιαι κυδρὴν θεὸν ἱλάσκοντο	- - -uu- -- uu ----	dactylic hexameter	masculine penthemimeral, hepthemimeral
δείματι παλλόμεναι, ἅμα δ᾽ἠοῖ φαινομένηφιν	-uu -uu- uu -- -uu--	dactylic hexameter	masculine penthemimeral
εὐρυβίῃ Κελεῷ νημερτέα μυθήσαντο,	-uu- uu- --uu ----	dactylic hexameter	masculine penthemimeral, trithemimeral
ὡς ἐπέτελλε θεά, καλλιστέφανος Δημήτηρ.	- uu-u u- --uu- ---	dactylic hexameter	masculine penthemimeral
αὐτὰρ ὅ γ᾽εἰς ἀγορὴν καλέσας πολυπείρονα λαὸν	-u u - uu- uu- uu-uu --	dactylic hexameter	masculine penthemimeral, hepthemimeral, trithemimeral
ἤνωγ᾽ ἠυκόμῳ Δημήτερι πίονα νηὸν	-- -uu- --uu -uu --	dactylic hexameter	masculine penthemimeral
ποιῆσαι καὶ βωμὸν ἐπὶ προὔχοντι κολωνῷ.	--- - -u u- --u u--	dactylic hexameter	feminine penthemimeral, hepthemimeral, trithemimeral
οἳ δὲ μάλ᾽ αἶψ᾽ ἐπίθοντο καὶ ἔκλυον αὐδήσαντος,	- u u - uu-u u -uu ----	dactylic hexameter	feminine penthemimeral, trithemimeral
τεῦχον δ᾽,ὡς ἐπέτελλ᾽. ὃ δ᾽ἀέξετο δαίμονι ἶσος.	-- - uu- u u-uu -uu --	dactylic hexameter	masculine penthemimeral, trithemimeral
αὐτὰρ ἐπεὶ τέλεσαν καὶ ἐρώησαν καμάτοιο,	-u u- uu- u u--- uu--	dactylic hexameter	masculine penthemimeral, trithemimeral
βάν ῥ᾽ἴμεν οἴκαδ᾽ ἕκαστος: ἀτὰρ ξανθὴ Δημήτηρ	- uu -u u-u u- -- ---	dactylic hexameter	feminine penthemimeral, hepthemimeral
ἔνθα καθεζομένη μακάρων ἀπὸ νόσφιν ἁπάντων	-u u-uu- uu- uu -u u--	dactylic hexameter	masculine penthemimeral, hepthemimeral
μίμνε πόθῳ μινύθουσα βαθυζώνοιο θυγατρός.	-u u- uu-u u---u u--	dactylic hexameter	feminine penthemimeral, trithemimeral
αἰνότατον δ᾽ἐνιαυτὸν ἐπὶ χθόνα πουλυβότειραν	-uu- uu-u u- uu -uu--	dactylic hexameter	feminine penthemimeral, hepthemimeral, trithemimeral
ποίησ᾽ ἀνθρώποις καὶ κύντατον: οὐδέ τι γαῖα	-- --- - -uu -u u --	dactylic hexameter	masculine penthemimeral
σπέρμ᾽ ἀνίει, κρύπτεν γὰρ ἐυστέφανος Δημήτηρ:	- uu- -- u u-uu- ---	dactylic hexameter	masculine penthemimeral, trithemimeral
πολλὰ δὲ καμπύλ᾽ ἄροτρα μάτην βόες εἷλκον ἀρούραις:	-u u -u u-u u- uu -u u--	dactylic hexameter	feminine penthemimeral, hepthemimeral
πολλὸν δὲ κρῖ λευκὸν ἐτώσιον ἔμπεσε γαίῃ:	-- - - -u u-uu -uu --	dactylic hexameter	feminine penthemimeral, trithemimeral
καί νύ κε πάμπαν ὄλεσσε γένος μερόπων ἀνθρώπων	- u u -u u-u u- uu- ---	dactylic hexameter	feminine penthemimeral, hepthemimeral
λιμοῦ ὑπ᾽ ἀργαλέης, γεράων τ᾽ἐρικυδέα τιμὴν	-u u -uu- uu- uu-uu --	dactylic hexameter	masculine penthemimeral, hepthemimeral
καὶ θυσιῶν ἤμερσεν Ὀλύμπια δώματ᾽ ἔχοντας,	- uu- --u u-uu -u u--	dactylic hexameter	feminine penthemimeral, trithemimeral
εἰ μὴ Ζεὺς ἐνόησεν ἑῷ τ᾽ἐφράσσατο θυμῷ.	- - - uu-u u- --uu --	dactylic hexameter	feminine penthemimeral, hepthemimeral, trithemimeral
Ἶριν δὲ πρῶτον χρυσόπτερον ὦρσε καλέσσαι	-- - -- --uu -u u--	dactylic hexameter	masculine penthemimeral, trithemimeral
Δήμητρ᾽ ἠύκομον, πολυήρατον εἶδος ἔχουσαν.	-- -uu- uu-uu -u u--	dactylic hexameter	masculine penthemimeral
ὣς ἔφαθ᾽: ἣ δὲ Ζηνὶ κελαινεφέι Κρονίωνι	- uu - - -u u-uu- uu--	dactylic hexameter	feminine penthemimeral, trithemimeral
πείθετο καὶ τὸ μεσηγὺ διέδραμεν ὦκα πόδεσσιν.	-uu - u u-u u-uu -u u--	dactylic hexameter	feminine penthemimeral, trithemimeral
ἵκετο δὲ πτολίεθρον Ἐλευσῖνος θυοέσσης,	-uu - uu-u u--- uu--	dactylic hexameter	feminine penthemimeral, trithemimeral
εὗρεν δ᾽ἐν νηῷ Δημήτερα κυανόπεπλον	-- - -- --uu -uu--	dactylic hexameter	masculine penthemimeral, trithemimeral
καί μιν φωνήσασ᾽ ἔπεα πτερόεντα προσηύδα:	- - --- uu- uu-u u--	dactylic hexameter	masculine penthemimeral, hepthemimeral
Δήμητερ, καλέει σε πατὴρ Ζεὺς ἄφθιτα εἰδὼς	--- uu- u u- - -uu --	dactylic hexameter	masculine penthemimeral, hepthemimeral, trithemimeral
ἐλθέμεναι μετὰ φῦλα θεῶν αἰειγενετάων.	-uu- uu -u u- --uu--	dactylic hexameter	feminine penthemimeral, hepthemimeral, trithemimeral
ἄλλ᾽ ἴθι, μηδ᾽ ἀτέλεστον ἐμὸν ἔπος ἐκ Διὸς ἔστω.	- uu - uu-u u- uu - uu --	dactylic hexameter	feminine penthemimeral, hepthemimeral, trithemimeral
ὣς φάτο λισσομένη: τῇ δ᾽οὐκ ἐπεπείθετο θυμός.	- uu -uu- - - uu-uu --	dactylic hexameter	masculine penthemimeral, hepthemimeral
αὖτις ἔπειτα πατὴρ μάκαρας θεοὺς αἰὲν ἐόντας	-u u-u u- uu- - -u u--	dactylic hexameter	masculine penthemimeral, hepthemimeral
πάντας ἐπιπροΐαλλεν: ἀμοιβηδὶς δὲ κιόντες	-u u-uu-u u--- u u--	dactylic hexameter	feminine penthemimeral
κίκλησκον καὶ πολλὰ δίδον περικαλλέα δῶρα	--- - -u u- uu-uu --	dactylic hexameter	feminine penthemimeral, hepthemimeral, trithemimeral
τιμάς θ᾽,†ἅς κ᾽ἐθέλοιτο† μετ᾽ ἀθανάτοισιν ἑλέσθαι.	-- - uu-u u -uu-u u--	dactylic hexameter	feminine penthemimeral, trithemimeral
ἀλλ᾽ οὔτις πεῖσαι δύνατο φρένας οὐδὲ νόημα	- -- -- uu- uu -u u--	dactylic hexameter	masculine penthemimeral, hepthemimeral, trithemimeral
θυμῷ χωομένης: στερεῶς δ᾽ἠναίνετο μύθους.	-- -uu- uu- --uu --	dactylic hexameter	masculine penthemimeral, hepthemimeral
οὐ μὲν γάρ ποτ᾽ ἔφασκε θυώδεος Οὐλύμποιο	- - - u u-u u-uu ----	dactylic hexameter	feminine penthemimeral, trithemimeral
πρίν γ᾽ἐπιβήσεσθαι, οὐ πρὶν γῆς καρπὸν ἀνήσειν,	- uu--- - - - -u u--	dactylic hexameter	masculine penthemimeral, hepthemimeral
πρὶν ἴδοι ὀφθαλμοῖσιν ἑὴν εὐώπιδα κούρην.	- uu ---u u- --uu --	dactylic hexameter	feminine penthemimeral, hepthemimeral
αὐτὰρ ἐπεὶ τό γ᾽ἄκουσε βαρύκτυπος εὐρύοπα Ζεύς,	-u u- u u-u u-uu -uu- -	dactylic hexameter	feminine penthemimeral, trithemimeral
εἰς Ἔρεβος πέμψε χρυσόρραπιν Ἀργειφόντην,	- uu- -- --uu ----	dactylic hexameter	masculine penthemimeral, trithemimeral
ὄφρ᾽ Ἀίδην μαλακοῖσι παραιφάμενος ἐπέεσσιν	- uu- uu-u u-uu- uu--	dactylic hexameter	feminine penthemimeral, trithemimeral
ἁγνὴν Περσεφόνειαν ὑπὸ ζόφου ἠερόεντος	-- -uu-u u- uu -uu--	dactylic hexameter	feminine penthemimeral, hepthemimeral
ἐς φάος ἐξαγάγοι μετὰ δαίμονας, ὄφρα ἑ μήτηρ	- uu -uu- uu -uu -u u --	dactylic hexameter	masculine penthemimeral
ὀφθαλμοῖσιν ἰδοῦσα μεταλήξειε χόλοιο.	---u u-u u---u u--	dactylic hexameter	feminine penthemimeral
Ἑρμῆς δ᾽οὐκ ἀπίθησεν, ἄφαρ δ᾽ὑπὸ κεύθεα γαίης	-- - uu-u u- uu -uu --	dactylic hexameter	feminine penthemimeral, hepthemimeral, trithemimeral
ἐσσυμένως κατόρουσε λιπὼν ἕδος Οὐλύμποιο.	-uu- uu-u u- uu ----	dactylic hexameter	feminine penthemimeral, hepthemimeral, trithemimeral
τέτμε δὲ τόν γε ἄνακτα δόμων ἔντοσθεν ἐόντα,	-u u - u u-u u- --u u--	dactylic hexameter	feminine penthemimeral, hepthemimeral, trithemimeral
ἥμενον ἐν λεχέεσσι σὺν αἰδοίῃ παρακοίτι,	-uu - uu-u u --- uu--	dactylic hexameter	feminine penthemimeral, trithemimeral
πόλλ᾽ ἀεκαζομένῃ μητρὸς πόθῳ: ἣ δ᾽ἀποτηλοῦ	- uu-uu- -- uu - uu--	dactylic hexameter	masculine penthemimeral, hepthemimeral
ἔργοις θεῶν μακάρων [δεινὴν	-- - uu- -- --uu --	dactylic hexameter	masculine penthemimeral, hepthemimeral, trithemimeral
ἀγχοῦ δ᾽ἱστάμενος προσέφη κρατὺς Ἀργειφόντης:	-- -uu- uu- uu ----	dactylic hexameter	masculine penthemimeral, hepthemimeral
Ἅιδη κυανοχαῖτα, καταφθιμένοισιν ἀνάσσων,	-- -uu-u u-uu-u u--	dactylic hexameter	feminine penthemimeral
Ζεύς με πατὴρ ἤνωγεν ἀγαυὴν Περσεφόνειαν	- u u- --u u-- -uu--	dactylic hexameter	feminine penthemimeral, trithemimeral
ἐξαγαγεῖν Ἐρέβευσφι μετὰ σφέας, ὄφρα ἑ μήτηρ	-uu- uu-u u- uu -u u --	dactylic hexameter	feminine penthemimeral, hepthemimeral, trithemimeral
ὀφθαλμοῖσιν ἰδοῦσα χόλου καὶ μήνιος αἰνῆς	---u u-u u- - -uu --	dactylic hexameter	feminine penthemimeral, hepthemimeral
ἀθανάτοις λήξειεν: ἐπεὶ μέγα μήδεται ἔργον,	-uu- --u u- uu -uu --	dactylic hexameter	feminine penthemimeral, hepthemimeral, trithemimeral
φθῖσαι φῦλ᾽ ἀμενηνὰ χαμαιγενέων ἀνθρώπων,	-- - uu-u u-uu- ---	dactylic hexameter	feminine penthemimeral, trithemimeral
σπέρμ᾽ ὑπὸ γῆς κρύπτουσα, καταφθινύθουσα δὲ τιμὰς	- uu - --u u-uu-u u --	dactylic hexameter	feminine penthemimeral, trithemimeral
ἀθανάτων: ἣ δ᾽αἰνὸν ἔχει χόλον, οὐδὲ θεοῖσι	-uu- - -u u- uu -u u--	dactylic hexameter	feminine penthemimeral, hepthemimeral, trithemimeral
μίσγεται, ἀλλ᾽ ἀπάνευθε θυώδεος ἔνδοθι νηοῦ	-uu - uu-u u-uu -uu --	dactylic hexameter	feminine penthemimeral, trithemimeral
ἧσται Ἐλευσῖνος κραναὸν πτολίεθρον ἔχουσα.	-u u--- uu- uu-u u--	dactylic hexameter	masculine penthemimeral, hepthemimeral
ὣς φάτο: μείδησεν δὲ ἄναξ ἐνέρων Ἀιδωνεὺς	- uu --- u u- uu- uu--	dactylic hexameter	masculine penthemimeral, hepthemimeral
ὀφρύσιν, οὐδ᾽ ἀπίθησε Διὸς βασιλῆος ἐφετμῇς:	-uu - uu-u u- uu-u u--	dactylic hexameter	feminine penthemimeral, hepthemimeral, trithemimeral
ἐσσυμένως δ᾽ἐκέλευσε δαΐφρονι Περσεφονείῃ:	-uu- uu-u u-uu -uu--	dactylic hexameter	feminine penthemimeral, trithemimeral
ἔρχεο, Περσεφόνη, παρὰ μητέρα κυανόπεπλον	-uu -uu- uu -uu -uu--	dactylic hexameter	masculine penthemimeral
ἤπιον ἐν στήθεσσι μένος καὶ θυμὸν ἔχουσα,	-uu - --u u- - -u u--	dactylic hexameter	feminine penthemimeral, hepthemimeral, trithemimeral
μηδέ τι δυσθύμαινε λίην περιώσιον ἄλλων:	-u u ---u u- uu-uu --	dactylic hexameter	feminine penthemimeral, hepthemimeral
οὔ τοι ἐν ἀθανάτοισιν ἀεικὴς ἔσσομ᾽ ἀκοίτης,	- u u -uu-u u-- -u u--	dactylic hexameter	feminine penthemimeral
αὐτοκασίγνητος πατρὸς Διός: ἔνθα δ᾽ἐοῦσα	-uu--- -- uu -u u--	dactylic hexameter	masculine penthemimeral, hepthemimeral
δεσπόσσεις πάντων ὁπόσα ζώει τε καὶ ἕρπει,	--- -- uu- -- u u --	dactylic hexameter	masculine penthemimeral, hepthemimeral, trithemimeral
τιμὰς δὲ σχήσησθα μετ᾽ ἀθανάτοισι μεγίστας.	-- - --u u -uu-u u--	dactylic hexameter	feminine penthemimeral, trithemimeral
τῶν δ᾽ἀδικησάντων τίσις ἔσσεται ἤματα πάντα,	- uu--- uu -uu -uu --	dactylic hexameter	masculine penthemimeral
οἵ κεν μὴ θυσίῃσι τεὸν μένος ἱλάσκωνται	- - - uu-u u- uu ----	dactylic hexameter	feminine penthemimeral, hepthemimeral, trithemimeral
εὐαγέως ἔρδοντες, ἐναίσιμα δῶρα τελοῦντες.	-uu- --u u-uu -u u--	dactylic hexameter	feminine penthemimeral, trithemimeral
ὣς φάτο: γήθησεν δὲ περίφρων Περσεφόνεια,	- uu --- u u-- -uu--	dactylic hexameter	masculine penthemimeral
καρπαλίμως δ᾽ἀνόρουσ᾽ ὑπὸ χάρματος: αὐτὰρ ὅ γ᾽αὐτὸς	-uu- uu- uu -uu -u u --	dactylic hexameter	masculine penthemimeral, trithemimeral
ῥοιῆς κόκκον ἔδωκε φαγεῖν μελιηδέα λάθρῃ,	-- -u u-u u- uu-uu --	dactylic hexameter	feminine penthemimeral, hepthemimeral
ἀμφὶ ἓ νωμήσας, ἵνα μὴ μένοι ἤματα πάντα	-u u --- uu - uu -uu --	dactylic hexameter	masculine penthemimeral, hepthemimeral
αὖθι παρ᾽ αἰδοίῃ Δημήτερι κυανοπέπλῳ.	-u u --- --uu -uu--	dactylic hexameter	masculine penthemimeral
ἵππους δὲ προπάροιθεν ὑπὸ χρυσέοισιν ὄχεσφιν	-- - uu-u u- uu-u u--	dactylic hexameter	feminine penthemimeral, hepthemimeral, trithemimeral
ἔντυεν ἀθανάτους Πολυσημάντωρ Ἀιδωνευς.	-uu -uu- uu--- uu--	dactylic hexameter	masculine penthemimeral
ἣ δ᾽ὀχέων ἐπέβη, πάρα δὲ κρατὺς Ἀργειφόντης	- uu- uu- uu - uu ----	dactylic hexameter	masculine penthemimeral, hepthemimeral, trithemimeral
ἡνία καὶ μάστιγα λαβὼν μετὰ χερσὶ φίλῃσι	-uu - --u u- uu -u u--	dactylic hexameter	feminine penthemimeral, hepthemimeral, trithemimeral
σεῦε διὲκ μεγάρων: τὼ δ᾽οὐκ ἀέκοντε πετέσθην.	-u u- uu- - - uu-u u--	dactylic hexameter	masculine penthemimeral, hepthemimeral, trithemimeral
ῥίμφα δὲ μακρὰ κέλευθα διήνυσαν: οὐδὲ θάλασσα	-u u -u u-u u-uu -u u--	dactylic hexameter	feminine penthemimeral
οὔθ᾽ ὕδωρ ποταμῶν οὔτ᾽ ἄγκεα ποιήεντα	- -- uu- - -uu ----	dactylic hexameter	masculine penthemimeral, trithemimeral
ἵππων ἀθανάτων οὔτ᾽ ἄκριες ἔσχεθον ὁρμήν,	-- -uu- - -uu -uu --	dactylic hexameter	masculine penthemimeral
ἀλλ᾽ ὑπὲρ αὐτάων βαθὺν ἠέρα τέμνον ἰόντες.	- uu --- uu -uu -u u--	dactylic hexameter	masculine penthemimeral
στῆσε δ᾽ἄγων, ὅθι μίμνεν ἐυστέφανος Δημήτηρ,	-u u- uu -u u-uu- ---	dactylic hexameter	feminine penthemimeral, trithemimeral
νηοῖο προπάροιθε θυώδεος: ἣ δὲ ἰδοῦσα	--- uu-u u-uu - u u--	dactylic hexameter	feminine penthemimeral, trithemimeral
ἤιξ᾽, ἠύτε μαινὰς ὄρος κάτα δάσκιον ὕλῃ.	-- -uu -u u- uu -uu --	dactylic hexameter	feminine penthemimeral, hepthemimeral
Περσεφόνη δ᾽ἑτέρ[ωθεν ἐπεὶ ἴδεν ὄμματα καλὰ	-uu- uu-u u- uu -uu --	dactylic hexameter	feminine penthemimeral, hepthemimeral, trithemimeral
μητρὸς ἑῆς κατ᾽ [ἄρ᾽ ἥ γ᾽ὄχεα προλιποῦσα καὶ ἵππους	-u u- u u - uu- uu-u u --	dactylic hexameter	masculine penthemimeral, hepthemimeral, trithemimeral
ἆλτο θέει[ν, δειρῇ δέ οἱ ἔμπεσε ἀμφιχυθεῖσα:	-u u- -- u u -uu -uu--	dactylic hexameter	masculine penthemimeral, trithemimeral
τῇ δὲ [φίλην ἔτι παῖδα ἑῇς μετὰ χερσὶν ἐχούσῃ	- u u- uu -u u- uu -u u--	dactylic hexameter	feminine penthemimeral, hepthemimeral, trithemimeral
α[ἶψα δόλον θυμός τιν᾽ ὀίσατο, τρέσσε δ᾽ἄρ᾽ αἰνῶς	-u u- -- u u-uu -u u --	dactylic hexameter	masculine penthemimeral, trithemimeral
παυομ[ένη φιλότητος, ἄφαρ δ᾽ἐρεείνετο μύθῳ:	-uu- uu-u u- uu-uu --	dactylic hexameter	feminine penthemimeral, hepthemimeral, trithemimeral
τέκνον, μή ῥά τι μοι σ[ύ γε πάσσαο νέρθεν ἐοῦσα	-- - u u - u - -uu -u u--	lyric	
βρώμης; ἐξαύδα, μ[ὴ κεῦθ᾽, ἵνα εἴδομεν ἄμφω:	-- --- - - uu -uu --	dactylic hexameter	masculine penthemimeral, hepthemimeral
ὣς μὲν γάρ κεν ἐοῦσα π[αρὰ στυγεροῦ Ἀίδαο	- - - u u-u u- uu- uu--	dactylic hexameter	feminine penthemimeral, hepthemimeral, trithemimeral
καὶ παρ᾽ ἐμοὶ καὶ πατρὶ κελ[αινεφέϊ Κρονίωνι	- u u- - -u u-uu- uu--	dactylic hexameter	feminine penthemimeral, trithemimeral
ναιετάοις πάντεσσι τετιμ[ένη ἀθανάτοι	-uu- --u u-uu -uu--	dactylic hexameter	feminine penthemimeral, trithemimeral
εἰ δ᾽ἐπάσω, πάλιν αὖτις ἰοῦσ᾽ ὑπ[ὸ κεύθεσι γαίης	- uu- uu -u u- uu -uu --	dactylic hexameter	feminine penthemimeral, hepthemimeral, trithemimeral
οἰκήσεις ὡρέων τρίτατον μέρ[ος εἰς ἐνιαυτόν,	--- -- uu- uu - uu--	dactylic hexameter	masculine penthemimeral, hepthemimeral, trithemimeral
τὰς δὲ δύω παρ᾽ ἐμοί τε καὶ [ἄλλοις ἀθανά	- u u- u u- u u -- -uu--	dactylic hexameter	masculine penthemimeral, trithemimeral
ὁππότε δ᾽ἄνθεσι γαῖ᾽ εὐώδε[σιν	ῖσι	-uu -uu - --uu -uu--	lyric
παντοδαποῖς θάλλῃ, τόθ᾽ ὑπὸ ζόφου ἠερόεντος	-uu- -- u u- uu -uu--	dactylic hexameter	masculine penthemimeral, hepthemimeral, trithemimeral
αὖτις ἄνει μέγα θαῦμα θεοῖς θνητοῖς τ᾽ἀνθρώποις.	-u u- uu -u u- -- ---	dactylic hexameter	feminine penthemimeral, hepthemimeral, trithemimeral
[εἶπε δὲ πῶς σ᾽ἥρπαξεν ὑπὸ ζόφον ἠερόεντα	-u u - --u u- uu -uu--	dactylic hexameter	feminine penthemimeral, hepthemimeral, trithemimeral
καὶ τίνι σ᾽ἐξαπάτησε δόλῳ κρατερὸς Πολυδέγμων;	- uu -uu-u u- uu- uu--	dactylic hexameter	feminine penthemimeral, hepthemimeral
τὴν δ᾽αὖ Περσεφόνη περικαλλὴς ἀντίον ηὔδα:	- - -uu- uu-- -uu --	dactylic hexameter	masculine penthemimeral
τοιγὰρ ἐγώ τοι, μῆτερ, ἐρέω νημερτέα πάντα:	-u u- - -u u- --uu --	dactylic hexameter	feminine penthemimeral, hepthemimeral, trithemimeral
εὖτέ μοι Ἑρμῆς ἦλθ᾽ ἐριούνιος ἄγγελος ὠκὺς	-u u -- - uu-uu -uu --	dactylic hexameter	masculine penthemimeral
πὰρ πατέρος Κρονιδαο καὶ ἄλλων Οὐρανιώνων,	- uu- uu-u u -- -uu--	dactylic hexameter	feminine penthemimeral, trithemimeral
ἐλθεῖν ἐξ Ἐρέβευς, ἵνα ὀφθαλμοῖσιν ἰδοῦσα	-- - uu- uu ---u u--	dactylic hexameter	masculine penthemimeral, trithemimeral
λήξαις ἀθανάτοισι χόλου καὶ μήνιος αἰνῆς,	-- -uu-u u- - -uu --	dactylic hexameter	feminine penthemimeral, hepthemimeral
αὐτίκ᾽ ἐγὼν ἀνόρουσ᾽ ὑπὸ χάρματος: αὐτὰρ ὃ λάθρῃ	-u u- uu- uu -uu -u u --	dactylic hexameter	masculine penthemimeral, trithemimeral
ἔμβαλέ μοι ῥοιῆς κόκκον, μελιηδέ᾽ ἐδωδήν,	-uu - -- -- uu-u u--	dactylic hexameter	masculine penthemimeral, hepthemimeral, trithemimeral
ἄκουσαν δὲ βίῃ με προσηνάγκασσε πάσασθαι.	--- u u- u u---u u--	dactylic hexameter	masculine penthemimeral, trithemimeral
ὡς δέ μ᾽ἀναρπάξας Κρονίδεω πυκινὴν διὰ μῆτιν	- u u--- uu- uu- uu --	dactylic hexameter	masculine penthemimeral, hepthemimeral
ᾤχετο πατρὸς ἐμοῖο, φέρων ὑπὸ κεύθεα γαίης,	-uu -u u-u u- uu -uu --	dactylic hexameter	feminine penthemimeral, hepthemimeral
ἐξερέω, καὶ πάντα διίξομαι, ὡς ἐρεείνεις.	-uu- - -u u-uu - uu--	dactylic hexameter	feminine penthemimeral, trithemimeral
ἡμεῖς μὲν μάλα πᾶσαι ἀν᾽ ἱμερτὸν λειμῶνα,	-- - uu -u u --- ---	dactylic hexameter	feminine penthemimeral, trithemimeral
Λευκίππη Φαινώ τε καὶ Ἠλέκτρη καὶ Ἰάνθη	--- -- u u --- u u--	dactylic hexameter	masculine penthemimeral, trithemimeral
καὶ Μελίτη Ἰάχη τε Ῥόδειά τε Καλλιρόη τε	- uu- uu- u u-u u -uu- -	dactylic hexameter	masculine penthemimeral, trithemimeral
Μηλόβοσίς τε Τύχη τε καὶ Ὠκυρόη καλυκῶπις	-uu- u u- u u -uu- uu--	dactylic hexameter	masculine penthemimeral, trithemimeral
Χρυσηίς τ᾽Ἰάνειρά τ᾽Ἀκάστη τ᾽Ἀδμήτη τε	--- uu-u u-- --- -	dactylic hexameter	feminine penthemimeral, trithemimeral
καὶ Ῥοδόπη Πλουτώ τε καὶ ἱμερόεσσα Καλυψὼ	- uu- -- u u -uu-u u--	dactylic hexameter	masculine penthemimeral, trithemimeral
καὶ Στὺξ Οὐρανίη τε Γαλαξαύρη τ᾽ἐρατεινὴ	- - -uu- u u--- uu--	dactylic hexameter	masculine penthemimeral
Παλλάς τ᾽ἐγρεμάχη καὶ Ἄρτεμις ἰοχέαιρα,	-- -uu- - -uu -uu--	dactylic hexameter	masculine penthemimeral
παίζομεν ἠδ᾽ ἄνθεα δρέπομεν χείρεσσ᾽ ἐρόεντα,	-uu - -- uu- -- uu--	dactylic hexameter	masculine penthemimeral, hepthemimeral, trithemimeral
μίγδα κρόκον τ᾽ἀγανὸν καὶ ἀγαλλίδας ἠδ᾽ ὑάκινθον	-u u- uu- u u-uu - uu--	dactylic hexameter	masculine penthemimeral, trithemimeral
καὶ ῥοδέας κάλυκας καὶ λείρια, θαῦμα ἰδέσθαι,	- uu- uu- - -uu -u u--	dactylic hexameter	masculine penthemimeral, trithemimeral
νάρκισσόν θ᾽,ὃν ἔφυσ᾽ ὥς περ κρόκον εὐρεῖα χθών.	--- u u- - - uu --- -	dactylic hexameter	masculine penthemimeral, hepthemimeral, trithemimeral
αὐτὰρ ἐγὼ δρεπόμην περὶ χάρματι: γαῖα δ᾽ἔνερθε	-u u- uu- uu -uu -u u--	dactylic hexameter	masculine penthemimeral, trithemimeral
χώρησεν: τῇ δ᾽ἔκθορ᾽ ἄναξ κρατερὸς Πολυδέγμων:	--- - -u u- uu- uu--	dactylic hexameter	feminine penthemimeral, hepthemimeral, trithemimeral
βῆ δὲ φέρων ὑπὸ γαῖαν ἐν ἅρμασι χρυσείοισι	- u u- uu -u u -uu ----	dactylic hexameter	feminine penthemimeral, trithemimeral
πόλλ᾽ ἀεκαζομένην: ἐβόησα δ᾽ἄρ᾽ ὄρθια φωνῇ.	- uu-uu- uu-u u -uu --	dactylic hexameter	masculine penthemimeral
ταῦτά τοι ἀχνυμένη περ ἀληθέα πάντ᾽ ἀγορεύω.	-u u -uu- u u-uu - uu--	dactylic hexameter	masculine penthemimeral
ὣς τότε μὲν πρόπαν ἦμαρ ὁμόφρονα θυμὸν ἔχουσαι	- uu - uu -u u-uu -u u--	dactylic hexameter	feminine penthemimeral, trithemimeral
πολλὰ μάλ᾽ ἀλλήλων κραδίην καὶ θυμὸν ἴαινον	-u u --- uu- - -u u--	dactylic hexameter	masculine penthemimeral, hepthemimeral
ἀμφαγαπαζόμεναι: ἀχέων δ᾽ἀπεπαύετο θυμός.	-uu-uu- uu- uu-uu --	dactylic hexameter	masculine penthemimeral, hepthemimeral
γηθοσύνας δ᾽ἐδέχοντο παρ᾽ ἀλλήλων ἔδιδόν τε.	-uu- uu-u u --- uu- -	dactylic hexameter	feminine penthemimeral, trithemimeral
τῇσιν δ᾽ἐγγύθεν ἦλθ᾽ Ἑκάτη λιπαροκρήδεμνος:	-- -uu - uu- uu----	dactylic hexameter	masculine penthemimeral, hepthemimeral
πολλὰ δ᾽ἄρ᾽ ἀμφαγάπησε κόρην Δημήτερος ἁγνήν:	-u u -uu-u u- --uu --	dactylic hexameter	feminine penthemimeral, hepthemimeral
ἐκ τοῦ οἱ πρόπολος καὶ ὀπάων ἔπλετ᾽ ἄνασσα.	- - - uu- u u-- -u u--	dactylic hexameter	masculine penthemimeral, trithemimeral
ταῖς δὲ μέτ᾽ ἄγγελον ἧκε βαρύκτυπος εὐρύοπα Ζεὺς	- u u -uu -u u-uu -uu- -	dactylic hexameter	feminine penthemimeral
Ῥείην ἠύκομον, Δημήτερα κυανόπεπλον	-- -uu- --uu -uu--	dactylic hexameter	masculine penthemimeral
ἀξέμεναι μετὰ φῦλα θεῶν, ὑπέδεκτο δὲ τιμὰς	-uu- uu -u u- uu-u u --	dactylic hexameter	feminine penthemimeral, hepthemimeral, trithemimeral
δωσέμεν, ἅς κεν ἕλοιτο μετ᾽ ἀθανάτοισι θεοῖσι:	-uu - u u-u u -uu-u u--	dactylic hexameter	feminine penthemimeral, trithemimeral
νεῦσε δέ οἱ κούρην ἔτεος περιτελλομένοιο	-u u - -- uu- uu-uu--	dactylic hexameter	masculine penthemimeral, hepthemimeral, trithemimeral
τὴν τριτάτην μὲν μοῖραν ὑπὸ ζόφον ἠερόεντα,	- uu- - -u u- uu -uu--	dactylic hexameter	feminine penthemimeral, hepthemimeral, trithemimeral
τὰς δὲ δύω παρὰ μητρὶ καὶ ἄλλοις ἀθανάτοισιν.	- u u- uu -u u -- -uu--	dactylic hexameter	feminine penthemimeral, trithemimeral
ὣς ἔφατ᾽: οὐδ᾽ ἀπίθησε θεὰ Διὸς ἀγγελιάων.	- uu - uu-u u- uu -uu--	dactylic hexameter	feminine penthemimeral, hepthemimeral, trithemimeral
ἐσσυμένως δ᾽ἤιξε κατ᾽ Οὐλύμποιο καρήνων,	-uu- --u u ---u u--	dactylic hexameter	feminine penthemimeral, trithemimeral
ἐς δ᾽ἄρα Ῥάριον ἷξε, φερέσβιον οὖθαρ ἀρούρης	- uu -uu -u u-uu -u u--	dactylic hexameter	feminine penthemimeral
τὸ πρίν, ἀτὰρ τότε γ᾽οὔτι φερέσβιον, ἀλλὰ ἕκηλον	- u u- uu -u u-uu -u u--	dactylic hexameter	feminine penthemimeral, trithemimeral
ἑστήκει πανάφυλλον: ἔκευθε δ᾽ἄρα κρῖ λευκὸν	--- uu-u u-u u- - --	dactylic hexameter	feminine penthemimeral, trithemimeral
μήδεσι Δήμητρος καλλισφύρου: αὐτὰρ ἔπειτα	-uu --- --uu -u u--	dactylic hexameter	masculine penthemimeral
μέλλεν ἄφαρ ταναοῖσι κομήσειν ἀσταχύεσσιν	-u u- uu-u u-- -uu--	dactylic hexameter	feminine penthemimeral, trithemimeral
ἦρος ἀεξομένοιο, πέδῳ δ᾽ἄρα πίονες ὄγμοι	-u u-uu-u u- uu -uu --	dactylic hexameter	feminine penthemimeral, hepthemimeral
βρισέμεν ἀσταχύων, τὰ δ᾽ἐν ἐλλεδανοῖσι δεδέσθαι.	-uu -uu- u u -uu-u u--	dactylic hexameter	masculine penthemimeral
ἔνθ᾽ ἐπέβη πρώτιστον ἀπ᾽ αἰθέρος ἀτρυγέτοιο:	- uu- --u u -uu -uu--	dactylic hexameter	feminine penthemimeral, trithemimeral
ἀσπασίως δ᾽ἴδον ἀλλήλας, κεχάρηντο δὲ θυμῷ.	-uu- uu --- uu-u u --	dactylic hexameter	hepthemimeral, trithemimeral
τὴν δ᾽ὧδε προσέειπε Ῥέη λιπαροκρήδεμνος:	- -- uu-u u- uu----	dactylic hexameter	feminine penthemimeral, hepthemimeral, trithemimeral
δεῦρο τέκος, καλέει σε βαρύκτυπος εὐρύοπα Ζεὺς	-u u- uu- u u-uu -uu- -	dactylic hexameter	masculine penthemimeral, trithemimeral
ἐλθέμεναι μετὰ φῦλα θεῶν, ὑπέδεκτο δὲ τιμὰς	-uu- uu -u u- uu-u u --	dactylic hexameter	feminine penthemimeral, hepthemimeral, trithemimeral
[δωσέμεν, ἅς κ᾽ἐθέλῃσθα	-uu - uu-u u -uu-u u--	dactylic hexameter	feminine penthemimeral, trithemimeral
[νεῦσε δέ σοι κούρην ἔτεος π	-u u - -- uu- uu-uu--	dactylic hexameter	masculine penthemimeral, hepthemimeral, trithemimeral
[τὴν τριτάτην μὲν μοῖραν ὑπὸ ζόφον ἠ	- uu- - -u u- uu -uu--	dactylic hexameter	feminine penthemimeral, hepthemimeral, trithemimeral
[τὰς δὲ δύω παρὰ σοί τε καὶ ἄλλοις	- u u- uu - u u -- -uu--	dactylic hexameter	masculine penthemimeral, trithemimeral
[ὣς ἄρ᾽ ἔφη τελέ	- u u- uu-u u- uu-u u--	dactylic hexameter	feminine penthemimeral, hepthemimeral, trithemimeral
[ἀλλ᾽ ἴθι, τέκνον	- uu -u u- - -uu -u u --	dactylic hexameter	masculine penthemimeral
ἀ[ζηχὲς μεν	-- ---u u-uu- uu--	dactylic hexameter	feminine penthemimeral
α[ἶψα δὲ κα	-u u -u u-u u-uu ----	dactylic hexameter	feminine penthemimeral
ὣς ἔφατ᾽. οὐδ᾽ ἀπίθησεν ἐυστέφανος Δημήτηρ:	- uu - uu-u u-uu- ---	dactylic hexameter	feminine penthemimeral, trithemimeral
αἶψα δὲ καρπὸν ἀνῆκεν ἀρουράων ἐριβώλων:	-u u -u u-u u--- uu--	dactylic hexameter	feminine penthemimeral
πᾶσα δὲ φύλλοισίν τε καὶ ἄνθεσιν εὐρεῖα χθὼν	-u u --- u u -uu --- -	dactylic hexameter	masculine penthemimeral
ἔβρισ᾽: ἣ δὲ κιοῦσα θεμιστοπόλοις βασιλεῦσι	-- - u u-u u-uu- uu--	dactylic hexameter	feminine penthemimeral, trithemimeral
δεῖξεν Τριπτολέμῳ τε Διοκλεῖ τε πληξίππῳ	-- -uu- u u-- - ---	dactylic hexameter	masculine penthemimeral
Εὐμόλπου τε βίῃ Κελεῷ θ᾽ἡγήτορι λαῶν	--- u u- uu- --uu --	dactylic hexameter	masculine penthemimeral, hepthemimeral, trithemimeral
δρησμοσύνην θ᾽ἱερῶν καὶ ἐπέφραδεν ὄργια πᾶσι,	-uu- uu- u u-uu -uu --	dactylic hexameter	masculine penthemimeral, trithemimeral
Τριπτολέμῳ τε Πολυξείνῳ, ἐπὶ τοῖς δὲ Διοκλεῖ	-uu- u u--- uu - u u--	dactylic hexameter	hepthemimeral, trithemimeral
σεμνά, τά τ᾽οὔπως ἔστι παρεξίμεν οὔτε πυθέσθαι	-u u -- -u u-uu -u u--	dactylic hexameter	feminine penthemimeral
οὔτ᾽ ἀχέειν: μέγα γάρ τι θεῶν σέβας ἰσχάνει αὐδήν.	- uu- uu - u u- uu -uu --	dactylic hexameter	masculine penthemimeral, hepthemimeral, trithemimeral
ὄλβιος, ὃς τάδ᾽ ὄπωπεν ἐπιχθονίων ἀνθρώπων:	-uu - u u-u u-uu- ---	dactylic hexameter	feminine penthemimeral, trithemimeral
ὃς δ᾽ἀτελὴς ἱερῶν ὅς τ᾽ἄμμορος, οὔποθ᾽ ὁμοίων	- uu- uu- - -uu -u u--	dactylic hexameter	masculine penthemimeral, trithemimeral
αἶσαν ἔχει φθίμενός περ ὑπὸ ζόφῳ ἠερόεντι.	-u u- uu- u u- uu -uu--	dactylic hexameter	masculine penthemimeral, hepthemimeral, trithemimeral
αὐτὰρ ἐπειδὴ πάνθ᾽ ὑπεθήκατο δῖα θεάων,	-u u-- - uu-uu -u u--	dactylic hexameter	masculine penthemimeral
βάν ῥ᾽ἴμεν Οὔλυμπόνδε θεῶν μεθ᾽ ὁμήγυριν ἄλλων.	- uu ---u u- u u-uu --	dactylic hexameter	feminine penthemimeral, hepthemimeral
ἔνθα δὲ ναιετάουσι παραὶ Διὶ τερπικεραύνῳ	-u u -uu-u u- uu -uu--	dactylic hexameter	feminine penthemimeral, hepthemimeral
σεμναί τ᾽αἰδοῖαι τε: μέγ᾽ ὄλβιος, ὅν τιν᾽ ἐκεῖναι	-- --- u u -uu - u u--	dactylic hexameter	masculine penthemimeral
προφρονέως φίλωνται ἐπιχθονίων ἀνθρώπων:	-uu- --u u-uu- ---	dactylic hexameter	feminine penthemimeral, trithemimeral
αἶψα δέ οἱ πέμπουσιν ἐφέστιον ἐς μέγα δῶμα	-u u - --u u-uu - uu --	dactylic hexameter	feminine penthemimeral, trithemimeral
Πλοῦτον, ὃς ἀνθρώποις ἄφενος θνητοῖσι δίδωσιν.	-u u --- uu- --u u--	dactylic hexameter	masculine penthemimeral, hepthemimeral
ἀλλ᾽ ἄγ᾽ Ἐλευσῖνος θυοέσσης δῆμον ἔχουσα	- u u--- uu-- -u u--	dactylic hexameter	masculine penthemimeral
καὶ Πάρον ἀμφιρύτην Ἀντρῶνά τε πετρήεντα,	- uu -uu- --u u ----	dactylic hexameter	masculine penthemimeral
πότνια, ἀγλαόδωρ᾽, ὡρηφόρε, Δηοῖ ἄνασσα,	-uu -uu- --uu -u u--	dactylic hexameter	masculine penthemimeral
αὐτὴ καὶ κούρη περικαλλὴς Περσεφόνεια:	-- - -- uu-- -uu--	dactylic hexameter	masculine penthemimeral, trithemimeral
πρόφρονες ἀντ᾽ ᾠδῆς βίοτον θυμήρε᾽ ὄπαζε.	-uu - -- uu- --u u--	dactylic hexameter	masculine penthemimeral, hepthemimeral, trithemimeral
αὐτὰρ ἐγὼ καὶ σεῖο καὶ ἄλλης μνήσομ᾽ ἀοιδῆς.	-u u- - -u u -- -u u--	dactylic hexameter	feminine penthemimeral, trithemimeral
