Ἑρμῆν ὕμνει, Μοῦσα, Διὸς καὶ Μαιάδος υἱόν,	-- -- -u u- - -uu --	dactylic hexameter	feminine penthemimeral, hepthemimeral
Κυλλήνης μεδέοντα καὶ Ἀρκαδίης πολυμήλου,	--- uu-u u -uu- uu--	dactylic hexameter	feminine penthemimeral, trithemimeral
ἄγγελον ἀθανάτων ἐριούνιον, ὃν τέκε Μαῖα,	-uu -uu- uu-uu - uu --	dactylic hexameter	masculine penthemimeral
νύμφη ἐυπλόκαμος, Διὸς ἐν φιλότητι μιγεῖσα,	-u u-uu- uu - uu-u u--	dactylic hexameter	masculine penthemimeral, hepthemimeral
αἰδοίη: μακάρων δὲ θεῶν ἠλεύαθ᾽ ὅμιλον,	--- uu- u u- --u u--	dactylic hexameter	masculine penthemimeral, hepthemimeral, trithemimeral
ἄντρον ἔσω ναίουσα παλίσκιον, ἔνθα Κρονίων	-u u- --u u-uu -u u--	dactylic hexameter	feminine penthemimeral, trithemimeral
νύμφῃ ἐυπλοκάμῳ μισγέσκετο νυκτὸς ἀμολγῷ,	-u u-uu- --uu -u u--	dactylic hexameter	masculine penthemimeral
ὄφρα κατὰ γλυκὺς ὕπνος ἔχοι λευκώλενον Ἥρην,	-u u- uu -u u- --uu --	dactylic hexameter	feminine penthemimeral, hepthemimeral, trithemimeral
λήθων ἀθανάτους τε θεοὺς θνητούς τ᾽ἀνθρώπους.	-- -uu- u u- -- ---	dactylic hexameter	masculine penthemimeral, hepthemimeral
ἀλλ᾽ ὅτε δὴ μεγάλοιο Διὸς νόος ἐξετελεῖτο,	- uu - uu-u u- uu -uu--	dactylic hexameter	feminine penthemimeral, hepthemimeral, trithemimeral
τῇ δ᾽ἤδη δέκατος μεὶς οὐρανῷ ἐστήρικτο,	- -- uu- - -uu ----	dactylic hexameter	masculine penthemimeral, trithemimeral
εἴς τε φόως ἄγαγεν ἀρίσημά τε ἔργα τέτυκτο:	- u u- uu- uu-u u -u u--	dactylic hexameter	masculine penthemimeral, trithemimeral
καὶ τότ᾽ ἐγείνατο παῖδα πολύτροπον, αἱμυλομήτην,	- u u-uu -u u-uu -uu--	dactylic hexameter	feminine penthemimeral
ληιστῆρ᾽, ἐλατῆρα βοῶν, ἡγήτορ᾽ ὀνείρων,	--- uu-u u- --u u--	dactylic hexameter	feminine penthemimeral, hepthemimeral, trithemimeral
νυκτὸς ὀπωπητῆρα, πυληδόκον, ὃς τάχ᾽ ἔμελλεν	-u u---u u-uu - u u--	dactylic hexameter	feminine penthemimeral
ἀμφανέειν κλυτὰ ἔργα μετ᾽ ἀθανάτοισι θεοῖσιν.	-uu- uu -u u -uu-u u--	dactylic hexameter	feminine penthemimeral, trithemimeral
ἠῷος γεγονὼς μέσῳ ἤματι ἐγκιθάριζεν,	--- uu- uu -uu -uu--	dactylic hexameter	masculine penthemimeral, trithemimeral
ἑσπέριος βοῦς κλέψεν ἑκηβόλου Ἀπόλλωνος	-uu- - -u u-uu ----	dactylic hexameter	feminine penthemimeral, trithemimeral
τετράδι τῇ προτέρῃ, τῇ μιν τέκε πότνια Μαῖα.	-uu - uu- - - uu -uu --	dactylic hexameter	masculine penthemimeral, hepthemimeral, trithemimeral
ὃς καί, ἐπειδὴ μητρὸς ἀπ᾽ ἀθανάτων θόρε γυίων,	- u u-- -u u -uu- uu --	dactylic hexameter	feminine penthemimeral
οὐκέτι δηρὸν ἔκειτο μένων ἱερῷ ἐνὶ λίκνῳ,	-uu -u u-u u- uu- uu --	dactylic hexameter	feminine penthemimeral, hepthemimeral
ἀλλ᾽ ὅ γ᾽ἀναΐξας ζήτει βόας Ἀπόλλωνος	- u u--- -- uu ----	dactylic hexameter	masculine penthemimeral, hepthemimeral
οὐδὸν ὑπερβαίνων ὑψηρεφέος ἄντροιο.	-u u--- --uu- ---	dactylic hexameter	masculine penthemimeral
ἔνθα χέλυν εὑρὼν ἐκτήσατο μυρίον ὄλβον:	-u u- -- --uu -uu --	dactylic hexameter	masculine penthemimeral, trithemimeral
Ἑρμῆς τοι πρώτιστα χέλυν τεκτήνατ᾽ ἀοιδόν:	-- - --u u- --u u--	dactylic hexameter	feminine penthemimeral, hepthemimeral, trithemimeral
ἥ ῥά οἱ ἀντεβόλησεν ἐπ᾽ αὐλείῃσι θύρῃσι	- u u -uu-u u ---u u--	dactylic hexameter	feminine penthemimeral
βοσκομένη προπάροιθε δόμων ἐριθηλέα ποίην,	-uu- uu-u u- uu-uu --	dactylic hexameter	feminine penthemimeral, hepthemimeral, trithemimeral
σαῦλα ποσὶν βαίνουσα: Διὸς δ᾽ἐριούνιος υἱὸς	-u u- --u u- uu-uu --	dactylic hexameter	feminine penthemimeral, hepthemimeral, trithemimeral
ἀθρήσας ἐγέλασσε καὶ αὐτίκα μῦθον ἔειπε:	--- uu-u u -uu -u u--	dactylic hexameter	feminine penthemimeral, trithemimeral
σύμβολον ἤδη μοι μέγ᾽ ὀνήσιμον: οὐκ ὀνοτάζω.	-uu -- - u u-uu - uu--	dactylic hexameter	masculine penthemimeral
χαῖρε, φυὴν ἐρόεσσα, χοροιτύπε, δαιτὸς ἑταίρη,	-u u- uu-u u-uu -u u--	dactylic hexameter	feminine penthemimeral, trithemimeral
ἀσπασίη προφανεῖσα: πόθεν τόδε καλὸν ἄθυρμα	-uu- uu-u u- uu -u u--	dactylic hexameter	feminine penthemimeral, hepthemimeral, trithemimeral
αἰόλον ὄστρακον ἕσσο χέλυς ὄρεσι ζώουσα;	-uu -uu -u u- uu- ---	dactylic hexameter	feminine penthemimeral, hepthemimeral
ἀλλ᾽ οἴσω σ᾽ἐς δῶμα λαβών: ὄφελός τι μοι ἔσσῃ,	- -- - -u u- uu- u u --	dactylic hexameter	feminine penthemimeral, hepthemimeral, trithemimeral
οὐδ᾽ ἀποτιμήσω: σὺ δέ με πρώτιστον ὀνήσεις	- uu--- u u - --u u--	dactylic hexameter	masculine penthemimeral, hepthemimeral
οἴκοι βέλτερον εἶναι, ἐπεὶ βλαβερὸν τὸ θύρηφιν:	-- -uu -u u- uu- u u--	dactylic hexameter	feminine penthemimeral, hepthemimeral
ἦ γὰρ ἐπηλυσίης πολυπήμονος ἔσσεαι ἔχμα	- u u-uu- uu-uu -uu --	dactylic hexameter	masculine penthemimeral
ζώουσ᾽: ἢν δὲ θάνῃς, τότε κεν μάλα καλὸν ἀείδοις.	-- - u u- uu - uu -u u--	dactylic hexameter	masculine penthemimeral, hepthemimeral, trithemimeral
ὣς ἂρ᾽ ἔφη: καὶ χερσὶν ἅμ᾽ ἀμφοτέρῃσιν ἀείρας	- u u- - -u u -uu-u u--	dactylic hexameter	feminine penthemimeral, trithemimeral
ἂψ εἴσω κίε δῶμα φέρων ἐρατεινὸν ἄθυρμα.	- -- uu -u u- uu-u u--	dactylic hexameter	feminine penthemimeral, hepthemimeral, trithemimeral
ἔνθ᾽ ἀναπηρώσας γλυφάνῳ πολιοῖο σιδήρου	- uu--- uu- uu-u u--	dactylic hexameter	masculine penthemimeral, hepthemimeral
αἰῶν᾽ ἐξετόρησεν ὀρεσκῴοιο χελώνης.	-- -uu-u u---u u--	dactylic hexameter	feminine penthemimeral
ὡς δ᾽ὁπότ᾽ ὠκὺ νόημα διὰ στέρνοιο περήσῃ	- uu -u u-u u- --u u--	dactylic hexameter	feminine penthemimeral, hepthemimeral
ἀνέρος, ὅν τε θαμειαὶ ἐπιστρωφῶσι μέριμναι,	-uu - u u-u u---u u--	dactylic hexameter	feminine penthemimeral, trithemimeral
ἢ ὅτε δινηθῶσιν ἀπ᾽ ὀφθαλμῶν ἀμαρυγαί,	- uu ---u u --- uu--	dactylic hexameter	feminine penthemimeral
ὣς ἅμ᾽ ἔπος τε καὶ ἔργον ἐμήδετο κύδιμος Ἑρμῆς.	- u u- u u -u u-uu -uu --	dactylic hexameter	feminine penthemimeral, trithemimeral
πῆξε δ᾽ἄρ᾽ ἐν μέτροισι ταμὼν δόνακας καλάμοιο	-u u - --u u- uu- uu--	dactylic hexameter	feminine penthemimeral, hepthemimeral, trithemimeral
πειρήνας διὰ νῶτα διὰ ῥινοῖο χελώνης.	--- uu -u u- --u u--	dactylic hexameter	feminine penthemimeral, hepthemimeral, trithemimeral
ἀμφὶ δὲ δέρμα τάνυσσε βοὸς πραπίδεσσιν ἑῇσι	-u u -u u-u u- uu-u u--	dactylic hexameter	feminine penthemimeral, hepthemimeral
καὶ πήχεις ἐνέθηκ᾽, ἐπὶ δὲ ζυγὸν ἤραρεν ἀμφοῖν,	- -- uu- uu - uu -uu --	dactylic hexameter	masculine penthemimeral, hepthemimeral, trithemimeral
ἑπτὰ δὲ θηλυτέρων ὀίων ἐτανύσσατο χορδάς.	-u u -uu- uu- uu-uu --	dactylic hexameter	masculine penthemimeral, hepthemimeral
αὐτὰρ ἐπεὶ δὴ τεῦξε, φέρων, ἐρατεινὸν ἄθυρμα,	-u u- - -u u- uu-u u--	dactylic hexameter	feminine penthemimeral, hepthemimeral, trithemimeral
πλήκτρῳ ἐπειρήτιζε κατὰ μέρος: ἣ δ᾽ὑπὸ χειρὸς	-u u---u u- uu - uu --	dactylic hexameter	feminine penthemimeral, hepthemimeral
σμερδαλέον κονάβησε: θεὸς δ᾽ὑπὸ καλὸν ἄειδεν	-uu- uu-u u- uu -u u--	dactylic hexameter	feminine penthemimeral, hepthemimeral, trithemimeral
ἐξ αὐτοσχεδίης πειρώμενος, ἠύτε κοῦροι	- --uu- --uu -uu --	dactylic hexameter	masculine penthemimeral
ἡβηταὶ θαλίῃσι παραιβόλα κερτομέουσιν,	--- uu-u u-uu -uu--	dactylic hexameter	feminine penthemimeral, trithemimeral
ἀμφὶ Δία Κρονίδην καὶ Μαιάδα καλλιπέδιλον,	-u u- uu- - -uu -uu--	dactylic hexameter	masculine penthemimeral, trithemimeral
ὡς πάρος ὠρίζεσκον ἑταιρείῃ φιλότητι,	- uu ---u u--- uu--	dactylic hexameter	feminine penthemimeral
ἥν τ᾽αὐτοῦ γενεὴν ὀνομακλυτὸν ἐξονομάζων:	- -- uu- uu-uu -uu--	dactylic hexameter	masculine penthemimeral, trithemimeral
ἀμφιπόλους τε γέραιρε καὶ ἀγλαὰ δώματα νύμφης	-uu- u u-u u -uu -uu --	dactylic hexameter	feminine penthemimeral, trithemimeral
καὶ τρίποδας κατὰ οἶκον ἐπηετανούς τε λέβητας.	- uu- uu -u u-uu- u u--	dactylic hexameter	feminine penthemimeral, trithemimeral
καὶ τὰ μὲν οὖν ἤειδε, τὰ δὲ φρεσὶν ἄλλα μενοίνα.	- u u - --u u - uu -u u--	dactylic hexameter	feminine penthemimeral, hepthemimeral, trithemimeral
καὶ τὴν μὲν κατέθηκε φέρων ἱερῷ ἐνὶ λίκνῳ,	- - - uu-u u- uu- uu --	dactylic hexameter	feminine penthemimeral, hepthemimeral, trithemimeral
φόρμιγγα γλαφυρήν: ὃ δ᾽ἄρα κρειῶν ἐρατίζων	--- uu- u u- -- uu--	dactylic hexameter	masculine penthemimeral, hepthemimeral, trithemimeral
ἆλτο κατὰ σκοπιὴν εὐώδεος ἐκ μεγάροιο	-u u- uu- --uu - uu--	dactylic hexameter	masculine penthemimeral, trithemimeral
ὁρμαίνων δόλον αἰπὺν ἐνὶ φρεσίν, οἶά τε φῶτες	--- uu -u u- uu -u u --	dactylic hexameter	feminine penthemimeral, hepthemimeral, trithemimeral
φηληταὶ διέπουσι μελαίνης νυκτὸς ἐν ὥρῃ.	--- uu-u u-- -u u --	dactylic hexameter	feminine penthemimeral, trithemimeral
ἠέλιος μὲν ἔδυνε κατὰ χθονὸς Ὠκεανόνδε	-uu- u u-u u- uu -uu--	dactylic hexameter	feminine penthemimeral, hepthemimeral, trithemimeral
αὐτοῖσίν θ᾽ἵπποισι καὶ ἅρμασιν: αὐτὰρ ἄρ᾽ Ἑρμῆς	--- --u u -uu -u u --	dactylic hexameter	feminine penthemimeral, trithemimeral
Πιερίης ἀφίκανε θέων ὄρεα σκιόεντα,	-uu- uu-u u- uu- uu--	dactylic hexameter	feminine penthemimeral, hepthemimeral, trithemimeral
ἔνθα θεῶν μακάρων βόες ἄμβροτοι αὖλιν ἔχεσκον	-u u- uu- uu -uu -u u--	dactylic hexameter	masculine penthemimeral, trithemimeral
βοσκόμεναι λειμῶνας ἀκηρασίους, ἐρατεινούς.	-uu- --u u-uu- uu--	dactylic hexameter	feminine penthemimeral, trithemimeral
τῶν τότε Μαιάδος υἱός, ἐύσκοπος Ἀργειφόντης,	- uu -uu -u u-uu ----	dactylic hexameter	feminine penthemimeral
πεντήκοντ᾽ ἀγέλης ἀπετάμνετο βοῦς ἐριμύκους.	--- uu- uu-uu - uu--	dactylic hexameter	masculine penthemimeral, trithemimeral
πλανοδίας δ᾽ἤλαυνε διὰ ψαμαθώδεα χῶρον	-uu- --u u- uu-uu --	dactylic hexameter	feminine penthemimeral, hepthemimeral, trithemimeral
ἴχνι᾽ ἀποστρέψας: δολίης δ᾽οὐ λήθετο τέχνης	-u u--- uu- - -uu --	dactylic hexameter	masculine penthemimeral, hepthemimeral
ἀντία ποιήσας ὁπλάς, τὰς πρόσθεν ὄπισθεν,	-uu --- -- - -u u--	dactylic hexameter	masculine penthemimeral, hepthemimeral
τὰς δ᾽ὄπιθεν πρόσθεν: κατὰ δ᾽ἔμπαλιν αὐτὸς ἔβαινε.	- uu- -- uu -uu -u u--	dactylic hexameter	masculine penthemimeral, trithemimeral
σάνδαλα δ᾽αὐτίκα ῥιψὶν ἐπὶ ψαμάθοις ἁλίῃσιν,	-uu -uu -u u- uu- uu--	dactylic hexameter	feminine penthemimeral, hepthemimeral
ἄφραστ᾽ ἠδ᾽ ἀνόητα διέπλεκε, θαυματὰ ἔργα,	-- - uu-u u-uu -uu --	dactylic hexameter	feminine penthemimeral, trithemimeral
συμμίσγων μυρίκας καὶ μυρσινοειδέας ὄζους.	--- uu- - -uu-uu --	dactylic hexameter	masculine penthemimeral, trithemimeral
τῶν τότε συνδήσας νεοθηλέος ἄγκαλον ὕλης	- uu --- uu-uu -uu --	dactylic hexameter	masculine penthemimeral
ἀβλαβέως ὑπὸ ποσσὶν ἐδήσατο σάνδαλα κοῦφα	-uu- uu -u u-uu -uu --	dactylic hexameter	feminine penthemimeral, trithemimeral
αὐτοῖσιν πετάλοισι τὰ κύδιμος Ἀργειφόντης	--- uu-u u -uu ----	dactylic hexameter	feminine penthemimeral, trithemimeral
ἔσπασε Πιερίηθεν ὁδοιπορίην ἀλεγύνων,	-uu -uu-u u-uu- uu--	dactylic hexameter	feminine penthemimeral
οἷά τ᾽ἐπειγόμενος δολιχὴν ὁδόν, αὐτοτροπήσας.†	-u u-uu- uu- uu -uu--	dactylic hexameter	masculine penthemimeral, hepthemimeral
τὸν δὲ γέρων ἐνόησε δέμων ἀνθοῦσαν ἀλωὴν	- u u- uu-u u- --u u--	dactylic hexameter	feminine penthemimeral, hepthemimeral, trithemimeral
ἱέμενον πεδίονδε δι᾽ Ὀγχηστὸν λεχεποίην	-uu- uu-u u --- uu--	dactylic hexameter	feminine penthemimeral, trithemimeral
τὸν πρότερος προσέφη Μαίης ἐρικυδέος υἱός:	- uu- uu- -- uu-uu --	dactylic hexameter	masculine penthemimeral, hepthemimeral, trithemimeral
ὦ γέρον, ὅστε φυτὰ σκάπτεις ἐπικαμπύλος ὤμους,	- uu -u u- -- uu-uu --	dactylic hexameter	masculine penthemimeral, hepthemimeral
ἦ πολυοινήσεις, εὖτ᾽ ἂν τάδε πάντα φέρῃσι,	- uu--- - - uu -u u--	dactylic hexameter	masculine penthemimeral, hepthemimeral
[εἴ κε πίθῃ, μάλα περ μεμνημένος ἐν φρεσὶ σῇσι	- u u- uu - --uu - uu --	dactylic hexameter	masculine penthemimeral, trithemimeral
καί τε ἰδὼν μὴ ἰδὼν εἶναι καὶ κωφὸς ἀκούσας,	- u u- u u- -- - -u u--	dactylic hexameter	masculine penthemimeral, hepthemimeral, trithemimeral
καὶ σιγᾶν ὅτε μή τι καταβλάπτῃ τὸ σὸν αὐτοῦ.	- -- uu - u u--- u u --	dactylic hexameter	masculine penthemimeral, trithemimeral
τόσσον φὰς συνέσευε βοῶν ἴφθιμα κάρηνα.	-- - uu-u u- --u u--	dactylic hexameter	feminine penthemimeral, hepthemimeral, trithemimeral
πολλὰ δ᾽ὄρη σκιόεντα καὶ αὐλῶνας κελαδεινοὺς	-u u- uu-u u --- uu--	dactylic hexameter	feminine penthemimeral, trithemimeral
καὶ πεδί᾽ ἀνθεμόεντα διήλασε κύδιμος Ἑρμῆς.	- uu -uu-u u-uu -uu --	dactylic hexameter	feminine penthemimeral
ὀρφναίη δ᾽ἐπίκουρος ἐπαύετο δαιμονίη νύξ,	--- uu-u u-uu -uu- -	dactylic hexameter	feminine penthemimeral, trithemimeral
ἡ πλείων, τάχα δ᾽ὄρθρος ἐγίγνετο δημιοεργός:	- -- uu -u u-uu -uu--	dactylic hexameter	feminine penthemimeral, trithemimeral
ἣ δὲ νέον σκοπιὴν προσεβήσατο δῖα Σελήνη,	- u u- uu- uu-uu -u u--	dactylic hexameter	masculine penthemimeral, trithemimeral
Πάλλαντος θυγάτηρ Μεγαμηδείδαο ἄνακτος.	--- uu- uu---u u--	dactylic hexameter	masculine penthemimeral, trithemimeral
τῆμος ἐπ᾽ Ἀλφειὸν ποταμὸν Διὸς ἄλκιμος υἱὸς	-u u --- uu- uu -uu --	dactylic hexameter	masculine penthemimeral, hepthemimeral
Φοίβου Ἀπόλλωνος βοῦς ἤλασεν εὐρυμετώπους.	-u u--- - -uu -uu--	dactylic hexameter	masculine penthemimeral
ἀκμῆτες δ᾽ἵκανον ἐπ᾽ αὔλιον ὑψιμέλαθρον	--- uu- - -uu -uu--	dactylic hexameter	masculine penthemimeral, trithemimeral
καὶ ληνοὺς προπάροιθεν ἀριπρεπέος λειμῶνος.	- -- uu-u u-uu- ---	dactylic hexameter	feminine penthemimeral, trithemimeral
ἔνθ᾽ ἐπεὶ εὖ βοτάνης ἐπεφόρβει βοῦς ἐριμύκους	- uu - uu- uu-- - uu--	dactylic hexameter	masculine penthemimeral, trithemimeral
καὶ τὰς μὲν συνέλασσεν ἐς αὔλιον ἀθρόας οὔσας,	- - - uu-u u -uu -uu --	dactylic hexameter	feminine penthemimeral, trithemimeral
λωτὸν ἐρεπτομένας ἠδ᾽ ἑρσήεντα κύπειρον:	-u u-uu- - ---u u--	dactylic hexameter	masculine penthemimeral
σὺν δ᾽ἐφόρει ξύλα πολλά, πυρὸς δ᾽ἐπεμαίετο τέχνην.	- uu- uu -u u- uu-uu --	dactylic hexameter	feminine penthemimeral, hepthemimeral, trithemimeral
δάφνης ἀγλαὸν ὄζον ἑλὼν ἀπέλεψε σιδήρῳ	-- -uu -u u- uu-u u--	dactylic hexameter	feminine penthemimeral, hepthemimeral
ἄρμενον ἐν παλάμῃ: ἄμπνυτο δὲ θερμὸς ἀυτμή:	-uu - uu- --u u -u u--	dactylic hexameter	masculine penthemimeral, trithemimeral
Ἑρμῆς τοι πρώτιστα πυρήια πῦρ τ᾽ἀνέδωκε.	-- - --u u-uu - uu--	dactylic hexameter	feminine penthemimeral, trithemimeral
πολλὰ δὲ κάγκανα κᾶλα κατουδαίῳ ἐνὶ βόθρῳ	-u u -uu -u u--- uu --	dactylic hexameter	feminine penthemimeral
οὖλα λαβὼν ἐπέθηκεν ἐπηετανά: λάμπετο δὲ φλὸξ	-u u- uu-u u-uu -uu - -	dactylic hexameter	feminine penthemimeral, trithemimeral
τηλόσε φῦσαν ἱεῖσα πυρὸς μέγα δαιομένοιο.	-uu -u u-u u- uu -uu--	dactylic hexameter	feminine penthemimeral, hepthemimeral
ὄφρα δὲ πῦρ ἀνέκαιε βίη κλυτοῦ Ἡφαίστοιο,	-u u - uu-u u- uu ----	dactylic hexameter	feminine penthemimeral, hepthemimeral, trithemimeral
τόφρα δ᾽ὑποβρύχους ἕλικας βοῦς εἷλκε θύραζε	-u u--- uu- - -u u--	dactylic hexameter	masculine penthemimeral, hepthemimeral
δοιὰς ἄγχι πυρός: δύναμις δέ οἱ ἕσπετο πολλή.	-- -u u- uu- u u -uu --	dactylic hexameter	masculine penthemimeral, hepthemimeral
ἀμφοτέρας δ᾽ἐπὶ νῶτα χαμαὶ βάλε φυσιοώσας:	-uu- uu -u u- uu -uu--	dactylic hexameter	feminine penthemimeral, hepthemimeral, trithemimeral
ἀγκλίνων δ᾽ἐκύλινδε δι᾽ αἰῶνας τετορήσας.	--- uu-u u --- uu--	dactylic hexameter	feminine penthemimeral, trithemimeral
ἔργῳ δ᾽ἔργον ὄπαζε ταμὼν κρέα πίονα δημῷ:	-- -u u-u u- uu -uu --	dactylic hexameter	feminine penthemimeral, hepthemimeral
ὤπτα δ᾽ἀμφ᾽ ὀβελοῖσι πεπαρμένα δουρατέοισι	-- - uu-u u-uu -uu--	dactylic hexameter	feminine penthemimeral, trithemimeral
σάρκας ὁμοῦ καὶ νῶτα γεράσμια καὶ μέλαν αἷμα	-u u- - -u u-uu - uu --	dactylic hexameter	feminine penthemimeral, trithemimeral
ἐργμένον ἐν χολάδεσσι: τὰ δ᾽αὐτοῦ κεῖτ᾽ ἐπὶ χώρης:	-uu - uu-u u -- - uu --	dactylic hexameter	feminine penthemimeral, trithemimeral
ῥινοὺς δ᾽ἐξετάνυσσε καταστυφέλῳ ἐνὶ πέτρῃ,	-- -uu-u u-uu- uu --	dactylic hexameter	feminine penthemimeral
ὡς ἔτι νῦν τὰ μέτασσα πολυχρόνιοι πεφύασι,	- uu - u u-u u-uu- uu--	dactylic hexameter	feminine penthemimeral, trithemimeral
δηρὸν δὴ μετὰ ταῦτα καὶ ἄκριτον: αὐτὰρ ἔπειτα	-- - uu -u u -uu -u u--	dactylic hexameter	feminine penthemimeral, trithemimeral
Ἑρμῆς χαρμόφρων εἰρύσατο πίονα ἔργα	-- --- --uu -uu --	dactylic hexameter	masculine penthemimeral
λείῳ ἐπὶ πλαταμῶνι καὶ ἔσχισε δώδεκα μοίρας	-u u- uu-u u -uu -uu --	dactylic hexameter	feminine penthemimeral, trithemimeral
κληροπαλεῖς: τέλεον δὲ γέρας προσέθηκεν ἑκάστῃ.	-uu- uu- u u- uu-u u--	dactylic hexameter	masculine penthemimeral, hepthemimeral, trithemimeral
ἔνθ᾽ ὁσίης κρεάων ἠράσσατο κύδιμος Ἑρμῆς:	- uu- uu- --uu -uu --	dactylic hexameter	masculine penthemimeral, trithemimeral
ὀδμὴ γάρ μιν ἔτειρε καὶ ἀθάνατόν περ ἐόντα	-- - u u-u u -uu- u u--	dactylic hexameter	feminine penthemimeral, trithemimeral
ἡδεῖ᾽: ἀλλ᾽ οὐδ᾽ ὥς οἱ ἐπείθετο θυμὸς ἀγήνωρ,	-- - - - u u-uu -u u--	dactylic hexameter	masculine penthemimeral, trithemimeral
καί τε μάλ᾽ ἱμείροντι, περῆν† ἱερῆς κατὰ δειρῆς.	- u u ---u u- uu- uu --	dactylic hexameter	feminine penthemimeral, hepthemimeral
ἀλλὰ τὰ μὲν κατέθηκεν ἐς αὔλιον ὑψιμέλαθρον,	-u u - uu-u u -uu -uu--	dactylic hexameter	feminine penthemimeral, trithemimeral
δημὸν καὶ κρέα πολλά, μετήορα δ᾽αἶψ᾽ ἀνάειρε,	-- - uu -u u-uu - uu--	dactylic hexameter	feminine penthemimeral, trithemimeral
σῆμα νέης φωρῆς: ἐπὶ δὲ ξύλα κάγκαν᾽ ἀγείρας	-u u- -- uu - uu -u u--	dactylic hexameter	masculine penthemimeral, hepthemimeral, trithemimeral
οὐλόποδ᾽, οὐλοκάρηνα πυρὸς κατεδάμνατ᾽ ἀυτμῇ.	-uu -uu-u u- uu-- --	dactylic hexameter	feminine penthemimeral, hepthemimeral
αὐτὰρ ἐπεί τοι πάντα κατὰ χρέος ἤνυσε δαίμων,	-u u- - -u u- uu -uu --	dactylic hexameter	feminine penthemimeral, hepthemimeral, trithemimeral
σάνδαλα μὲν προέηκεν ἐς Ἀλφειὸν βαθυδίνην:	-uu - uu-u u --- uu--	dactylic hexameter	feminine penthemimeral, trithemimeral
ἀνθρακιὴν δ᾽ἐμάρανε, κόνιν δ᾽ἀμάθυνε μέλαιναν	-uu- uu-u u- uu-u u--	dactylic hexameter	feminine penthemimeral, hepthemimeral, trithemimeral
παννύχιος: καλὸν δὲ φόως κατέλαμπε Σελήνης.	-uu- -- u u- uu-u u--	dactylic hexameter	masculine penthemimeral, hepthemimeral, trithemimeral
Κυλλήνης δ᾽αἶψ᾽ αὖτις ἀφίκετο δῖα κάρηνα	--- - -u u-uu -u u--	dactylic hexameter	feminine penthemimeral, trithemimeral
ὄρθριος, οὐδέ τί οἱ δολιχῆς ὁδοῦ ἀντεβόλησεν	-uu -u u - uu- uu -uu--	dactylic hexameter	masculine penthemimeral, hepthemimeral
οὔτε θεῶν μακάρων οὔτε θνητῶν ἀνθρώπων,	-u u- uu- -- -- ---	dactylic hexameter	masculine penthemimeral, hepthemimeral, trithemimeral
οὐδὲ κύνες λελάκοντο: Διὸς δ᾽ἐριούνιος Ἑρμῆς	-u u- uu-u u- uu-uu --	dactylic hexameter	feminine penthemimeral, hepthemimeral, trithemimeral
δοχμωθεὶς μεγάροιο διὰ κλήιθρον ἔδυνεν	--- uu-u u- --u u--	dactylic hexameter	feminine penthemimeral, hepthemimeral, trithemimeral
αὔρῃ ὀπωρινῇ ἐναλίγκιος, ἠύτ᾽ ὀμίχλη.	-u u--- uu-uu -u u--	dactylic hexameter	masculine penthemimeral
ἰθύσας δ᾽ἄντρου ἐξίκετο πίονα νηὸν	--- -- --uu -uu --	dactylic hexameter	masculine penthemimeral, trithemimeral
ἦκα ποσὶ προβιβῶν: οὐ γὰρ κτύπεν, ὥσπερ ἐπ᾽ οὔδει.	-u u- uu- - - uu -u u --	dactylic hexameter	masculine penthemimeral, hepthemimeral, trithemimeral
ἐσσυμένως δ᾽ἄρα λίκνον ἐπῴχετο κύδιμος Ἑρμῆς:	-uu- uu -u u-uu -uu --	dactylic hexameter	feminine penthemimeral, trithemimeral
σπάργανον ἀμφ᾽ ὤμοις εἰλυμένος, ἠύτε τέκνον	-uu - -- --uu -uu --	dactylic hexameter	masculine penthemimeral, trithemimeral
νήπιον, ἐν παλάμῃσι περ᾽ ἰγνύσι λαῖφος ἀθύρων	-uu - uu-u u -uu -u u--	dactylic hexameter	feminine penthemimeral, trithemimeral
κεῖτο, χέλυν ἐρατὴν ἐπ᾽ ἀριστερὰ χειρὸς ἐέργων.	-u u- uu- u u-uu -u u--	dactylic hexameter	masculine penthemimeral, trithemimeral
μητέρα δ᾽οὐκ ἄρ᾽ ἔληθε θεὰν θεὸς εἰπέ τε μῦθον:	-uu - u u-u u- uu -u u --	dactylic hexameter	feminine penthemimeral, hepthemimeral, trithemimeral
τίπτε σύ, ποικιλομῆτα, πόθεν τόδε νυκτὸς ἐν ὥρῃ	-u u -uu-u u- uu -u u --	dactylic hexameter	feminine penthemimeral, hepthemimeral
ἔρχῃ, ἀναιδείην ἐπιειμένε; νῦν σε μάλ᾽ οἴω	-u u--- uu-uu - u u --	dactylic hexameter	masculine penthemimeral
ἢ τάχ᾽ ἀμήχανα δεσμὰ περὶ πλευρῇσιν ἔχοντα	- u u-uu -u u- --u u--	dactylic hexameter	feminine penthemimeral, hepthemimeral
Λητοίδου ὑπὸ χερσὶ διὲκ προθύροιο περήσειν	--- uu -u u- uu-u u--	dactylic hexameter	feminine penthemimeral, hepthemimeral, trithemimeral
ἣ σὲ φέροντα μεταξὺ κατ᾽ ἄγκεα φηλητεύσειν.	- u u-u u-u u -uu ----	dactylic hexameter	feminine penthemimeral
ἔρρε πάλιν: μεγάλην σε πατὴρ ἐφύτευσε μέριμναν	-u u- uu- u u- uu-u u--	dactylic hexameter	masculine penthemimeral, hepthemimeral, trithemimeral
θνητοῖς ἀνθρώποισι καὶ ἀθανάτοισι θεοῖσι.	-- ---u u -uu-u u--	dactylic hexameter	feminine penthemimeral
τὴν δ᾽Ἑρμῆς μύθοισιν ἀμείβετο κερδαλέοισι:	- -- --u u-uu -uu--	dactylic hexameter	feminine penthemimeral, trithemimeral
μῆτερ ἐμή, τί με ταῦτα δεδίσκεαι, ἠύτε τέκνον	-u u- u u -u u-uu -uu --	dactylic hexameter	feminine penthemimeral, trithemimeral
νήπιον, ὃς μάλα παῦρα μετὰ φρεσὶν αἴσυλα οἶδε,	-uu - uu -u u- uu -uu --	dactylic hexameter	feminine penthemimeral, hepthemimeral, trithemimeral
ταρβαλέον, καὶ μητρὸς ὑπαιδείδοικεν ἐνιπάς;	-uu- - -u u---u u--	dactylic hexameter	feminine penthemimeral, trithemimeral
αὐτὰρ ἐγὼ τέχνης ἐπιβήσομαι, ἥ τις ἀρίστη,	-u u- -- uu-uu - u u--	dactylic hexameter	masculine penthemimeral, trithemimeral
βουκολέων ἐμὲ καὶ σὲ διαμπερές: οὐδὲ θεοῖσι	-uu- uu - u u-uu -u u--	dactylic hexameter	masculine penthemimeral, trithemimeral
νῶι μετ᾽ ἀθανάτοισιν ἀδώρητοι καὶ ἄλιστοι	-u u -uu-u u--- u u--	dactylic hexameter	feminine penthemimeral
αὐτοῦ τῇδε μένοντες ἀνεξόμεθ᾽, ὡς σὺ κελεύεις.	-- -u u-u u-uu - u u--	dactylic hexameter	feminine penthemimeral
βέλτερον ἤματα πάντα μετ᾽ ἀθανάτοις ὀαρίζειν,	-uu -uu -u u -uu- uu--	dactylic hexameter	feminine penthemimeral
πλούσιον, ἀφνειόν, πολυλήιον, ἢ κατὰ δῶμα	-uu --- uu-uu - uu --	dactylic hexameter	masculine penthemimeral
ἄντρῳ ἐν ἠερόεντι θαασσέμεν: ἀμφὶ δὲ τιμῆς,	-u u -uu-u u-uu -u u --	dactylic hexameter	feminine penthemimeral
κἀγὼ τῆς ὁσίης ἐπιβήσομαι, ἧς περ Ἀπόλλων.	-- - uu- uu-uu - u u--	dactylic hexameter	masculine penthemimeral, trithemimeral
εἰ δέ κε μὴ δώῃσι πατὴρ ἐμός, ἧ τοι ἔγωγε	- u u - --u u- uu - u u--	dactylic hexameter	feminine penthemimeral, hepthemimeral, trithemimeral
πειρήσω, δύναμαι, φηλητέων ὄρχαμος εἶναι.	--- uu- --- -uu --	dactylic hexameter	masculine penthemimeral, trithemimeral
εἰ δέ μ᾽ἐρευνήσει Λητοῦς ἐρικυδέος υἱός,	- u u--- -- uu-uu --	dactylic hexameter	masculine penthemimeral, hepthemimeral
ἄλλο τί οἱ καὶ μεῖζον ὀίομαι ἀντιβολήσειν.	-u u - - -u u-uu -uu--	dactylic hexameter	feminine penthemimeral, trithemimeral
εἶμι γὰρ ἐς Πυθῶνα μέγαν δόμον ἀντιτορήσων:	-u u - --u u- uu -uu--	dactylic hexameter	feminine penthemimeral, hepthemimeral, trithemimeral
ἔνθεν ἅλις τρίποδας περικαλλέας ἠδὲ λέβητας	-u u- uu- uu-uu -u u--	dactylic hexameter	masculine penthemimeral, trithemimeral
πορθήσω καὶ χρυσόν, ἅλις τ᾽αἴθωνα σίδηρον	--- - -u u- --u u--	dactylic hexameter	feminine penthemimeral, hepthemimeral, trithemimeral
καὶ πολλὴν ἐσθῆτα: σὺ δ᾽ὄψεαι, αἴ κ᾽ἐθέλῃσθα.	- -- --u u -uu - uu--	dactylic hexameter	feminine penthemimeral, trithemimeral
ὣς οἳ μέν ῥ᾽ἐπέεσσι πρὸς ἀλλήλους ἀγόρευον,	- - - uu-u u --- uu--	dactylic hexameter	feminine penthemimeral, trithemimeral
υἱός τ᾽αἰγιόχοιο Διὸς καὶ πότνια Μαῖα.	-- -uu-u u- - -uu --	dactylic hexameter	feminine penthemimeral, hepthemimeral
Ἠὼς δ᾽ἠριγένεια φόως θνητοῖσι φέρουσα	-- -uu-u u- --u u--	dactylic hexameter	feminine penthemimeral, hepthemimeral
ὤρνυτ᾽ ἀπ᾽ Ὠκεανοῖο βαθυρρόου: αὐτὰρ Ἀπόλλων	-u u -uu-u u-uu -u u--	dactylic hexameter	feminine penthemimeral
Ὀγχηστόνδ᾽ ἀφίκανε κιών, πολυήρατον ἄλσος	--- uu-u u- uu-uu --	dactylic hexameter	feminine penthemimeral, hepthemimeral, trithemimeral
ἁγνὸν ἐρισφαράγου Γαιηόχου: ἔνθα γέροντα	-u u-uu- --uu -u u--	dactylic hexameter	masculine penthemimeral
κνώδαλον εὗρε νέμοντα παρ᾽ ἔξοδον ἕρκεος αὐλῆς.	-uu -u u-u u -uu -uu --	dactylic hexameter	feminine penthemimeral
τὸν πρότερος προσέφη Λητοῦς ἐρικυδέος υἱός:	- uu- uu- -- uu-uu --	dactylic hexameter	masculine penthemimeral, hepthemimeral, trithemimeral
ὦ γέρον, Ὀγχηστοῖο βατοδρόπε ποιήεντος,	- uu ---u u-uu ----	dactylic hexameter	feminine penthemimeral
βοῦς ἀπὸ Πιερίης διζήμενος ἐνθάδ᾽ ἱκάνω,	- uu -uu- --uu -u u--	dactylic hexameter	masculine penthemimeral
πάσας θηλείας, πάσας κεράεσσιν ἑλικτάς,	-- --- -- uu-u u--	dactylic hexameter	masculine penthemimeral, hepthemimeral
ἐξ ἀγέλης: ὁ δὲ ταῦρος ἐβόσκετο μοῦνος ἀπ᾽ ἄλλων	- uu- u u -u u-uu -u u --	dactylic hexameter	feminine penthemimeral, trithemimeral
κυάνεος: χαροποὶ δὲ κύνες κατόπισθεν ἕποντο	-uu- uu- u u- uu-u u--	dactylic hexameter	masculine penthemimeral, hepthemimeral, trithemimeral
τέσσαρες, ἠύτε φῶτες, ὁμόφρονες: οἳ μὲν ἔλειφθεν,	-uu -uu -u u-uu - u u--	dactylic hexameter	feminine penthemimeral
οἵ τε κύνες ὅ τε ταῦρος: ὃ δὴ περὶ θαῦμα τέτυκται:	- u u- u u -u u - uu -u u--	dactylic hexameter	feminine penthemimeral, hepthemimeral, trithemimeral
ταὶ δ᾽ἔβαν ἠελίοιο νέον καταδυομένοιο	- uu -uu-u u- uu-uu--	dactylic hexameter	feminine penthemimeral, hepthemimeral
ἐκ μαλακοῦ λειμῶνος ἀπὸ γλυκεροῖο νομοῖο.	- uu- --u u- uu-u u--	dactylic hexameter	feminine penthemimeral, hepthemimeral, trithemimeral
ταῦτά μοι εἰπέ, γεραιὲ παλαιγενές, εἴ που ὄπωπας	-u u -u u-u u-uu - u u--	dactylic hexameter	feminine penthemimeral
ἀνέρα ταῖσδ᾽ ἐπὶ βουσὶ διαπρήσσοντα κέλευθον.	-uu - uu -u u---u u--	dactylic hexameter	feminine penthemimeral, trithemimeral
τὸν δ᾽ὁ γέρων μύθοισιν ἀμειβόμενος προσέειπεν:	- u u- --u u-uu- uu--	dactylic hexameter	feminine penthemimeral, trithemimeral
ὦ φίλος, ἀργαλέον μέν, ὅσ᾽ ὀφθαλμοῖσιν ἴδοιτο,	- uu -uu- u u ---u u--	dactylic hexameter	masculine penthemimeral
πάντα λέγειν: πολλοὶ γὰρ ὁδὸν πρήσσουσιν ὁδῖται,	-u u- -- u u- --u u--	dactylic hexameter	masculine penthemimeral, hepthemimeral, trithemimeral
τῶν οἳ μὲν κακὰ πολλὰ μεμαότες, οἳ δὲ μάλ᾽ ἐσθλὰ	- - - uu -u u-uu - u u --	dactylic hexameter	feminine penthemimeral, trithemimeral
φοιτῶσιν: χαλεπὸν δὲ δαήμεναί ἐστιν ἕκαστον:	--- uu- u u-uu -u u--	dactylic hexameter	masculine penthemimeral, trithemimeral
αὐτὰρ ἐγὼ πρόπαν ἦμαρ ἐς ἠέλιον καταδύντα	-u u- uu -u u -uu- uu--	dactylic hexameter	feminine penthemimeral, trithemimeral
ἔσκαπτον περὶ γουνὸν ἀλωῆς οἰνοπέδοιο:	--- uu -u u-- -uu--	dactylic hexameter	feminine penthemimeral, trithemimeral
παῖδα δ᾽ἔδοξα, φέριστε, σαφὲς δ᾽οὐκ οἶδα, νοῆσαι,	-u u-u u-u u- - -u u--	dactylic hexameter	feminine penthemimeral, hepthemimeral
ὅς τις ὁ παῖς, ἅμα βουσὶν ἐυκραίρῃσιν ὀπήδει	- u u - uu -u u---u u--	dactylic hexameter	feminine penthemimeral, trithemimeral
νήπιος, εἶχε δὲ ῥάβδον: ἐπιστροφάδην δ᾽ἐβάδιζεν.	-uu -u u -u u-uu- uu--	dactylic hexameter	feminine penthemimeral
ἐξοπίσω δ᾽ἀνέεργε, κάρη δ᾽ἔχεν ἀντίον αὐτῷ.	-uu- uu-u u- uu -uu --	dactylic hexameter	feminine penthemimeral, hepthemimeral, trithemimeral
φῆ ῥ᾽ὁ γέρων: ὃ δὲ θᾶσσον ὁδὸν κίε μῦθον ἀκούσας:	- u u- u u -u u- uu -u u--	dactylic hexameter	feminine penthemimeral, hepthemimeral, trithemimeral
οἰωνὸν δ᾽ἐνόει τανυσίπτερον, αὐτίκα δ᾽ἔγνω	--- uu- uu-uu -uu --	dactylic hexameter	masculine penthemimeral, trithemimeral
φηλητὴν γεγαῶτα Διὸς παῖδα Κρονίωνος.	--- uu-u u- -- uu--	dactylic hexameter	feminine penthemimeral, hepthemimeral, trithemimeral
ἐσσυμένως δ᾽ἤιξεν ἄναξ Διὸς υἱὸς Ἀπόλλων	-uu- --u u- uu -u u--	dactylic hexameter	feminine penthemimeral, hepthemimeral, trithemimeral
ἐς Πύλον ἠγαθέην διζήμενος εἰλίποδας βοῦς,	- uu -uu- --uu -uu- -	dactylic hexameter	masculine penthemimeral
πορφυρέῃ νεφέλῃ κεκαλυμμένος εὐρέας ὤμουσ᾽	-uu- uu- uu-uu -uu --	dactylic hexameter	masculine penthemimeral, trithemimeral
ἴχνιά τ᾽εἰσενόησεν Ἑκηβόλος εἶπέ τε μῦθον:	-uu -uu-u u-uu -u u --	dactylic hexameter	feminine penthemimeral
ὦ πόποι, ἦ μέγα θαῦμα τόδ᾽ ὀφθαλμοῖσιν ὁρῶμαι:	- uu - uu -u u ---u u--	dactylic hexameter	feminine penthemimeral, trithemimeral
ἴχνια μὲν τάδε γ᾽ἐστὶ βοῶν ὀρθοκραιράων,	-uu - uu -u u- -----	dactylic hexameter	feminine penthemimeral, hepthemimeral, trithemimeral
ἀλλὰ πάλιν τέτραπται ἐς ἀσφοδελὸν λειμῶνα:	-u u- --u u -uu- ---	dactylic hexameter	feminine penthemimeral, trithemimeral
βήματα δ᾽οὔτ᾽ ἀνδρὸς τάδε γίγνεται οὔτε γυναικὸς	-uu - -- uu -uu -u u--	dactylic hexameter	masculine penthemimeral, trithemimeral
οὔτε λύκων πολιῶν οὔτ᾽ ἄρκτων οὔτε λεόντων:	-u u- uu- - -- -u u--	dactylic hexameter	masculine penthemimeral, trithemimeral
οὔτε τι Κενταύρου λασιαύχενος ἔλπομαι εἶναι,	-u u --- uu-uu -uu --	dactylic hexameter	masculine penthemimeral
ὅς τις τοῖα πέλωρα βιβᾷ ποσὶ καρπαλίμοισιν:	- - -u u-u u- uu -uu--	dactylic hexameter	feminine penthemimeral, hepthemimeral
αἰνὰ μὲν ἔνθεν ὁδοῖο, τὰ δ᾽αἰνότερ᾽ ἔνθεν ὁδοῖο.	-u u -u u-u u -uu -u u--	dactylic hexameter	feminine penthemimeral
ὣς εἰπὼν ἤιξεν ἄναξ Διὸς υἱὸς Ἀπόλλων:	- -- --u u- uu -u u--	dactylic hexameter	feminine penthemimeral, hepthemimeral, trithemimeral
Κυλλήνης δ᾽ἀφίκανεν ὄρος καταείμενον ὕλῃ,	--- uu-u u- uu-uu --	dactylic hexameter	feminine penthemimeral, hepthemimeral, trithemimeral
πέτρης ἐς κευθμῶνα βαθύσκιον, ἔνθα τε νύμφη	-- - --u u-uu -u u --	dactylic hexameter	feminine penthemimeral, trithemimeral
ἀμβροσίη ἐλόχευσε Διὸς παῖδα Κρονίωνος.	-uu- uu-u u- -- uu--	dactylic hexameter	feminine penthemimeral, hepthemimeral, trithemimeral
ὀδμὴ δ᾽ἱμερόεσσα δι᾽ οὔρεος ἠγαθέοιο	-- -uu-u u -uu -uu--	dactylic hexameter	feminine penthemimeral
κίδνατο, πολλὰ δὲ μῆλα ταναύποδα βόσκετο ποίην.	-uu -u u -u u-uu -uu --	dactylic hexameter	feminine penthemimeral
ἔνθα τότε σπεύδων κατεβήσατο λάινον οὐδὸν	-u u- -- uu-uu -uu --	dactylic hexameter	masculine penthemimeral, trithemimeral
ἄντρον ἐς ἠερόεν ἑκατηβόλος αὐτὸς Ἀπόλλων.	-u u -uu- uu-uu -u u--	dactylic hexameter	masculine penthemimeral
Τὸν δ᾽ὡς οὖν ἐνόησε Διὸς καὶ Μαιάδος υἱὸς	- - - uu-u u- - -uu --	dactylic hexameter	feminine penthemimeral, hepthemimeral, trithemimeral
χωόμενον περὶ βουσὶν ἑκηβόλον Ἀπόλλωνα,	-uu- uu -u u-uu ----	dactylic hexameter	feminine penthemimeral, trithemimeral
σπάργαν᾽ ἔσω κατέδυνε θυήεντ᾽: ἠύτε πολλὴν	-u u- uu-u u-- -uu --	dactylic hexameter	feminine penthemimeral, trithemimeral
πρέμνων ἀνθρακιὴν ὕλης σποδὸς ἀμφικαλύπτει,	-- -uu- -- uu -uu--	dactylic hexameter	masculine penthemimeral, hepthemimeral
ὣς Ἑρμῆς Ἑκάεργον ἰδὼν ἀνέειλεν ἑαυτόν.	- -- uu-u u- uu-u u--	dactylic hexameter	feminine penthemimeral, hepthemimeral, trithemimeral
ἐν δ᾽ὀλίγῳ συνέλασσε κάρη χεῖράς τε πόδας τε,	- uu- uu-u u- -- u u- -	dactylic hexameter	feminine penthemimeral, hepthemimeral, trithemimeral
φή ῥα νεόλλουτος, προκαλεύμενος ἥδυμον ὕπνον,	- u u--- uu-uu -uu --	dactylic hexameter	masculine penthemimeral
ἐγρήσσων ἐτεόν γε: χέλυν δ᾽ὑπὸ μασχάλῃ εἶχε.	--- uu- u u- uu -uu --	dactylic hexameter	masculine penthemimeral, hepthemimeral, trithemimeral
γνῶ δ᾽οὐδ᾽ ἠγνοίησε Διὸς καὶ Λητοῦς υἱὸς	- - ---u u- - -- --	dactylic hexameter	feminine penthemimeral, hepthemimeral
νύμφην τ᾽οὐρείην περικαλλέα καὶ φίλον υἱόν,	-- --- uu-uu - uu --	dactylic hexameter	masculine penthemimeral
παῖδ᾽ ὀλίγον, δολίῃς εἰλυμένον ἐντροπίῃσι.	- uu- uu- --uu -uu--	dactylic hexameter	masculine penthemimeral, trithemimeral
παπτήνας δ᾽ἀνὰ πάντα μυχὸν μεγάλοιο δόμοιο	--- uu -u u- uu-u u--	dactylic hexameter	feminine penthemimeral, hepthemimeral, trithemimeral
τρεῖς ἀδύτους ἀνέῳγε λαβὼν κληῖδα φαεινὴν	- uu- uu-u u- --u u--	dactylic hexameter	feminine penthemimeral, hepthemimeral, trithemimeral
νέκταρος ἐμπλείους ἠδ᾽ ἀμβροσίης ἐρατεινῆς:	-uu --- - -uu- uu--	dactylic hexameter	masculine penthemimeral
πολλὸς δὲ χρυσός τε καὶ ἄργυρος ἔνδον ἔκειτο,	-- - -- u u -uu -u u--	dactylic hexameter	masculine penthemimeral, trithemimeral
πολλὰ δὲ φοινικόεντα καὶ ἄργυφα εἵματα νύμφης,	-u u -uu-u u -uu -uu --	dactylic hexameter	feminine penthemimeral
οἷα θεῶν μακάρων ἱεροὶ δόμοι ἐντὸς ἔχουσιν:	-u u- uu- uu- uu -u u--	dactylic hexameter	masculine penthemimeral, hepthemimeral, trithemimeral
ἔνθ᾽ ἐπεὶ ἐξερέεινε μυχοὺς μεγάλοιο δόμοιο	- uu -uu-u u- uu-u u--	dactylic hexameter	feminine penthemimeral, hepthemimeral
Λητοΐδης, μύθοισι προσηύδα κύδιμον Ἑρμῆν:	-uu- --u u-- -uu --	dactylic hexameter	feminine penthemimeral, trithemimeral
ὦ παῖ, ὃς ἐν λίκνῳ κατάκειαι, μήνυέ μοι βοῦς	- u u - -- uu-- -uu - -	dactylic hexameter	masculine penthemimeral, trithemimeral
θᾶσσον: ἐπεὶ τάχα νῶι διοισόμεθ᾽ οὐ κατὰ κόσμον.	-u u- uu -u u-uu - uu --	dactylic hexameter	feminine penthemimeral, trithemimeral
ῥίψω γάρ σε λαβὼν ἐς Τάρταρον ἠερόεντα,	-- - u u- - -uu -uu--	dactylic hexameter	masculine penthemimeral, trithemimeral
ἐς ζόφον αἰνόμορον καὶ ἀμήχανον: οὐδέ σε μήτηρ	- uu -uu- u u-uu -u u --	dactylic hexameter	masculine penthemimeral
ἐς φάος οὐδὲ πατὴρ ἀναλύσεται, ἀλλ᾽ ὑπὸ γαίῃ	- uu -u u- uu-uu - uu --	dactylic hexameter	masculine penthemimeral
ἐρρήσεις ὀλίγοισι μετ᾽ ἀνδράσιν ἡγεμονεύων.	--- uu-u u -uu -uu--	dactylic hexameter	feminine penthemimeral, trithemimeral
Τὸν δ᾽Ἑρμῆς μύθοισιν ἀμείβετο κερδαλέοισι:	- -- --u u-uu -uu--	dactylic hexameter	feminine penthemimeral, trithemimeral
Λητοΐδη, τίνα τοῦτον ἀπηνέα μῦθον ἔειπας;	-uu- uu -u u-uu -u u--	dactylic hexameter	feminine penthemimeral, trithemimeral
καὶ βοῦς ἀγραύλους διζήμενος ἐνθάδ᾽ ἱκάνεις;	- - --- --uu -u u--	dactylic hexameter	masculine penthemimeral
οὐκ ἴδον, οὐ πυθόμην, οὐκ ἄλλου μῦθον ἄκουσα:	- uu - uu- - -- -u u--	dactylic hexameter	masculine penthemimeral, trithemimeral
οὐκ ἂν μηνύσαιμ᾽, οὐκ ἂν μήνυτρον ἀροίμην:	- - --- - - --u u--	dactylic hexameter	masculine penthemimeral, hepthemimeral
οὐδὲ βοῶν ἐλατῆρι, κραταιῷ φωτί, ἔοικα.	-u u- uu-u u-- -u u--	dactylic hexameter	feminine penthemimeral, trithemimeral
οὐκ ἐμὸν ἔργον τοῦτο, πάρος δέ μοι ἄλλα μέμηλεν:	- uu -- -u u- u u -u u--	dactylic hexameter	feminine penthemimeral, hepthemimeral
ὕπνος ἐμοί γε μέμηλε καὶ ἡμετέρης γάλα μητρὸς	-u u- u u-u u -uu- uu --	dactylic hexameter	feminine penthemimeral, trithemimeral
σπάργανά τ᾽ἀμφ᾽ ὤμοισιν ἔχειν καὶ θερμὰ λοετρά.	-uu - --u u- - -u u--	dactylic hexameter	feminine penthemimeral, hepthemimeral, trithemimeral
μή τις τοῦτο πύθοιτο, πόθεν τόδε νεῖκος ἐτύχθη:	- - -u u-u u- uu -u u--	dactylic hexameter	feminine penthemimeral, hepthemimeral
καί κεν δὴ μέγα θαῦμα μετ᾽ ἀθανάτοισι γένοιτο,	- - - uu -u u -uu-u u--	dactylic hexameter	feminine penthemimeral, trithemimeral
παῖδα νέον γεγαῶτα διὲκ προθύροιο περῆσαι	-u u- uu-u u- uu-u u--	dactylic hexameter	feminine penthemimeral, hepthemimeral, trithemimeral
βουσὶν ἐπ᾽ ἀγραύλοισι: τὸ δ᾽ἀπρεπέως ἀγορεύεις.	-u u ---u u -uu- uu--	dactylic hexameter	feminine penthemimeral
χθὲς γενόμην, ἁπαλοὶ δὲ πόδες, τρηχεῖα δ᾽ὕπο χθών.	- uu- uu- u u- --u u- -	dactylic hexameter	masculine penthemimeral, hepthemimeral, trithemimeral
εἰ δ᾽ἐθέλεις, πατρὸς κεφαλὴν μέγαν ὅρκον ὀμοῦμαι:	- uu- -- uu- uu -u u--	dactylic hexameter	masculine penthemimeral, hepthemimeral, trithemimeral
μὴ μὲν ἐγὼ μήτ᾽ αὐτὸς ὑπίσχομαι αἴτιος εἶναι,	- u u- - -u u-uu -uu --	dactylic hexameter	feminine penthemimeral, trithemimeral
μήτε τιν᾽ ἄλλον ὄπωπα βοῶν κλοπὸν ὑμετεράων,	-u u -u u-u u- uu -uu--	dactylic hexameter	feminine penthemimeral, hepthemimeral
αἵ τινες αἱ βόες εἰσί: τὸ δὲ κλέος οἶον ἀκούω.	- uu - uu -u u - uu -u u--	dactylic hexameter	feminine penthemimeral, hepthemimeral, trithemimeral
ὣς ἄρ᾽ ἔφη καὶ πυκνὸν ἀπὸ βλεφάρων ἀμαρύσσων	- u u- - -u u- uu- uu--	dactylic hexameter	feminine penthemimeral, hepthemimeral, trithemimeral
ὀφρῦς ῥιπτάζεσκεν ὁρώμενος ἔνθα καὶ ἔνθα,	-- ---u u-uu -u u --	dactylic hexameter	feminine penthemimeral
μάκρ᾽ ἀποσυρίζων, ἅλιον τὸν μῦθον ἀκούων.	- uu--- uu- - -u u--	dactylic hexameter	masculine penthemimeral, hepthemimeral
τὸν δ᾽ἁπαλὸν γελάσας προσέφη ἑκάεργος Ἀπόλλων:	- uu- uu- uu- uu-u u--	dactylic hexameter	masculine penthemimeral, hepthemimeral, trithemimeral
ὦ πέπον, ἠπεροπευτά, δολοφραδές, ἦ σε μάλ᾽ οἴω	- uu -uu-u u-uu - u u --	dactylic hexameter	feminine penthemimeral
πολλάκις ἀντιτοροῦντα δόμους εὖ ναιετάοντας	-uu -uu-u u- - -uu--	dactylic hexameter	feminine penthemimeral, hepthemimeral
ἔννυχον οὐχ ἕνα μοῦνον ἐπ᾽ οὔδεϊ φῶτα καθίσσαι,	-uu - uu -u u -uu -u u--	dactylic hexameter	feminine penthemimeral, trithemimeral
σκευάζοντα κατ᾽ οἶκον ἄτερ ψόφου, οἷ᾽ ἀγορεύεις:	---u u -u u- uu - uu--	dactylic hexameter	feminine penthemimeral, hepthemimeral
πολλοὺς δ᾽ἀγραύλους ἀκαχήσεις μηλοβοτῆρας	-- --- uu-- -uu--	dactylic hexameter	masculine penthemimeral
οὔρεος ἐν βήσσῃς, ὁπότ᾽ ἄν κρειῶν ἐρατίζων	-uu - -- uu - -- uu--	dactylic hexameter	masculine penthemimeral, hepthemimeral, trithemimeral
ἀντᾷς βουκολίοισι καὶ εἰροπόκοις ὀίεσσιν.	-- -uu-u u -uu- uu--	dactylic hexameter	feminine penthemimeral
ἀλλ᾽ ἄγε, μὴ πύματόν τε καὶ ὕστατον ὕπνον ἰαύσῃς,	- uu - uu- u u -uu -u u--	dactylic hexameter	masculine penthemimeral, trithemimeral
ἐκ λίκνου κατάβαινε, μελαίνης νυκτὸς ἑταῖρε.	- -- uu-u u-- -u u--	dactylic hexameter	feminine penthemimeral, trithemimeral
τοῦτο γὰρ οὖν καὶ ἔπειτα μετ᾽ ἀθανάτοις γέρας ἕξεις.	-u u - u u-u u -uu- uu --	dactylic hexameter	feminine penthemimeral, trithemimeral
ἀρχὸς φηλητέων κεκλήσεαι ἤματα πάντα.	-- --- --uu -uu --	dactylic hexameter	masculine penthemimeral
ὣς ἄρ᾽ ἔφη καὶ παῖδα λαβὼν φέρε Φοῖβος Ἀπόλλων.	- u u- - -u u- uu -u u--	dactylic hexameter	feminine penthemimeral, hepthemimeral, trithemimeral
σὺν δ᾽ἄρα φρασσάμενος τότε δὴ κρατὺς Ἀργειφόντης	- uu -uu- uu - uu -uu--	dactylic hexameter	masculine penthemimeral, hepthemimeral
οἰωνὸν προέηκεν ἀειρόμενος μετὰ χερσί,	--- uu-u u-uu- uu --	dactylic hexameter	feminine penthemimeral, trithemimeral
τλήμονα γαστρὸς ἔριθον, ἀτάσθαλον ἀγγελιώτην.	-uu -u u-u u-uu -uu--	dactylic hexameter	feminine penthemimeral
ἐσσυμένως δὲ μετ᾽ αὐτὸν ἐπέπταρε: τοῖο δ᾽Ἀπόλλων	-uu- u u -u u-uu -u u--	dactylic hexameter	feminine penthemimeral, trithemimeral
ἔκλυεν, ἐκ χειρῶν δὲ χαμαὶ βάλε κύδιμον Ἑρμῆν.	-uu - -- u u- uu -uu --	dactylic hexameter	masculine penthemimeral, hepthemimeral, trithemimeral
ἕζετο δὲ προπάροιθε καὶ ἐσσύμενός περ ὁδοῖο	-uu - uu-u u -uu- u u--	dactylic hexameter	feminine penthemimeral, trithemimeral
Ἑρμῆν κερτομέων καί μιν πρὸς μῦθον ἔειπε:	-- -uu- - - - -u u--	dactylic hexameter	masculine penthemimeral, hepthemimeral
θάρσει, σπαργανιῶτα, Διὸς καὶ Μαιάδος υἱέ:	-- -uu-u u- - -uu --	dactylic hexameter	feminine penthemimeral, hepthemimeral
εὑρήσω καὶ ἔπειτα βοῶν ἴφθιμα κάρηνα	--- u u-u u- --u u--	dactylic hexameter	feminine penthemimeral, hepthemimeral, trithemimeral
τούτοις οἰωνοῖσι: σὺ δ᾽αὖθ᾽ ὁδὸν ἡγεμονεύσεις.	-- ---u u - uu -uu--	dactylic hexameter	feminine penthemimeral, hepthemimeral
ὣς φάθ᾽: ὃ δ᾽αὖτ᾽ ἀνόρουσε θοῶς Κυλλήνιος Ἑρμῆς,	- u u - uu-u u- --uu --	dactylic hexameter	feminine penthemimeral, hepthemimeral, trithemimeral
σπουδῇ ἰών: ἄμφω δὲ παρ᾽ οὔατα χερσὶν ἐώθει	-u u- -- u u -uu -u u--	dactylic hexameter	masculine penthemimeral, trithemimeral
σπάργανον ἀμφ᾽ ὤμοισιν ἐελμένος, εἶπε δὲ μῦθον:	-uu - --u u-uu -u u --	dactylic hexameter	feminine penthemimeral, trithemimeral
πῆ με φέρεις, Ἑκάεργε, θεῶν ζαμενέστατε πάντων;	- u u- uu-u u- uu-uu --	dactylic hexameter	feminine penthemimeral, hepthemimeral, trithemimeral
ἦ με βοῶν ἕνεχ᾽ ὧδε χολούμενος ὀρσολοπεύεις;	- u u- uu -u u-uu -uu--	dactylic hexameter	feminine penthemimeral, trithemimeral
ὦ πόποι, εἴθ᾽ ἀπόλοιτο βοῶν γένος: οὐ γὰρ ἐγώ γε	- uu - uu-u u- uu - u u- -	dactylic hexameter	feminine penthemimeral, hepthemimeral, trithemimeral
ὑμετέρας ἔκλεψα βόας οὐδ᾽ ἄλλον ὄπωπα,	-uu- --u u- - -u u--	dactylic hexameter	feminine penthemimeral, hepthemimeral, trithemimeral
αἵτινες αἱ βόες εἰσί: τὸ δὲ κλέος οἶον ἀκούω.	-uu - uu -u u - uu -u u--	dactylic hexameter	feminine penthemimeral, hepthemimeral, trithemimeral
δὸς δὲ δίκην καὶ δέξο παρὰ Ζηνὶ Κρονίωνι.	- u u- - -u u- -- uu--	dactylic hexameter	feminine penthemimeral, hepthemimeral, trithemimeral
αὐτὰρ ἐπεὶ τὰ ἕκαστα διαρρήδην ἐρίδαινον	-u u- u u-u u--- uu--	dactylic hexameter	feminine penthemimeral, trithemimeral
Ἑρμῆς τ᾽οἰοπόλος καὶ Λητοῦς ἀγλαὸς υἱός,	-- -uu- - -- -uu --	dactylic hexameter	masculine penthemimeral
ἀμφὶς θυμὸν ἔχοντες. ὃ μὲν νημερτέα φωνὴν	-- -u u-u u - --uu --	dactylic hexameter	feminine penthemimeral, hepthemimeral
οὐκ ἀδίκως ἐπὶ βουσὶν ἐλάζυτο κύδιμον Ἑρμῆν,	- uu- uu -u u-uu -uu --	dactylic hexameter	feminine penthemimeral, trithemimeral
αὐτὰρ ὃ τέχνῃσίν τε καὶ αἱμυλίοισι λόγοισιν	-u u --- u u -uu-u u--	dactylic hexameter	masculine penthemimeral
ἤθελεν ἐξαπατᾶν Κυλλήνιος Ἀργυρότοξον.	-uu -uu- --uu -uu--	dactylic hexameter	masculine penthemimeral
αὐτὰρ ἐπεὶ πολύμητις ἐὼν πολυμήχανον εὗρεν,	-u u- uu-u u- uu-uu --	dactylic hexameter	feminine penthemimeral, hepthemimeral, trithemimeral
ἐσσυμένως δὴ ἔπειτα διὰ ψαμάθοιο βάδιζε	-uu- u u-u u- uu-u u--	dactylic hexameter	feminine penthemimeral, hepthemimeral, trithemimeral
πρόσθεν, ἀτὰρ κατόπισθε Διὸς καὶ Λητοῦς υἱός.	-u u- uu-u u- - -- --	dactylic hexameter	feminine penthemimeral, hepthemimeral, trithemimeral
αἶψα δὲ τέρθρον ἵκοντο θυώδεος Οὐλύμποιο	-u u -u u-u u-uu ----	dactylic hexameter	feminine penthemimeral
ἐς πατέρα Κρονίωνα Διὸς περικαλλέα τέκνα:	- uu- uu-u u- uu-uu --	dactylic hexameter	feminine penthemimeral, hepthemimeral, trithemimeral
κεῖθι γὰρ ἀμφοτέροισι δίκης κατέκειτο τάλαντα.	-u u -uu-u u- uu-u u--	dactylic hexameter	feminine penthemimeral, hepthemimeral
οὐμιλίη δ᾽ἔχ᾽ Ὄλυμπον ἀγάννιφον, ἀθάνατοι δὲ	-uu- u u-u u-uu -uu- -	dactylic hexameter	feminine penthemimeral, trithemimeral
ἄφθιτοι ἠγερέθοντο μετὰ χρυσόθρονον Ἠῶ.	-uu -uu-u u- --uu --	dactylic hexameter	feminine penthemimeral, hepthemimeral
ἔστησαν δ᾽Ἑρμῆς τε καὶ ἀργυρότοξος Ἀπόλλων	--- -- u u -uu-u u--	dactylic hexameter	masculine penthemimeral, trithemimeral
πρόσθε Διὸς γούνων: ὃ δ᾽ἀνείρετο φαίδιμον υἱὸν	-u u- -- u u-uu -uu --	dactylic hexameter	masculine penthemimeral, trithemimeral
Ζεὺς ὑψιβρεμέτης καί μιν πρὸς μῦθον ἔειπε:	- --uu- - - - -u u--	dactylic hexameter	masculine penthemimeral, hepthemimeral
φοῖβε, πόθεν ταύτην μενοεικέα ληίδ᾽ ἐλαύνεις,	-u u- -- uu-uu -u u--	dactylic hexameter	masculine penthemimeral, trithemimeral
παῖδα νέον γεγαῶτα, φυὴν κήρυκος ἔχοντα;	-u u- uu-u u- --u u--	dactylic hexameter	feminine penthemimeral, hepthemimeral, trithemimeral
σπουδαῖον τόδε χρῆμα θεῶν μεθ᾽ ὁμήγυριν ἦλθε.	--- uu -u u- u u-uu --	dactylic hexameter	feminine penthemimeral, hepthemimeral, trithemimeral
τὸν δ᾽αὖτε προσέειπεν ἄναξ ἑκάεργος Ἀπόλλων:	- -- uu-u u- uu-u u--	dactylic hexameter	feminine penthemimeral, hepthemimeral, trithemimeral
ὦ πάτερ, ἦ τάχα μῦθον ἀκούσεαι οὐκ ἀλαπαδνόν,	- uu - uu -u u-uu - uu--	dactylic hexameter	feminine penthemimeral, trithemimeral
κερτομέων ὡς οἶος ἐγὼ φιλολήιός εἰμι.	-uu- - -u u- uu-uu --	dactylic hexameter	feminine penthemimeral, hepthemimeral, trithemimeral
παῖδά τιν᾽ εὗρον τόνδε διαπρύσιον κεραϊστὴν	-u u -- -u u-uu- uu--	dactylic hexameter	feminine penthemimeral
Κυλλήνης ἐν ὄρεσσι, πολὺν διὰ χῶρον ἀνύσσας,	--- u u-u u- uu -u u--	dactylic hexameter	feminine penthemimeral, hepthemimeral, trithemimeral
κέρτομον, οἷον ἐγώ γε θεῶν οὐκ ἄλλον ὄπωπα	-uu -u u- u u- - -u u--	dactylic hexameter	masculine penthemimeral, hepthemimeral
οὐδ᾽ ἀνδρῶν, ὁπόσοι λησίμβροτοί εἰσ᾽ ἐπὶ γαίῃ.	- -- uu- --uu - uu --	dactylic hexameter	masculine penthemimeral, trithemimeral
κλέψας δ᾽ἐκ λειμῶνος ἐμὰς βοῦς ὤχετ᾽ ἐλαύνων	-- - --u u- - -u u--	dactylic hexameter	feminine penthemimeral, hepthemimeral, trithemimeral
ἑσπέριος παρὰ θῖνα πολυφλοίσβοιο θαλάσσης,	-uu- uu -u u---u u--	dactylic hexameter	feminine penthemimeral, trithemimeral
εὐθὺ Πύλονδ᾽ ἐλάων: τὰ δ᾽ἄρ᾽ ἴχνια δοιὰ πέλωρα,	-u u- uu- u u -uu -u u--	dactylic hexameter	masculine penthemimeral, trithemimeral
οἷά τ᾽ἀγάσσασθαι, καὶ ἀγαυοῦ δαίμονος ἔργα.	-u u--- u u-- -uu --	dactylic hexameter	masculine penthemimeral
τῇσιν μὲν γὰρ βουσὶν ἐς ἀσφοδελὸν λειμῶνα	-- - - -u u -uu- ---	dactylic hexameter	feminine penthemimeral, trithemimeral
ἀντία βήματ᾽ ἔχουσα κόνις ἀνέφαινε μέλαινα:	-uu -u u-u u- uu-u u--	dactylic hexameter	feminine penthemimeral, hepthemimeral
αὐτὸς δ᾽ἐκτὸς ὁδοῦ, τις ἀμήχανος, οὔτ᾽ ἄρα ποσσὶν	-- -u u- u u-uu - uu --	dactylic hexameter	masculine penthemimeral
οὔτ᾽ ἄρα χερσὶν ἔβαινε διὰ ψαμαθώδεα χῶρον:	- uu -u u-u u- uu-uu --	dactylic hexameter	feminine penthemimeral, hepthemimeral
ἀλλ᾽ ἄλλην τινὰ μῆτιν ἔχων διέτριβε κέλευθα	- -- uu -u u- uu-u u--	dactylic hexameter	feminine penthemimeral, hepthemimeral, trithemimeral
τοῖα πέλωρ᾽ ὡς εἴ τις ἀραιῇσι δρυσὶ βαίνοι.	-u u- - - u u--- uu --	dactylic hexameter	masculine penthemimeral, trithemimeral
ὄφρα μὲν οὖν ἐδίωκε διὰ ψαμαθώδεα χῶρον,	-u u - uu-u u- uu-uu --	dactylic hexameter	feminine penthemimeral, hepthemimeral, trithemimeral
ῥεῖα μάλ᾽ ἴχνια πάντα διέπρεπεν ἐν κονίῃσιν:	-u u -uu -u u-uu - uu--	dactylic hexameter	feminine penthemimeral
αὐτὰρ ἐπεὶ ψαμάθοιο μέγαν στίβον ἐξεπέρησεν,	-u u- uu-u u- uu -uu--	dactylic hexameter	feminine penthemimeral, hepthemimeral, trithemimeral
ἄφραστος γένετ᾽ ὦκα βοῶν στίβος ἠδὲ καὶ αὐτοῦ	--- uu -u u- uu -u u --	dactylic hexameter	feminine penthemimeral, hepthemimeral, trithemimeral
χῶρον ἀνὰ κρατερόν: τὸν δ᾽ἐφράσατο βροτὸς ἀνὴρ	-u u- uu- - -uu- uu --	dactylic hexameter	masculine penthemimeral, trithemimeral
ἐς Πύλον εὐθὺς ἐλῶντα βοῶν γένος εὐρυμετώπων.	- uu -u u-u u- uu -uu--	dactylic hexameter	feminine penthemimeral, hepthemimeral
αὐτὰρ ἐπεὶ δὴ τὰς μὲν ἐν ἡσυχίῃ κατέερξε	-u u- - - u u -uu- uu--	dactylic hexameter	masculine penthemimeral, trithemimeral
καὶ διαπυρπαλάμησεν ὁδοῦ τὸ μὲν ἔνθα, τὸ δ᾽ἔνθα,	- uu-uu-u u- u u -u u --	dactylic hexameter	feminine penthemimeral, hepthemimeral
ἐν λίκνῳ κατέκειτο μελαίνῃ νυκτὶ ἐοικώς,	- -- uu-u u-- -u u--	dactylic hexameter	feminine penthemimeral, trithemimeral
ἄντρῳ ἐν ἠερόεντι κατὰ ζόφον: οὐδέ κεν αὐτὸν	-u u -uu-u u- uu -u u --	dactylic hexameter	feminine penthemimeral, hepthemimeral
αἰετὸς ὀξὺ λάων ἐσκέψατο: πολλὰ δὲ χερσὶν	-uu -u u- --uu -u u --	dactylic hexameter	masculine penthemimeral
αὐγὰς ὠμόργαζε δολοφροσύνην ἀλεγύνων.	-- ---u u-uu- uu--	dactylic hexameter	feminine penthemimeral
αὐτὸς δ᾽αὐτίκα μῦθον ἀπηλεγέως ἀγόρευεν:	-- -uu -u u-uu- uu--	dactylic hexameter	feminine penthemimeral
οὐκ ἴδον, οὐ πυθόμην, οὐκ ἄλλου μῦθον ἄκουσα	- uu - uu- - -- -u u--	dactylic hexameter	masculine penthemimeral, trithemimeral
οὐδέ κε μηνύσαιμ᾽, οὐδ᾽ ἄν μήνυτρον ἀροίμην.	-u u --- - - --u u--	dactylic hexameter	masculine penthemimeral, hepthemimeral
Ἠ τοι ἄρ᾽ ὣς εἰπὼν κατ᾽ ἄρ᾽ ἕζετο Φοῖβος Ἀπόλλων:	- u u - -- u u -uu -u u--	dactylic hexameter	masculine penthemimeral, trithemimeral
Ερμῆς δ᾽αὖθ᾽ ἑτέρωθεν ἀμειβόμενος ἔπος ηὔδα,	-- - uu-u u-uu- uu --	dactylic hexameter	feminine penthemimeral, trithemimeral
δείξατο δ᾽ἐς Κρονίωνα, θεῶν σημάντορα πάντων:	-uu - uu-u u- --uu --	dactylic hexameter	feminine penthemimeral, hepthemimeral, trithemimeral
ζεῦ πάτερ, ἦ τοι ἐγώ σοι ἀληθείην καταλέξω:	- uu - u u- u u--- uu--	dactylic hexameter	masculine penthemimeral, trithemimeral
νημερτής τε γάρ εἰμι καὶ οὐκ οἶδα ψεύδεσθαι.	--- u u -u u - -- ---	dactylic hexameter	feminine penthemimeral, hepthemimeral, trithemimeral
ἦλθεν ἐς ἡμετέρου διζήμενος εἰλίποδας βοῦς	-u u -uu- --uu -uu- -	dactylic hexameter	masculine penthemimeral
σήμερον ἠελίοιο νέον ἐπιτελλομένοιο:	-uu -uu-u u- uu-uu--	dactylic hexameter	feminine penthemimeral, hepthemimeral
οὐδὲ θεῶν μακάρων ἄγε μάρτυρας οὐδὲ κατόπτας,	-u u- uu- uu -uu -u u--	dactylic hexameter	masculine penthemimeral, trithemimeral
μηνύειν δ᾽ἐκέλευεν ἀναγκαίης ὑπὸ πολλῆς,	--- uu-u u--- uu --	dactylic hexameter	feminine penthemimeral, trithemimeral
πολλὰ δέ μ᾽ἠπείλησε βαλεῖν ἐς Τάρταρον εὐρύν,	-u u ---u u- - -uu --	dactylic hexameter	feminine penthemimeral, hepthemimeral
οὕνεχ᾽ ὃ μὲν τέρεν ἄνθος ἔχει φιλοκυδέος ἥβης,	-u u - uu -u u- uu-uu --	dactylic hexameter	feminine penthemimeral, hepthemimeral, trithemimeral
αὐτὰρ ἐγὼ χθιζὸς γενόμην, τὰ δέ τ᾽οἶδε καὶ αὐτός,	-u u- -- uu- u u -u u --	dactylic hexameter	masculine penthemimeral, hepthemimeral, trithemimeral
οὔτι βοῶν ἐλατῆρι, κραταιῷ φωτί, ἐοικώς.	-u u- uu-u u-- -u u--	dactylic hexameter	feminine penthemimeral, trithemimeral
πείθεο: καὶ γὰρ ἐμεῖο πατὴρ φίλος εὔχεαι εἶναι,	-uu - u u-u u- uu -uu --	dactylic hexameter	feminine penthemimeral, hepthemimeral, trithemimeral
ὡς οὐκ οἴκαδ᾽ ἔλασσα βόας, ὣς ὄλβιος εἴην,	- - -u u-u u- - -uu --	dactylic hexameter	feminine penthemimeral, hepthemimeral
οὐδ᾽ ὑπὲρ οὐδὸν ἔβην: τὸ δέ τ᾽ἀτρεκέως ἀγορεύω.	- uu -u u- u u -uu- uu--	dactylic hexameter	masculine penthemimeral
Ἠέλιον δὲ μάλ᾽ αἰδέομαι καὶ δαίμονας ἄλλους,	-uu- u u -uu- - -uu --	dactylic hexameter	hepthemimeral, trithemimeral
καὶ σε φιλῶ καὶ τοῦτον ὀπίζομαι: οἶσθα καὶ αὐτός,	- u u- - -u u-uu -u u --	dactylic hexameter	feminine penthemimeral, trithemimeral
ὡς οὐκ αἴτιός εἰμι: μέγαν δ᾽ἐπιδώσομαι ὅρκον:	- - -uu -u u- uu-uu --	dactylic hexameter	feminine penthemimeral, hepthemimeral
οὐ μὰ τάδ᾽ ἀθανάτων εὐκόσμητα προθύραια.	- u u -uu- ---- uu--	dactylic hexameter	masculine penthemimeral
καί που ἐγὼ τούτῳ τίσω ποτὲ νηλέα φώρην,	- u u- -- -- uu -uu --	dactylic hexameter	masculine penthemimeral, hepthemimeral, trithemimeral
καὶ κρατερῷ περ ἐόντι: σὺ δ᾽ὁπλοτέροισιν ἄρηγε.	- uu- u u-u u -uu-u u--	dactylic hexameter	feminine penthemimeral, trithemimeral
ὣς φάτ᾽ ἐπιλλίζων Κυλλήνιος Ἀργειφόντης:	- u u--- --uu ----	dactylic hexameter	masculine penthemimeral
καὶ τὸ σπάργανον εἶχεν ἐπ᾽ ὠλένῃ οὐδ᾽ ἀπέβαλλε.	- - -uu -u u -uu - uu--	dactylic hexameter	feminine penthemimeral
Ζεὺς δὲ μέγ᾽ ἐξεγέλασσεν ἰδὼν κακομηδέα παῖδα	- u u -uu-u u- uu-uu --	dactylic hexameter	feminine penthemimeral, hepthemimeral
εὖ καὶ ἐπισταμένως ἀρνεύμενον ἀμφὶ βόεσσιν.	- u u-uu- --uu -u u--	dactylic hexameter	masculine penthemimeral
ἀμφοτέρους δ᾽ἐκέλευσεν ὁμόφρονα θυμὸν ἔχοντας	-uu- uu-u u-uu -u u--	dactylic hexameter	feminine penthemimeral, trithemimeral
ζητεύειν, Ἑρμῆν δὲ διάκτορον ἡγεμονεύειν	--- -- u u-uu -uu--	dactylic hexameter	masculine penthemimeral, trithemimeral
καὶ δεῖξαι τὸν χῶρον ἐπ᾽ ἀβλαβίῃσι νόοιο,	- -- - -u u -uu-u u--	dactylic hexameter	feminine penthemimeral, trithemimeral
ὅππη δὴ αὖτ᾽ ἀπέκρυψε βοῶν ἴφθιμα κάρηνα.	-- - uu-u u- --u u--	dactylic hexameter	feminine penthemimeral, hepthemimeral, trithemimeral
νεῦσεν δὲ Κρονίδης, ἐπεπείθετο δ᾽ἀγλαὸς Ἑρμῆς:	-- - uu- uu-uu -uu --	dactylic hexameter	masculine penthemimeral, trithemimeral
ῥηιδίως γὰρ ἔπειθε Διὸς νόος αἰγιόχοιο.	-uu- u u-u u- uu -uu--	dactylic hexameter	feminine penthemimeral, hepthemimeral, trithemimeral
τὼ δ᾽ἄμφω σπεύδοντε Διὸς περικαλλέα τέκνα	- -- --u u- uu-uu --	dactylic hexameter	feminine penthemimeral, hepthemimeral, trithemimeral
ἐς Πύλον ἠμαθόεντα ἐπ᾽ Ἀλφειοῦ πόρον ἷξον:	- uu -uu-u u --- uu --	dactylic hexameter	feminine penthemimeral
ἀγροὺς δ᾽ἐξίκοντο καὶ αὔλιον ὑψιμέλαθρον,	-- ---u u -uu -uu--	dactylic hexameter	feminine penthemimeral
ἡχοῦ δὴ τὰ χρήματ᾽ ἀτάλλετο νυκτὸς ἐν ὥρῃ.	-- - - -u u-uu -u u --	dactylic hexameter	feminine penthemimeral, trithemimeral
ἔνθ᾽ Ἑρμῆς μὲν ἔπειτα κιὼν παρὰ λάινον ἄντρον	- -- u u-u u- uu -uu --	dactylic hexameter	feminine penthemimeral, hepthemimeral, trithemimeral
ἐς φῶς ἐξήλαυνε βοῶν ἴφθιμα κάρηνα:	- - ---u u- --u u--	dactylic hexameter	feminine penthemimeral, hepthemimeral
Λητοΐδης δ᾽ἀπάτερθεν ἰδὼν ἐνόησε βοείας	-uu- uu-u u- uu-u u--	dactylic hexameter	feminine penthemimeral, hepthemimeral, trithemimeral
πέτρῃ ἐπ᾽ ἠλιβάτῳ, τάχα δ᾽εἴρετο κύδιμον Ἑρμῆν:	-u u -uu- uu -uu -uu --	dactylic hexameter	masculine penthemimeral
πῶς ἐδύνω, δολομῆτα, δύω βόε δειροτομῆσαι,	- uu- uu-u u- uu -uu--	dactylic hexameter	feminine penthemimeral, hepthemimeral, trithemimeral
ὧδε νεογνὸς ἐὼν καὶ νήπιος; αὐτὸς ἐγώ γε	-u u-u u- - -uu -u u- -	dactylic hexameter	masculine penthemimeral
θαυμαίνω κατόπισθε τὸ σὸν κράτος: οὐδέ τί σε χρὴ	--- uu-u u - uu -u u - -	dactylic hexameter	feminine penthemimeral, hepthemimeral, trithemimeral
μακρὸν ἀέξεσθαι, Κυλλήνιε, Μαιάδος υἱέ.	-u u--- --uu -uu --	dactylic hexameter	masculine penthemimeral
ὣς ἄρ ἔφη καὶ χερσὶ περίστρεφε καρτερὰ δεσμὰ	- u u- - -u u-uu -uu --	dactylic hexameter	feminine penthemimeral, trithemimeral
[ἐνδῆσαι μεμαὼς Ἑρμῆν κρατεραῖσι λύγοισι.	--- uu- -- uu-u u--	dactylic hexameter	masculine penthemimeral, hepthemimeral, trithemimeral
τὸν δ᾽οὐκ ἴσχανε δεσμά, λύγοι δ᾽ἀπὸ τηλόσε πῖπτον	- - -uu -u u- uu -uu --	dactylic hexameter	feminine penthemimeral, hepthemimeral
ἄγνου: ταὶ δ᾽ὑπὸ ποσσὶ κατὰ χθονὸς αἶψα φύοντο	-- - uu -u u- uu -u u--	dactylic hexameter	feminine penthemimeral, hepthemimeral, trithemimeral
αὐτόθεν, ἐμβολάδην ἐστραμμέναι ἀλλήλῃσι,	-uu -uu- --uu ----	dactylic hexameter	masculine penthemimeral
ῥεῖά τε καὶ πάσῃσιν ἐπ᾽ ἀγραύλοισι βόεσσιν,	-u u - --u u ---u u--	dactylic hexameter	feminine penthemimeral, trithemimeral
Ἑρμέω βουλῇσι κλεψίφρονος: αὐτὰρ Ἀπόλλων	-- --- --uu -u u--	dactylic hexameter	masculine penthemimeral
θαύμασεν ἀθρήσας. τότε δὴ κρατὺς Ἀργειφόντης	-uu --- uu - uu ----	dactylic hexameter	masculine penthemimeral, hepthemimeral
χῶρον ὑποβλήδην ἐσκέψατο, πῦρ ἀμαρύσσων,	-u u--- --uu - uu--	dactylic hexameter	masculine penthemimeral
ἐγκρύψαι μεμαώς: Λητοῦς δ᾽ἐρικυδέος υἱὸν	--- uu- -- uu-uu --	dactylic hexameter	masculine penthemimeral, hepthemimeral, trithemimeral
ῥεῖα μάλ᾽ ἐπρήυνεν ἑκηβόλον, ὡς ἔθελ᾽ αὐτός,	-u u --- --uu - uu --	dactylic hexameter	masculine penthemimeral
καὶ κρατερόν περ ἐόντα: λαβὼν δ᾽ἐπ᾽ ἀριστερὰ χειρὸς	- uu- u u-u u- u u-uu --	dactylic hexameter	feminine penthemimeral, hepthemimeral, trithemimeral
πλήκτρῳ ἐπειρήτιζε κατὰ μέρος: ἣ δ᾽ὑπὸ χειρὸς	-u u---u u- uu - uu --	dactylic hexameter	feminine penthemimeral, hepthemimeral
σμερδαλέον κονάβησε: γέλασσε δὲ Φοῖβος Ἀπόλλων	-uu- uu-u u-u u -u u--	dactylic hexameter	feminine penthemimeral, trithemimeral
γηθήσας, ἐρατὴ δὲ διὰ φρένας ἤλυθ᾽ ἰωὴ	--- uu- u u- uu -u u--	dactylic hexameter	masculine penthemimeral, hepthemimeral, trithemimeral
θεσπεσίης ἐνοπῆς καὶ μιν γλυκὺς ἵμερος ᾕρει	-uu- uu- - - uu -uu --	dactylic hexameter	masculine penthemimeral, hepthemimeral, trithemimeral
θυμῷ ἀκουάζοντα: λύρῃ δ᾽ἐρατὸν κιθαρίζων	-u u---u u- uu- uu--	dactylic hexameter	feminine penthemimeral, hepthemimeral
στῆ ῥ᾽ὅ γε θαρσήσας ἐπ᾽ ἀριστερὰ Μαιάδος υἱὸς	- u u --- u u-uu -uu --	dactylic hexameter	masculine penthemimeral
Φοίβου Ἀπόλλωνος: τάχα δὲ λιγέως κιθαρίζων	-u u--- uu - uu- uu--	dactylic hexameter	masculine penthemimeral, hepthemimeral
γηρύετ᾽ ἀμβολάδην (ἐρατὴ δέ οἱ ἕσπετο φωνή)	-uu -uu- uu- u u -uu --	dactylic hexameter	masculine penthemimeral, hepthemimeral
κραίνων ἀθανάτους τε θεοὺς καὶ γαῖαν ἐρεμνήν,	-- -uu- u u- - -u u--	dactylic hexameter	masculine penthemimeral, hepthemimeral
ὡς τὰ πρῶτα γένοντο καὶ ὡς λάχε μοῖραν ἕκαστος.	- - -u u-u u - uu -u u--	dactylic hexameter	feminine penthemimeral, hepthemimeral
Μνημοσύνην μὲν πρῶτα θεῶν ἐγέραιρεν ἀοιδῇ,	-uu- - -u u- uu-u u--	dactylic hexameter	feminine penthemimeral, hepthemimeral, trithemimeral
μητέρα Μουσάων: ἣ γὰρ λάχε Μαιάδος υἱόν:	-uu --- - - uu -uu --	dactylic hexameter	masculine penthemimeral, hepthemimeral
τοὺς δὲ κατὰ πρέσβιν τε καὶ ὡς γεγάασιν ἕκαστος	- u u- -- u u - uu-u u--	dactylic hexameter	masculine penthemimeral, hepthemimeral, trithemimeral
ἀθανάτους ἐγέραιρε θεοὺς Διὸς ἀγλαὸς υἱός,	-uu- uu-u u- uu -uu --	dactylic hexameter	feminine penthemimeral, hepthemimeral, trithemimeral
πάντ᾽ ἐνέπων κατὰ κόσμον, ἐπωλένιον κιθαρίζων.	- uu- uu -u u-uu- uu--	dactylic hexameter	feminine penthemimeral, trithemimeral
τὸν δ᾽ἔρος ἐν στήθεσσιν ἀμήχανος αἴνυτο θυμόν,	- uu - --u u-uu -uu --	dactylic hexameter	feminine penthemimeral, trithemimeral
καὶ μιν φωνήσας ἔπεα πτερόεντα προσηύδα:	- - --- uu- uu-u u--	dactylic hexameter	masculine penthemimeral, hepthemimeral
βουφόνε, μηχανιῶτα, πονεύμενε, δαιτὸς ἑταῖρε,	-uu -uu-u u-uu -u u--	dactylic hexameter	feminine penthemimeral
πεντήκοντα βοῶν ἀντάξια ταῦτα μέμηλας.	---u u- --uu -u u--	dactylic hexameter	masculine penthemimeral
ἡσυχίως καὶ ἔπειτα διακρινέεσθαι ὀίω:	-uu- u u-u u-uu-u u--	dactylic hexameter	feminine penthemimeral, trithemimeral
νῦν δ᾽ἄγε μοι τόδε εἰπέ, πολύτροπε Μαιάδος υἱέ,	- uu - uu -u u-uu -uu --	dactylic hexameter	feminine penthemimeral, trithemimeral
ἦ σοί γ᾽ἐκ γενετῆς τάδ᾽ ἅμ᾽ ἕσπετο θαυματὰ ἔργα	- - - uu- u u -uu -uu --	dactylic hexameter	masculine penthemimeral, trithemimeral
ἠέ τις ἀθανάτων ἠὲ θνητῶν ἀνθρώπων	-u u -uu- -- -- ---	dactylic hexameter	masculine penthemimeral, hepthemimeral
δῶρον ἀγαυὸν ἔδωκε καὶ ἔφρασε θέσπιν ἀοιδήν;	-u u-u u-u u -uu -u u--	dactylic hexameter	feminine penthemimeral
θαυμασίην γὰρ τήνδε νεήφατον ὄσσαν ἀκούω,	-uu- - -u u-uu -u u--	dactylic hexameter	feminine penthemimeral, trithemimeral
ἣν οὐ πώ ποτέ φημι δαήμεναι οὔτε τιν᾽ ἀνδρῶν	- - - uu -u u-uu -u u --	dactylic hexameter	feminine penthemimeral, trithemimeral
οὔτε τιν᾽ ἀθανάτων, οἳ Ὀλύμπια δώματ᾽ ἔχουσι,	-u u -uu- u u-uu -u u--	dactylic hexameter	masculine penthemimeral
νόσφι σέθεν, φηλῆτα, Διὸς καὶ Μαιάδος υἱέ.	-u u- --u u- - -uu --	dactylic hexameter	feminine penthemimeral, hepthemimeral, trithemimeral
τίς τέχνη, τίς μοῦσα ἀμηχανέων μελεδώνων,	- -- - -u u-uu- uu--	dactylic hexameter	feminine penthemimeral, trithemimeral
τίς τρίβος; ἀτρεκέως γὰρ ἅμα τρία πάντα πάρεστιν,	- uu -uu- u u- uu -u u--	dactylic hexameter	masculine penthemimeral, hepthemimeral
εὐφροσύνην καὶ ἔρωτα καὶ ἥδυμον ὕπνον ἑλέσθαι.	-uu- u u-u u -uu -u u--	dactylic hexameter	feminine penthemimeral, trithemimeral
καὶ γὰρ ἐγὼ Μούσῃσιν Ὀλυμπιάδεσσιν ὀπηδός,	- u u- --u u-uu-u u--	dactylic hexameter	feminine penthemimeral, trithemimeral
τῇσι χοροί τε μέλουσι καὶ ἀγλαὸς οἶμος ἀοιδῆς	-u u- u u-u u -uu -u u--	dactylic hexameter	feminine penthemimeral, trithemimeral
καὶ μολπὴ τεθαλυῖα καὶ ἱμερόεις βρόμος αὐλῶν:	- -- uu-u u -uu- uu --	dactylic hexameter	feminine penthemimeral, trithemimeral
ἀλλ᾽ οὔ πω τί μοι ὧδε μετὰ φρεσὶν ἄλλο μέλησεν,	- - - u u -u u- uu -u u--	dactylic hexameter	feminine penthemimeral, hepthemimeral, trithemimeral
οἷα νέων θαλίῃς ἐνδέξια ἔργα πέλονται.	-u u- uu- --uu -u u--	dactylic hexameter	masculine penthemimeral, trithemimeral
θαυμάζω, Διὸς υἱέ, τάδ᾽, ὡς ἐρατὸν κιθαρίζεις.	--- uu -u u - uu- uu--	dactylic hexameter	feminine penthemimeral, hepthemimeral, trithemimeral
νῦν δ᾽ἐπεὶ οὖν ὀλίγος περ ἐὼν κλυτὰ μήδεα οἶδας,	- uu - uu- u u- uu -uu --	dactylic hexameter	masculine penthemimeral, hepthemimeral, trithemimeral
ἷζε, πέπον, καὶ μῦθον ἐπαίνει πρεσβυτέροισι:	-u u- - -u u-- -uu--	dactylic hexameter	feminine penthemimeral, trithemimeral
νῦν γάρ τοι κλέος ἔσται ἐν ἀθανάτοισι θεοῖσι	- - - uu -u u -uu-u u--	dactylic hexameter	feminine penthemimeral, trithemimeral
σοί τ᾽αὐτῷ καὶ μητρί: τὸ δ᾽ἀτρεκέως ἀγορεύσω:	- -- - -u u -uu- uu--	dactylic hexameter	feminine penthemimeral, trithemimeral
ναὶ μὰ τόδε κρανέινον ἀκόντιον, ἦ μὲν ἐγώ σε	- u u- uu-u u-uu - u u- -	dactylic hexameter	feminine penthemimeral, trithemimeral
κυδρὸν ἐν ἀθανάτοισι καὶ ὄλβιον ἡγεμόν᾽ εἵσω	-u u -uu-u u -uu -uu --	dactylic hexameter	feminine penthemimeral
δώσω τ᾽ἀγλαὰ δῶρα καὶ ἐς τέλος οὐκ ἀπατήσω.	-- -uu -u u - uu - uu--	dactylic hexameter	feminine penthemimeral, hepthemimeral
τὸν δ᾽Ἑρμῆς μύθοισιν ἀμείβετο κερδαλέοισιν:	- -- --u u-uu -uu--	dactylic hexameter	feminine penthemimeral, trithemimeral
εἰρωτᾷς μ᾽,Ἐκάεργε, περιφραδές: αὐτὰρ ἐγώ σοι	--- uu-u u-uu -u u- -	dactylic hexameter	feminine penthemimeral, trithemimeral
τέχνης ἡμετέρης ἐπιβήμεναι οὔ τι μεγαίρω.	-- -uu- uu-uu - u u--	dactylic hexameter	masculine penthemimeral
σήμερον εἰδήσεις: ἐθέλω δέ τοι ἤπιος εἶναι	-uu --- uu- u u -uu --	dactylic hexameter	masculine penthemimeral, hepthemimeral
βουλῇ καὶ μύθοισι. σὺ δὲ φρεσὶ πάντ᾽ εὖ οἶδας:	-- - --u u - uu - - --	dactylic hexameter	feminine penthemimeral, hepthemimeral, trithemimeral
πρῶτος γάρ, Διὸς υἱέ, μετ᾽ ἀθανάτοισι θαάσσεις,	-- - uu -u u -uu-u u--	dactylic hexameter	feminine penthemimeral, trithemimeral
ἠύς τε κρατερός τε: φιλεῖ δέ σε μητίετα Ζεὺς	-- - uu- u u- u u -uu- -	dactylic hexameter	masculine penthemimeral, hepthemimeral, trithemimeral
ἐκ πάσης ὁσίης, ἔπορεν δέ τοι ἀγλαὰ δῶρα.	- -- uu- uu- u u -uu --	dactylic hexameter	masculine penthemimeral, hepthemimeral, trithemimeral
καὶ τιμάς σέ γέ φασι δαήμεναι ἐκ Διὸς ὀμφῆς	- -- u u -u u-uu - uu --	dactylic hexameter	feminine penthemimeral, trithemimeral
μαντείας θ᾽Ἐκάεργε, Διὸς παρά, θέσφατα πάντα	--- uu-u u- uu -uu --	dactylic hexameter	feminine penthemimeral, hepthemimeral, trithemimeral
τῶν νῦν αὐτὸς ἐγώ σε μαλ᾽ ἀφνειὸν δεδάηκα:	- - -u u- u u --- uu--	dactylic hexameter	masculine penthemimeral
σοὶ δ᾽αὐτάγρετόν ἐστι δαήμεναι, ὅττι μενοινᾷς.	- --uu -u u-uu -u u--	dactylic hexameter	feminine penthemimeral
ἀλλ᾽ ἐπεὶ οὖν τοι θυμὸς ἐπιθύει κιθαρίζειν,	- uu - - -u u--- uu--	dactylic hexameter	feminine penthemimeral, trithemimeral
μέλπεο καὶ κιθάριζε καὶ ἀγλαίας ἀλέγυνε	-uu - uu-u u --- uu--	dactylic hexameter	feminine penthemimeral, trithemimeral
δέγμενος ἐξ ἐμέθεν: σὺ δέ μοι, φίλε, κῦδος ὄπαζε.	-uu - uu- u u - uu -u u--	dactylic hexameter	masculine penthemimeral, hepthemimeral, trithemimeral
εὐμόλπει μετὰ χερσὶν ἔχων λιγύφωνον ἑταίρην,	--- uu -u u- uu-u u--	dactylic hexameter	feminine penthemimeral, hepthemimeral, trithemimeral
καλὰ καὶ εὖ κατὰ κόσμον ἐπιστάμενος ἀγορεύειν.	-u u - uu -u u-uu- uu--	dactylic hexameter	feminine penthemimeral, trithemimeral
εὔκηλος μὲν ἔπειτα φέρειν ἐς δαῖτα θάλειαν	--- u u-u u- - -u u--	dactylic hexameter	feminine penthemimeral, hepthemimeral, trithemimeral
καὶ χορὸν ἱμερόεντα καὶ ἐς φιλοκυδέα κῶμον	- uu -uu-u u - uu-uu --	dactylic hexameter	feminine penthemimeral, hepthemimeral
εὐφροσύνην νυκτός τε καὶ ἤματος. ὅς τις ἂν αὐτὴν	-uu- -- u u -uu - u u --	dactylic hexameter	masculine penthemimeral, trithemimeral
τέχνῃ καὶ σοφίῃ δεδαημένος ἐξερεείνῃ,	-- - uu- uu-uu -uu--	dactylic hexameter	masculine penthemimeral, trithemimeral
φθεγγομένη παντοῖα νόῳ χαρίεντα διδάσκει	-uu- --u u- uu-u u--	dactylic hexameter	feminine penthemimeral, hepthemimeral, trithemimeral
ῥεῖα συνηθείῃσιν ἀθυρομένη μαλακῇσιν,	-u u---u u-uu- uu--	dactylic hexameter	feminine penthemimeral
ἐργασίην φεύγουσα δυήπαθον: ὃς δέ κεν αὐτὴν	-uu- --u u-uu - u u --	dactylic hexameter	feminine penthemimeral, trithemimeral
νῆις ἐὼν τὸ πρῶτον ἐπιζαφελῶς ἐρεείνῃ,	-u u- - -u u-uu- uu--	dactylic hexameter	feminine penthemimeral, trithemimeral
μὰψ αὔτως κεν ἔπειτα μετήορά τε θρυλλίζοι.	- -- u u-u u-uu - ---	dactylic hexameter	feminine penthemimeral, trithemimeral
σοὶ δ᾽αὐτάγρετόν ἐστι δαήμεναι, ὅττι μενοινᾷς.	- --uu -u u-uu -u u--	dactylic hexameter	feminine penthemimeral
καὶ τοι ἐγὼ δώσω ταύτην, Διὸς ἀγλαὲ κοῦρε:	- u u- -- -- uu -uu --	dactylic hexameter	masculine penthemimeral, hepthemimeral, trithemimeral
ἡμεῖς δ᾽αὖτ᾽ ὄρεός τε καὶ ἱπποβότου πεδίοιο	-- - uu- u u -uu- uu--	dactylic hexameter	masculine penthemimeral, trithemimeral
βουσὶ νομούς, Ἐκάεργε, νομεύσομεν ἀγραύλοισιν.	-u u- uu-u u-uu ----	dactylic hexameter	feminine penthemimeral, trithemimeral
ἔνθεν ἅλις τέξουσι βόες ταύροις:, μιγεῖσαι	-u u- --u u- -- ---	dactylic hexameter	feminine penthemimeral, hepthemimeral, trithemimeral
μίγδην θηλείας τε καὶ ἄρσενας: οὐδέ τί σε χρὴ	-- --- u u -uu -u u - -	dactylic hexameter	masculine penthemimeral
κερδαλέον περ ἐόντα περιζαμενῶς κεχολῶσθαι.	-uu- u u-u u-uu- uu--	dactylic hexameter	feminine penthemimeral, trithemimeral
ὣς εἰπὼν ὤρεξ᾽: ὃ δ᾽ἐδέξατο Φοῖβος Ἀπόλλων,	- -- -- u u-uu -u u--	dactylic hexameter	masculine penthemimeral, trithemimeral
Ἐρμῇ δ᾽ἐγγυάλιξεν ἑκὼν μάστιγα φαεινήν,	-- -uu-u u- --u u--	dactylic hexameter	feminine penthemimeral, hepthemimeral
βουκολίας τ᾽ἐπέτελλεν: ἔδεκτο δὲ Μαιάδος υἱὸς	-uu- uu-u u-u u -uu --	dactylic hexameter	feminine penthemimeral, trithemimeral
γηθήσας: κίθαριν δὲ λαβὼν ἐπ᾽ ἀριστερὰ χειρὸς	--- uu- u u- u u-uu --	dactylic hexameter	masculine penthemimeral, hepthemimeral, trithemimeral
Λητοῦς ἀγλαὸς υἱός, ἄναξ ἑκάεργος Ἀπόλλων,	-- -uu -u u- uu-u u--	dactylic hexameter	feminine penthemimeral, hepthemimeral
πλήκτρῳ ἐπειρήτιζε κατὰ μένος: ἣ δ᾽ὑπένερθε	-u u---u u- uu - uu--	dactylic hexameter	feminine penthemimeral, hepthemimeral
σμερδαλέον κονάβησε: θεὸς δ᾽ὑπὸ καλὸν ἄεισεν.	-uu- uu-u u- uu -u u--	dactylic hexameter	feminine penthemimeral, hepthemimeral, trithemimeral
ἔνθα βόας μὲν ἔπειτα ποτὶ ζάθεον λειμῶνα	-u u- u u-u u- uu- ---	dactylic hexameter	feminine penthemimeral, hepthemimeral, trithemimeral
ἐτραπέτην: αὐτοὶ δέ, Διὸς περικαλλέα τέκνα,	-uu- -- u u- uu-uu --	dactylic hexameter	masculine penthemimeral, hepthemimeral, trithemimeral
ἄψορροι πρὸς Ὄλυμπον ἀγάννιφον ἐρρώσαντο	--- u u-u u-uu ----	dactylic hexameter	feminine penthemimeral, trithemimeral
τερπόμενοι φόρμιγγι: χάρη δ᾽ἄρα μητιέτα Ζεύς,	-uu- --u u- uu -uu- -	dactylic hexameter	feminine penthemimeral, hepthemimeral, trithemimeral
ἄμφω δ᾽ἐς φιλότητα συνήγαγε: καὶ τὰ μὲν Ἑρμῆς	-- - uu-u u-uu - u u --	dactylic hexameter	feminine penthemimeral, trithemimeral
Λητοΐδην ἐφίλησε διαμπερὲς ὡς ἔτι καὶ νῦν,	-uu- uu-u u-uu - uu - -	dactylic hexameter	feminine penthemimeral, trithemimeral
σήματ᾽ ἐπεὶ κίθαριν μὲν Ἑκηβόλῳ ἐγγυάλιξεν	-u u- uu- u u-uu -uu--	dactylic hexameter	masculine penthemimeral, trithemimeral
ἱμερτήν, δεδαώς, ὃ δ᾽ἐπωλένιον κιθάριζεν:	--- uu- u u-uu- uu--	dactylic hexameter	masculine penthemimeral, trithemimeral
αὐτὸς δ᾽αὖθ᾽ ἑτέρης σοφίης ἐκμάσσατο τέχνην:	-- - uu- uu- --uu --	dactylic hexameter	masculine penthemimeral, hepthemimeral, trithemimeral
συρίγγων ἐνοπὴν ποιήσατο τηλόθ᾽ ἀκουστήν.	--- uu- --uu -u u--	dactylic hexameter	masculine penthemimeral, trithemimeral
καὶ τότε Λητοΐδης Ἑρμῆν πρὸς μῦθον ἔειπε:	- uu -uu- -- - -u u--	dactylic hexameter	masculine penthemimeral, hepthemimeral
δείδια, Μαιάδος υἱέ, διάκτορε, ποικιλομῆτα,	-uu -uu -u u-uu -uu--	dactylic hexameter	feminine penthemimeral
μή μοι ἅμα κλέψῃς κίθαριν καὶ καμπύλα τόξα:	- u u- -- uu- - -uu --	dactylic hexameter	masculine penthemimeral, hepthemimeral, trithemimeral
τιμὴν γὰρ πὰρ Ζηνὸς ἔχεις ἐπαμοίβια ἔργα	-- - - -u u- uu-uu --	dactylic hexameter	feminine penthemimeral, hepthemimeral, trithemimeral
θήσειν ἀνθρώποισι κατὰ χθόνα πουλυβότειραν.	-- ---u u- uu -uu--	dactylic hexameter	feminine penthemimeral, hepthemimeral
ἀλλ᾽ εἴ μοι τλαίης γε θεῶν μέγαν ὅρκον ὀμόσσαι,	- - - -- u u- uu -u u--	dactylic hexameter	masculine penthemimeral, hepthemimeral, trithemimeral
ἢ κεφαλῇ νεύσας ἢ ἐπὶ Στυγὸς ὄβριμον ὕδωρ,	- uu- -- u u- uu -uu --	dactylic hexameter	masculine penthemimeral, hepthemimeral, trithemimeral
πάντ᾽ ἂν ἐμῷ θυμῷ κεχαρισμένα καὶ φίλα ἔρδοις.	- u u- -- uu-uu - uu --	dactylic hexameter	masculine penthemimeral, trithemimeral
καὶ τότε Μαιάδος υἱὸς ὑποσχόμενος κατένευσε,	- uu -uu -u u-uu- uu--	dactylic hexameter	feminine penthemimeral
μή ποτ᾽ ἀποκλέψειν, ὅσ᾽ Ἑκηβόλος ἐκτεάτισται,	- u u--- u u-uu -uu--	dactylic hexameter	masculine penthemimeral
μηδέ ποτ᾽ ἐμπελάσειν πυκινῷ δόμῳ: αὐτὰρ Ἀπόλλων	-u u -uu- uu- uu -u u--	dactylic hexameter	masculine penthemimeral, hepthemimeral
Λητοΐδης κατένευσεν ἐπ᾽ ἀρθμῷ καὶ φιλότητι,	-uu- uu-u u -- - uu--	dactylic hexameter	feminine penthemimeral, trithemimeral
μή τινα φίλτερον ἄλλον ἐν ἀθανάτοισιν ἔσεσθαι,	- uu -uu -u u -uu-u u--	dactylic hexameter	feminine penthemimeral
μήτε θεὸν μήτ᾽ ἄνδρα Διὸς γόνον: ἐκ δὲ τέλειον	-u u- - -u u- uu - u u--	dactylic hexameter	feminine penthemimeral, hepthemimeral, trithemimeral
[αἰετὸν ἧκε πατήρ: ὁ δ᾽ἐπώμοσεν: ἦ σε μάλ᾽ οἶον	-uu -u u- u u-uu - u u --	dactylic hexameter	masculine penthemimeral
σύμβολον ἀθανάτων ποιήσομαι ἠδ᾽ ἅμα πάντων,	-uu -uu- --uu - uu --	dactylic hexameter	masculine penthemimeral
πιστὸν ἐμῷ θυμῷ καὶ τίμιον: αὐτὰρ ἔπειτα	-u u- -- - -uu -u u--	dactylic hexameter	masculine penthemimeral, trithemimeral
ὄλβου καὶ πλούτου δώσω περικαλλέα ῥάβδον,	-- - -- -- uu-uu --	dactylic hexameter	masculine penthemimeral, hepthemimeral, trithemimeral
χρυσείην, τριπέτηλον, ἀκήριον ἥ σε φυλάξει	--- uu-u u-uu - u u--	dactylic hexameter	feminine penthemimeral, trithemimeral
πάντας ἐπικραίνουσ᾽ ἄθλους ἐπέων τε καὶ ἔργων	-u u--- -- uu- u u --	dactylic hexameter	masculine penthemimeral, hepthemimeral
τῶν ἀγαθῶν, ὅσα φημὶ δαήμεναι ἐκ Διὸς ὀμφῆς.	- uu- uu -u u-uu - uu --	dactylic hexameter	feminine penthemimeral, trithemimeral
μαντείην δέ, φέριστε, διοτρεφές, ἣν ἐρεείνεις,	--- u u-u u-uu - uu--	dactylic hexameter	feminine penthemimeral, trithemimeral
οὔτε σὲ θέσφατόν ἐστι δαήμεναι οὔτε τιν᾽ ἄλλον	-u u -uu -u u-uu -u u --	dactylic hexameter	feminine penthemimeral
ἀθανάτων: τὸ γὰρ οἶδε Διὸς νόος: αὐτὰρ ἐγώ γε	-uu- u u -u u- uu -u u- -	dactylic hexameter	feminine penthemimeral, hepthemimeral, trithemimeral
πιστωθεὶς κατένευσα καὶ ὤμοσα καρτερὸν ὅρκον,	--- uu-u u -uu -uu --	dactylic hexameter	feminine penthemimeral, trithemimeral
μή τινα νόσφιν ἐμεῖο θεῶν αἰειγενετάων	- uu -u u-u u- --uu--	dactylic hexameter	feminine penthemimeral, hepthemimeral
ἄλλον γ᾽εἴσεσθαι Ζηνὸς πυκινόφρονα βουλήν.	-- --- -- uu-uu --	dactylic hexameter	masculine penthemimeral, hepthemimeral
καὶ σύ, κασίγνητε χρυσόρραπι, μή με κέλευε	- u u--- --uu - u u--	dactylic hexameter	masculine penthemimeral
θέσφατα πιφαύσκειν, ὅσα μήδεται εὐρύοπα Ζεύς.	-uu --- uu -uu -uu- -	dactylic hexameter	masculine penthemimeral
ἀνθρώπων δ᾽ἄλλον δηλήσομαι, ἄλλον ὀνήσω,	--- -- --uu -u u--	dactylic hexameter	masculine penthemimeral, trithemimeral
πολλὰ περιτροπέων ἀμεγάρτων φῦλ᾽ ἀνθρώπων.	-u u-uu- uu-- - ---	dactylic hexameter	masculine penthemimeral
καὶ μὲν ἐμῆς ὀμφῆς ἀπονήσεται, ὅς τις ἂν ἔλθῃ	- u u- -- uu-uu - u u --	dactylic hexameter	masculine penthemimeral, trithemimeral
φωνῇ καὶ πτερύγεσσι τεληέντων οἰωνῶν:	-- - uu-u u--- ---	dactylic hexameter	feminine penthemimeral, trithemimeral
οὗτος ἐμῆς ὀμφῆς ἀπονήσεται, οὐδ᾽ ἀπατήσω.	-u u- -- uu-uu - uu--	dactylic hexameter	masculine penthemimeral, trithemimeral
ὃς δέ κε μαψιλόγοισι πιθήσας οἰωνοῖσι	- u u -uu-u u-- ----	dactylic hexameter	feminine penthemimeral
μαντείην ἐθέλῃσι παρὲκ νόον ἐξερεείνειν	--- uu-u u- uu -uu--	dactylic hexameter	feminine penthemimeral, hepthemimeral, trithemimeral
ἡμετέρην, νοέειν δὲ θεῶν πλέον αἰὲν ἐόντων,	-uu- uu- u u- uu -u u--	dactylic hexameter	masculine penthemimeral, hepthemimeral, trithemimeral
φήμ᾽, ἁλίην ὁδὸν εἶσιν. ἐγὼ δέ κε δῶρα δεχοίμην.	- uu- uu -u u- u u -u u--	dactylic hexameter	feminine penthemimeral, hepthemimeral, trithemimeral
ἄλλο δέ τοι ἐρέω, Μαίης ἐρικυδέος υἱὲ	-u u - uu- -- uu-uu --	dactylic hexameter	masculine penthemimeral, hepthemimeral, trithemimeral
καὶ Διὸς αἰγιόχοιο, θεῶν ἐριούνιε δαῖμον:	- uu -uu-u u- uu-uu --	dactylic hexameter	feminine penthemimeral, hepthemimeral
σεμναὶ γὰρ τινες εἰσί, κασίγνηται γεγαυῖαι,	-- - uu -u u--- uu--	dactylic hexameter	feminine penthemimeral, trithemimeral
παρθένοι, ὠκείῃσιν ἀγαλλόμεναι πτερύγεσσι,	-uu ---u u-uu- uu--	dactylic hexameter	feminine penthemimeral
τρεῖς: κατὰ δὲ κρατὸς πεπαλαγμέναι ἄλφιτα λευκά,	- uu - -- uu-uu -uu --	dactylic hexameter	masculine penthemimeral, trithemimeral
οἰκία ναιετάουσιν ὑπὸ πτυχὶ Παρνησοῖο,	-uu -uu-u u- uu ----	dactylic hexameter	feminine penthemimeral, hepthemimeral
μαντείης ἀπάνευθε διδάσκαλοι, ἣν ἐπὶ βουσὶ	--- uu-u u-uu - uu --	dactylic hexameter	feminine penthemimeral, trithemimeral
παῖς ἔτ᾽ ἐὼν μελέτησα: πατὴρ δ᾽ἐμὸς οὐκ ἀλέγιζεν,	- u u- uu-u u- uu - uu--	dactylic hexameter	feminine penthemimeral, hepthemimeral, trithemimeral
ἐντεῦθεν δὴ ἔπειτα ποτώμεναι ἄλλοτε ἄλλη	--- u u-u u-uu -uu --	dactylic hexameter	feminine penthemimeral, trithemimeral
κηρία βόσκονται καὶ τε κραίνουσιν ἕκαστα.	-uu --- - - --u u--	dactylic hexameter	masculine penthemimeral, hepthemimeral
αἳ δ᾽ὅτε μὲν θυΐωσιν ἐδηδυῖαι μέλι χλωρόν,	- uu - --u u--- uu --	dactylic hexameter	feminine penthemimeral, trithemimeral
προφρονέως ἐθέλουσιν ἀληθείην ἀγορεύειν:	-uu- uu-u u--- uu--	dactylic hexameter	feminine penthemimeral, trithemimeral
ἢν δ᾽ἀπονοσφισθῶσι θεῶν ἡδεῖαν ἐδωδήν,	- uu---u u- --u u--	dactylic hexameter	feminine penthemimeral, hepthemimeral
ψεύδονται δὴ ἔπειτα δι᾽ ἀλλήλων δονέουσαι.	--- u u-u u --- uu--	dactylic hexameter	feminine penthemimeral, trithemimeral
τάς τοι ἔπειτα δίδωμι: σὺ δ᾽ἀτρεκέως ἐρεείνων	- u u-u u-u u -uu- uu--	dactylic hexameter	feminine penthemimeral
σὴν αὐτοῦ φρένα τέρπε, καὶ εἰ βροτὸν ἄνδρα δαείῃς,	- -- uu -u u - uu -u u--	dactylic hexameter	feminine penthemimeral, hepthemimeral, trithemimeral
πολλάκι σῆς ὀμφῆς ἐπακούσεται, αἴ κε τύχῃσι.	-uu - -- uu-uu - u u--	dactylic hexameter	masculine penthemimeral, trithemimeral
ταῦτ᾽ ἔχε, Μαιάδος υἱέ, καὶ ἀγραύλους ἕλικας βοῦς	- uu -uu -u u --- uu- -	dactylic hexameter	feminine penthemimeral
ἵππους τ᾽ἀμφιπόλευε καὶ ἡμιόνους ταλαεργούς.	-- -uu-u u -uu- uu--	dactylic hexameter	feminine penthemimeral
[ὡς ἔφατ᾽: οὐρανόθεν δὲ πατὴρ Ζεὺς αὐτὸς ἔπεσσι	- uu -uu- u u- - -u u--	dactylic hexameter	masculine penthemimeral, hepthemimeral
θῆκε τέλος: πᾶσιν δ᾽ἄρ᾽ ὅ γ᾽οἰωνοῖσι κέλευσεν	-u u- -- u u ---u u--	dactylic hexameter	masculine penthemimeral, trithemimeral
καὶ χαροποῖσι λέουσι καὶ ἀργιόδουσι σύεσσι	- uu-u u-u u -uu-u u--	dactylic hexameter	feminine penthemimeral
καὶ κυσὶ καὶ μήλοισιν, ὅσα τρέφει εὐρεῖα χθών,	- uu - --u u- uu --- -	dactylic hexameter	feminine penthemimeral, hepthemimeral, trithemimeral
πᾶσι δ᾽ἐπὶ προβάτοισιν ἀνάσσειν κύδιμον Ἑρμῆν,	-u u- uu-u u-- -uu --	dactylic hexameter	feminine penthemimeral, trithemimeral
οἶον δ᾽εἰς Ἀΐδην τετελεσμένον ἄγγελον εἶναι,	-- - uu- uu-uu -uu --	dactylic hexameter	masculine penthemimeral, trithemimeral
ὅς τ᾽ἄδοτός περ ἐὼν δώσει γέρας οὐκ ἐλάχιστον.	- uu- u u- -- uu - uu--	dactylic hexameter	masculine penthemimeral, hepthemimeral, trithemimeral
οὕτω Μαιάδος υἱὸν ἄναξ ἐφίλησεν Ἀπόλλων	-- -uu -u u- uu-u u--	dactylic hexameter	feminine penthemimeral, hepthemimeral
παντοίῃ φιλότητι: χάριν δ᾽ἐπέθηκε Κρονίων.	--- uu-u u- uu-u u--	dactylic hexameter	feminine penthemimeral, hepthemimeral, trithemimeral
πᾶσι δ᾽ὅ γε θνητοῖσι καὶ ἀθανάτοισιν ὁμιλεῖ.	-u u - --u u -uu-u u--	dactylic hexameter	feminine penthemimeral, trithemimeral
παῦρα μὲν οὖν ὀνίνησι, τὸ δ᾽ἄκριτον ἠπεροπεύει	-u u - uu-u u -uu -uu--	dactylic hexameter	feminine penthemimeral, trithemimeral
νύκτα δι᾽ ὀρφναίην φῦλα θνητῶν ἀνθρώπων.	-u u --- -- -- ---	dactylic hexameter	masculine penthemimeral, hepthemimeral
καὶ σὺ μὲν οὕτω χαῖρε, Διὸς καὶ Μαιάδος, υἱέ:	- u u -- -u u- - -uu --	dactylic hexameter	feminine penthemimeral, hepthemimeral
αὐτὰρ ἐγὼ καὶ σεῖο καὶ ἄλλης μνήσομ᾽ ἀοιδῆς.	-u u- - -u u -- -u u--	dactylic hexameter	feminine penthemimeral, trithemimeral
