Αἴλινά μοι στοναχεῖτε νάπαι καὶ Δώριον ὕδωρ,	-uu - uu-u u- - -uu --	dactylic hexameter	feminine penthemimeral, hepthemimeral, trithemimeral
καὶ ποταμοὶ κλαίοιτε τὸν ἱμερόεντα Βίωνα.	- uu- --u u -uu-u u--	dactylic hexameter	feminine penthemimeral, trithemimeral
νῦν φυτά μοι μύρεσθε, καὶ ἄλσεα νῦν γοάοισθε,	- uu - --u u -uu - uu--	dactylic hexameter	feminine penthemimeral, trithemimeral
ἄνθεα νῦν στυμνοῖσιν ἀποπνείοιτε κορύμβοις,	-uu - --u u---u u--	dactylic hexameter	feminine penthemimeral, trithemimeral
νῦν ῥόδα φοινίσσεσθε τὰ πένθιμα, νῦν ἀνεμῶναι,	- uu ---u u -uu - uu--	dactylic hexameter	feminine penthemimeral
νῦν ὑάκινθε λάλει τὰ σὰ γράμματα καὶ πλέον αἰαῖ	- uu-u u- u u -uu - uu --	dactylic hexameter	masculine penthemimeral
βάμβανε τοῖς πετάλοισι· καλὸς τέθνακε μελικτάς.	-uu - uu-u u- --u u--	dactylic hexameter	feminine penthemimeral, hepthemimeral, trithemimeral
ἄρχετε Σικελικαὶ τῶ πένθεος ἄρχετε Μοῖσαι.	-uu -uu- - -uu -uu --	dactylic hexameter	masculine penthemimeral
ἀδόνες αἱ πυκινοῖσιν ὀδυρόμεναι ποτὶ φύλλοις,	-uu - uu-u u-uu- uu --	dactylic hexameter	feminine penthemimeral, trithemimeral
νάμασι τοῖς Σικελοῖς ἀγγείλατε τᾶς Ἀρεθοίσας,	-uu - uu- --uu - uu--	dactylic hexameter	masculine penthemimeral, trithemimeral
ὅττι Βίων τέθνακεν ὁ βουκόλος, ὅττι σὺν αὐτῷ	-u u- --u u -uu -u u --	dactylic hexameter	feminine penthemimeral, trithemimeral
καὶ τὸ μέλος τέθνακε καὶ ὤλετο Δωρὶς ἀοιδά.	- u u- --u u -uu -u u--	dactylic hexameter	feminine penthemimeral, trithemimeral
ἄρχετε Σικελικαὶ τῶ πένθεος ἄρχετε Μοῖσαι.	-uu -uu- - -uu -uu --	dactylic hexameter	masculine penthemimeral
Στρυμόνιοι μύρεσθε παῤ ὕδασιν αἴλινα κύκνοι,	-uu- --u u -uu -uu --	dactylic hexameter	feminine penthemimeral, trithemimeral
καὶ γοεροῖς στομάτεσσι μελίσδετε πένθιμον ᾠδάν,	- uu- uu-u u-uu -uu --	dactylic hexameter	feminine penthemimeral, trithemimeral
οἵαν ὑμετέροις ποτὶ χείλεσι γῆρας ἀείδει,	-u u--- uu -uu -u u--	dactylic hexameter	masculine penthemimeral
εἴπατε δ᾽αὖ κούραις Οἰαγρίσιν, εἴπατε πάσαις	-uu - -- --uu -uu --	dactylic hexameter	masculine penthemimeral, trithemimeral
Βιστονίαις Νύμφαισιν "ἀπώλετο Δώριος Ὀρφεύς."	-uu- --u u-uu -uu --	dactylic hexameter	feminine penthemimeral, trithemimeral
ἄρχετε Σικελικαὶ τῶ πένθεος ἄρχετε Μοῖσαι.	-uu -uu- - -uu -uu --	dactylic hexameter	masculine penthemimeral
κεῖνος ὁ ταῖς ἀγέλαισιν ἐράσμιος οὐκέτι μέλπει,	-u u - uu-u u-uu -uu --	dactylic hexameter	feminine penthemimeral, trithemimeral
οὐκέτ᾽ ἐρημαίαισιν ὑπὸ δρυσὶν ἥμενος ᾄδει,	-u u---u u- uu -uu --	dactylic hexameter	feminine penthemimeral, hepthemimeral
ἀλλὰ παρὰ Πλουτῆϊ μέλος Ληθαῖον ἀείδει.	-u u- --u u- --u u--	dactylic hexameter	feminine penthemimeral, hepthemimeral, trithemimeral
ὤρεα δ᾽ἐστὶν ἄφωνα, καὶ αἱ βόες αἱ ποτὶ ταύροις	-uu -u u-u u - uu - uu --	dactylic hexameter	feminine penthemimeral, hepthemimeral
πλαζόμεναι γοάοντι καὶ οὐκ ἐθέλοντι νέμεσθαι.	-uu- uu-u u - uu-u u--	dactylic hexameter	feminine penthemimeral, hepthemimeral, trithemimeral
ἄρχετε Σικελικαὶ τῶ πένθεος ἄρχετε Μοῖσαι.	-uu -uu- - -uu -uu --	dactylic hexameter	masculine penthemimeral
σεῖο Βίων ἔκλαυσε ταχὺν μόρον αὐτὸς Ἀπόλλων,	-u u- --u u- uu -u u--	dactylic hexameter	feminine penthemimeral, hepthemimeral, trithemimeral
καὶ Σάτυροι μύροντο μελάγχλαινοί τε Πρίηποι·	- uu- --u u--- u u--	dactylic hexameter	feminine penthemimeral, trithemimeral
καὶ Πᾶνες στοναχεῦντο τὸ σὸν μέλος, αἵ τε καθ᾽ ὕλαν	- -- uu-u u - uu - u u --	dactylic hexameter	feminine penthemimeral, hepthemimeral, trithemimeral
Κρανίδες ὠδύραντο, καὶ ὕδατα δάκρυα γέντο.	-uu ---u u -uu -uu --	dactylic hexameter	feminine penthemimeral
Ἀχὼ δ᾽ἐν πέτραισιν ὀδύρεται, ὅττι σιωπῇ	-- - --u u-uu -u u--	dactylic hexameter	feminine penthemimeral, trithemimeral
κοὐκέτι μιμεῖται τὰ σὰ χείλεα. σῷ δ᾽ἐπ᾽ ὀλέθρῳ	-uu --- u u -uu - u u--	dactylic hexameter	masculine penthemimeral
δένδρεα καρπὸν ἔριψε, τὰ δ᾽ἄνθεα πάντ᾽ ἐμαράνθη.	-uu -u u-u u -uu - uu--	dactylic hexameter	feminine penthemimeral
μάλων οὐκ ἔρρευσε καλὸν γλάγος, οὐ μέλι σίμβλων,	-- - --u u- uu - uu --	dactylic hexameter	feminine penthemimeral, hepthemimeral, trithemimeral
κάτθανε δ᾽ἐν κηρῷ λυπεύμενον· οὐκέτι γὰρ δεῖ	-uu - -- --uu -uu - -	dactylic hexameter	masculine penthemimeral, trithemimeral
τῶ μέλιτος τῶ σῶ τεθνακότος αὐτὸ τρυγᾶσθαι.	- uu- - - --uu -u u--	dactylic hexameter	masculine penthemimeral, trithemimeral
ἄρχετε Σικελικαὶ τῶ πένθεος ἄρχετε Μοῖσαι.	-uu -uu- - -uu -uu --	dactylic hexameter	masculine penthemimeral
οὐ τόσον εἰναλίαισι παῤ ᾀόσι μύρατο Σειρήν,	- uu -uu-u u -uu -uu --	dactylic hexameter	feminine penthemimeral
οὐδὲ τόσον ποκ᾽ ἄεισεν ἐνὶ σκοπέλοισιν Ἀηδών,	-u u- u u-u u- uu-u u--	dactylic hexameter	feminine penthemimeral, hepthemimeral, trithemimeral
οὐδὲ τόσον θρήνησεν ἀν᾽ ὤρεα μακρὰ Χελιδών,	-u u- --u u -uu -u u--	dactylic hexameter	feminine penthemimeral, trithemimeral
Ἀλκυόνος δ᾽οὐ τόσσον ἐπ᾽ ἄλγεσιν ἴαχε Κῆϋξ,	-uu- - -u u -uu -uu --	dactylic hexameter	feminine penthemimeral, trithemimeral
οὐδὲ τόσον γλαυκοῖς ἐνὶ κύμασι κηρύλος ᾆδεν,	-u u- -- uu -uu -uu --	dactylic hexameter	masculine penthemimeral, trithemimeral
οὐ τόσον ἀῴοισιν ἐν ἄγκεσι παῖδα τὸν Ἀοῦς	- uu ---u u -uu -u u --	dactylic hexameter	feminine penthemimeral
ἱπτάμενος περὶ σᾶμα κινύρατο Μέμνονος ὄρνις,	-uu- uu -u u-uu -uu --	dactylic hexameter	feminine penthemimeral, trithemimeral
ὅσσον ἀποφθιμένοιο κατωδύραντο Βίωνος.	-u u-uu-u u---u u--	dactylic hexameter	feminine penthemimeral
ἄρχετε Σικελικαὶ τῶ πένθεος ἄρχετε Μοῖσαι.	-uu -uu- - -uu -uu --	dactylic hexameter	masculine penthemimeral
ἀδονίδες πᾶσαί τε χελιδόνες, ἅς ποκ᾽ ἔτερπεν,	-uu- -- u u-uu - u u--	dactylic hexameter	masculine penthemimeral, trithemimeral
ἃς λαλέειν ἐδίδασκε, καθεζόμεναι ποτὶ πρέμνοις	- uu- uu-u u-uu- uu --	dactylic hexameter	feminine penthemimeral, trithemimeral
ἀντίον ἀλλάλαισιν ἐκώκυον· αἳ δ᾽ὑπεφώνευν	-uu ---u u-uu - uu--	dactylic hexameter	feminine penthemimeral
"ὄρνιθες λυπεῖσθ᾽ αἱ πενθάδες· ἀλλὰ καὶ ἡμεῖς."	--- -- - -uu -u u --	dactylic hexameter	masculine penthemimeral, trithemimeral
ἄρχετε Σικελικαὶ τῶ πένθεος ἄρχετε Μοῖσαι.	-uu -uu- - -uu -uu --	dactylic hexameter	masculine penthemimeral
τίς ποτε σᾷ σύριγγι μελίξεται ὦ τριπόθητε;	- uu - --u u-uu - uu--	dactylic hexameter	feminine penthemimeral, trithemimeral
τίς δ᾽ἐπὶ σοῖς καλάμοις θήσει στόμα; τίς θρασὺς οὕτως;	- uu - uu- -- uu - uu --	dactylic hexameter	masculine penthemimeral, hepthemimeral, trithemimeral
εἰσέτι γὰρ πνείει τὰ σὰ χείλεα καὶ τὸ σὸν ἆσθμα,	-uu - -- u u -uu - u u --	dactylic hexameter	masculine penthemimeral, trithemimeral
ἀχὰ δ᾽ἐν δονάκεσσι τεᾶς ἔτι βόσκετ᾽ ἀοιδᾶς.	-- - uu-u u- uu -u u--	dactylic hexameter	feminine penthemimeral, hepthemimeral, trithemimeral
Πανὶ φέρω τὸ μέλισμα; τάχ᾽ ἂν καὶ κεῖνος ἐρεῖσαι	-u u- u u-u u - - -u u--	dactylic hexameter	feminine penthemimeral, hepthemimeral, trithemimeral
τὸ στόμα δειμαίνοι, μὴ δεύτερα σεῖο φέρηται.	- uu --- - -uu -u u--	dactylic hexameter	masculine penthemimeral
ἄρχετε Σικελικαὶ τῶ πένθεος ἄρχετε Μοῖσαι.	-uu -uu- - -uu -uu --	dactylic hexameter	masculine penthemimeral
κλαίει καὶ Γαλάτεια τὸ σὸν μέλος, ἅν ποκ᾽ ἔτερπες	-- - uu-u u - uu - u u--	dactylic hexameter	feminine penthemimeral, hepthemimeral, trithemimeral
ἑζομέναν μετὰ σεῖο παῤ ἀϊόνεσσι θαλάσσας.	-uu- uu -u u -uu-u u--	dactylic hexameter	feminine penthemimeral, trithemimeral
οὐ γὰρ ἴσον Κύκλωπι μελίσδεο· τὸν μὲν ἔφευγεν	- u u- --u u-uu - u u--	dactylic hexameter	feminine penthemimeral, trithemimeral
ἁ καλὰ Γαλάτεια, σὲ δ᾽ἅδιον ἔβλεπεν ἅλμας.	- uu ---u u -uu -uu --	dactylic hexameter	feminine penthemimeral
καὶ νῦν λασαμένα τῶ κύματος ἐν ψαμάθοισιν	- - -uu- - -uu - uu--	dactylic hexameter	masculine penthemimeral
ἕζετ᾽ ἐρημαίαισι, βόας δ᾽ἔτι σεῖο νομεύει.	-u u---u u- uu -u u--	dactylic hexameter	feminine penthemimeral, hepthemimeral
ἄρχετε Σικελικαὶ τῶ πένθεος ἄρχετε Μοῖσαι.	-uu -uu- - -uu -uu --	dactylic hexameter	masculine penthemimeral
πάντα τοι ὦ βούτα συγκάτθανε δῶρα τὰ Μοισᾶν,	-u u - -- --uu -u u --	dactylic hexameter	masculine penthemimeral, trithemimeral
παρθενικᾶν ἐρόεντα φιλήματα, χείλεα παίδων,	-uu- uu-u u-uu -uu --	dactylic hexameter	feminine penthemimeral, trithemimeral
καὶ στυμνοὶ περὶ σῶμα τεὸν κλαίουσιν Ἔρωτες.	- -- uu -u u- --u u--	dactylic hexameter	feminine penthemimeral, hepthemimeral, trithemimeral
χἀ Κύπρις ποθέει σε πολὺ πλέον ἢ τὸ φίλημα,	- -- uu- u u- uu - u u--	dactylic hexameter	masculine penthemimeral, hepthemimeral, trithemimeral
τὸ πρώαν τὸν Ἄδωνιν ἀποθνᾴσκοντα φίλησεν.	- -- u u-u u---u u--	dactylic hexameter	feminine penthemimeral, trithemimeral
τοῦτό τοι ὦ ποταμῶν λιγυρώτατε δεύτερον ἄλγος,	-u u - uu- uu-uu -uu --	dactylic hexameter	masculine penthemimeral, trithemimeral
τοῦτο, Μέλη, νέον ἄλγος. ἀπώλετο πρᾶν τοι Ὅμηρος,	-u u- uu -u u-uu - u u--	dactylic hexameter	feminine penthemimeral, trithemimeral
τῆνο τὸ Καλλιόπας γλυκερὸν στόμα, καί σε λέγοντι	-u u -uu- uu- uu - u u--	dactylic hexameter	masculine penthemimeral, hepthemimeral
μύρασθαι καλὸν υἷα πολυκλαύτοισι ῥεέθροις,	--- uu -u u---u u--	dactylic hexameter	feminine penthemimeral, trithemimeral
πᾶσαν δ᾽ἔπλησας φωνᾶς ἅλα· νῦν πάλιν ἄλλον	-- --- -- uu - uu --	dactylic hexameter	masculine penthemimeral, hepthemimeral
υἱέα δακρύεις, καινῷ δ᾽ἐπὶ πένθεϊ τάκῃ.	-uu --- -- uu -uu --	dactylic hexameter	masculine penthemimeral, hepthemimeral
ἀμφότεροι παγαῖς πεφιλημένοι, ὃς μὲν ἔπινε	-uu- -- uu-uu - u u--	dactylic hexameter	masculine penthemimeral, trithemimeral
Παγασίδος κράνας, ὃ δ᾽ἔχεν πόμα τᾶς Ἀρεθοίσας.	-uu- uu - -- uu - uu--	dactylic hexameter	masculine penthemimeral, hepthemimeral, trithemimeral
χὢ μὲν Τυνδαρέοιο καλὰν ἄεισε θύγατρα	- - -uu-u u- --u u--	dactylic hexameter	feminine penthemimeral, hepthemimeral
καὶ Θέτιδος μέγαν υἷα καὶ Ἀτρείδαν Μενέλαον·	- uu- uu -u u --- uu--	dactylic hexameter	feminine penthemimeral, trithemimeral
τῆνος δ᾽οὐ πολέμους, οὐ δάκρυα, Πᾶνα δ᾽ἔμελπε,	-- - uu- - -uu -u u--	dactylic hexameter	masculine penthemimeral, trithemimeral
καὶ βούτας ἐλίγαινε καὶ ἀείδων ἐνόμευε,	- -- uu-u u --- uu--	dactylic hexameter	feminine penthemimeral, trithemimeral
καὶ σύριγγας ἔτευχε καὶ ἁδέα πόρτιν ἄμελγε,	- --u u-u u -uu -u u--	dactylic hexameter	feminine penthemimeral
καὶ παίδων ἐδίδασκε φιλήματα, καὶ τὸν Ἔρωτα	- -- uu-u u-uu - u u--	dactylic hexameter	feminine penthemimeral, trithemimeral
ἔτρεφεν ἐν κόλποισι καὶ ἤρεθε τὰν Ἀφροδίταν.	-uu - --u u -uu - uu--	dactylic hexameter	feminine penthemimeral, trithemimeral
ἄρχετε Σικελικαὶ τῶ πένθεος ἄρχετε Μοῖσαι.	-uu -uu- - -uu -uu --	dactylic hexameter	masculine penthemimeral
πᾶσα Βίων θρηνεῖ σε κλυτὰ πόλις, ἄστεα πάντα.	-u u- -- u u- uu -uu --	dactylic hexameter	masculine penthemimeral, hepthemimeral, trithemimeral
Ἄσκρα μὲν γοάει σε πολὺ πλέον Ἡσιόδοιο·	-- - uu- u u- uu -uu--	dactylic hexameter	masculine penthemimeral, hepthemimeral, trithemimeral
Πίνδαρον οὐ ποθέοντι τόσον Βοιωτίδες ὗλαι·	-uu - uu-u u- --uu --	dactylic hexameter	feminine penthemimeral, hepthemimeral, trithemimeral
οὐ τόσον Ἀλκαίῳ περιμύρατο Λέσβος ἐραννά·	- uu --- uu-uu -u u--	dactylic hexameter	masculine penthemimeral
οὐδὲ τόσον ὃν ἀοιδὸν ὀδύρατο Τήϊον ἄστυ·	-u u- u u-u u-uu -uu --	dactylic hexameter	feminine penthemimeral, trithemimeral
σὲ πλέον Ἀρχιλόχοιο ποθεῖ Πάρος· ἀντὶ δὲ Σαπφῶς	- uu -uu-u u- uu -u u --	dactylic hexameter	feminine penthemimeral, hepthemimeral
εἰσέτι σεῦ τὸ μέλισμα κινύρεται ἁ Μιτυλάνα.	-uu - u u-u u-uu - uu--	dactylic hexameter	feminine penthemimeral, trithemimeral
εἶ δὲ Συρακοσίοισι Θεόκριτος· αὐτὰρ ἐγώ τοι	- u u-uu-u u-uu -u u- -	dactylic hexameter	feminine penthemimeral
Αὐσονικᾶς ὀδύνας μέλπω μέλος, οὐ ξένος ᾠδᾶς	-uu- uu- -- uu - uu --	dactylic hexameter	masculine penthemimeral, hepthemimeral, trithemimeral
βουκολικᾶς, ἀλλ᾽ ἅντε διδάξαο σεῖο μαθητὰς	-uu- - -u u-uu -u u--	dactylic hexameter	feminine penthemimeral, trithemimeral
κλαρονόμος Μοίσας τᾶς Δωρίδος, ᾇ με γεραίρων	-uu- -- - -uu - u u--	dactylic hexameter	masculine penthemimeral, trithemimeral
ἄλλοις μὲν τεὸν ὄλβον, ἐμοὶ δ᾽ἀπέλειπες ἀοιδάν.	-- - uu -u u- uu-u u--	dactylic hexameter	feminine penthemimeral, hepthemimeral, trithemimeral
ἄρχετε Σικελικαὶ τῶ πένθεος ἄρχετε Μοῖσαι.	-uu -uu- - -uu -uu --	dactylic hexameter	masculine penthemimeral
αἰαῖ ταὶ μαλάχαι μέν, ἐπὰν κατὰ κᾶπον ὄλωνται,	-- - uu- u u- uu -u u--	dactylic hexameter	masculine penthemimeral, hepthemimeral, trithemimeral
ἠδὲ τὰ χλωρὰ σέλινα τό τ᾽εὐθαλὲς οὖλον ἄνηθον,	-u u -u u-u u -uu -u u--	dactylic hexameter	feminine penthemimeral
ὕστερον αὖ ζώοντι καὶ εἰς ἔτος ἄλλο φύοντι·	-uu - --u u - uu -u u--	dactylic hexameter	feminine penthemimeral, hepthemimeral, trithemimeral
ἄμμες δ᾽οἱ μεγάλοι καὶ καρτεροί, οἱ σοφοὶ ἄνδρες,	-- - uu- - -uu - uu --	dactylic hexameter	masculine penthemimeral, trithemimeral
ὁππότε πρᾶτα θάνωμες, ἀνάκοοι ἐν χθονὶ κοίλᾳ	-uu -u u-u u-uu - uu --	dactylic hexameter	feminine penthemimeral
εὕδομες εὖ μάλα μακρὸν ἀτέρμονα νήγρετον ὕπνον.	-uu - uu -u u-uu -uu --	dactylic hexameter	feminine penthemimeral, trithemimeral
καὶ σὺ μὲν ὦν σιγᾷ πεπυκασμένος ἔσσεαι ἐν γᾷ,	- u u - -- uu-uu -uu - -	dactylic hexameter	masculine penthemimeral, trithemimeral
ταῖς Νύμφαισι δ᾽ἔδοξεν ἀεὶ τὸν βάτραχον ᾄδειν.	- --u u-u u- - -uu --	dactylic hexameter	feminine penthemimeral, hepthemimeral
ταῖς δ᾽ἐγὼ οὐ φθονέοιμι· τὸ γὰρ μέλος οὐ καλὸν ᾄδει.	- uu - uu-u u - uu - uu --	dactylic hexameter	feminine penthemimeral, hepthemimeral, trithemimeral
ἄρχετε Σικελικαὶ τῶ πένθεος ἄρχετε Μοῖσαι.	-uu -uu- - -uu -uu --	dactylic hexameter	masculine penthemimeral
φάρμακον ἦλθε, Βίων, ποτὶ σὸν στόμα, φάρμακον ἦδες·	-uu -u u- uu - uu -uu --	dactylic hexameter	masculine penthemimeral, hepthemimeral
τοιούτοις χείλεσσι ποτέδραμε κοὐκ ἐγλυκάνθη;	--- --u u-uu - uu--	dactylic hexameter	feminine penthemimeral, trithemimeral
τίς δὲ βροτὸς τοσσοῦτον ἀνάμερος ὡς κεράσαι τοι	- u u- --u u-uu - uu- -	dactylic hexameter	feminine penthemimeral, trithemimeral
ἢ δοῦναι καλέοντι τὸ φάρμακον;—ἔκψυγεν ᾠδά.	- -- uu-u u -uu-uu --	dactylic hexameter	feminine penthemimeral, trithemimeral
ἄρχετε Σικελικαὶ τῶ πένθεος ἄρχετε Μοῖσαι.	-uu -uu- - -uu -uu --	dactylic hexameter	masculine penthemimeral
ἀλλὰ Δίκα κίχε πάντας. ἐγὼ δ᾽ἐπὶ πένθεϊ τῷδε	-u u- uu -u u- uu -uu --	dactylic hexameter	feminine penthemimeral, hepthemimeral, trithemimeral
δακρυχέων τεὸν οἶτον ὀδύρομαι. εἰ δυνάμαν δέ,	-uu- uu -u u-uu - uu- -	dactylic hexameter	feminine penthemimeral, trithemimeral
ὡς Ὀρφεὺς καταβὰς ποτὶ Τάρταρον, ὥς ποκ᾽ Ὀδυσσεύς,	- -- uu- uu -uu - u u--	dactylic hexameter	masculine penthemimeral, trithemimeral
ὡς πάρος Ἀλκείδας, κἠγὼ τάχ᾽ ἂν ἐς δόμον ἦνθον	- uu --- -- u u - uu --	dactylic hexameter	masculine penthemimeral, hepthemimeral
Πλουτέος, ὥς κεν ἴδοιμι, καὶ εἰ Πλουτῆι μελίσδεις,	-uu - u u-u u - --u u--	dactylic hexameter	feminine penthemimeral, hepthemimeral, trithemimeral
ὡς ἂν ἀκουσαίμαν, τί μελίσδεαι. ἀλλ᾽ ἄγε Κώρᾳ	- u u--- u u-uu - uu --	dactylic hexameter	masculine penthemimeral
Σικελικόν τι λίγαινε και ἁδύ τι βουκολιάζευ.	-uu- u u-u u -u u -uu--	dactylic hexameter	feminine penthemimeral, trithemimeral
καὶ κείνα Σικελά, καὶ ἐν Αἰτναίαισιν ἔπαιζεν	- -- uu- u u ---u u--	dactylic hexameter	masculine penthemimeral, trithemimeral
ᾀόσι, καὶ μέλος οἶδε τὸ Δώριον· οὐκ ἀγέραστος	-uu - uu -u u -uu - uu--	dactylic hexameter	feminine penthemimeral, trithemimeral
ἐσσεῖθ᾽ ἁ μολπά. χὠς Ὀρφέϊ πρόσθεν ἔδωκεν	-- - -- - -uu -u u--	dactylic hexameter	masculine penthemimeral, trithemimeral
ἁδέα φορμίζοντι παλίσσυτον Εὐρυδίκειαν,	-uu ---u u-uu -uu--	dactylic hexameter	feminine penthemimeral
καὶ σὲ Βίων πέμψει τοῖς ὤρεσιν. εἰ δέ τι κἠγὼν	- u u- -- - -uu - u u --	dactylic hexameter	masculine penthemimeral, trithemimeral
συρίσδων δυνάμαν, παρὰ Πλουτέϊ κ᾽αὐτὸς ἄειδον.	--- uu- uu -uu -u u--	dactylic hexameter	masculine penthemimeral, trithemimeral
Ἁ Κύπρις τὸν Ἔρωτα τὸν υἱέα μακρὸν ἐβώστρει·	- -- u u-u u -uu -u u--	dactylic hexameter	feminine penthemimeral, trithemimeral
"ὅστις ἐνὶ τριόδοισι πλανώμενον εἶδεν Ἔρωτα,	-u u- uu-u u-uu -u u--	dactylic hexameter	feminine penthemimeral, trithemimeral
δραπετίδας ἐμός ἐστιν· ὁ μανύσας γέρας ἑξεῖ·	-uu- uu -u u --- uu --	dactylic hexameter	feminine penthemimeral, trithemimeral
μισθός τοι τὸ φίλημα τὸ Κύπριδος· ἢν δ᾽ἀγάγῃ νιν,	-- - u u-u u -uu - uu- -	dactylic hexameter	feminine penthemimeral, trithemimeral
οὐ γυμνὸν τὸ φίλημα, τὺ δ᾽ὦ ξένε καὶ πλέον ἑξεῖς.	- -- u u-u u - uu - uu --	dactylic hexameter	feminine penthemimeral, hepthemimeral, trithemimeral
ἔστι δ᾽ὁ παῖς περίσαμος· ἐν εἴκοσι παισὶ μάθοις νιν.	-u u - uu-u u -uu -u u- -	dactylic hexameter	feminine penthemimeral, trithemimeral
χρῶτα μὲν οὐ λεύκος, πυρὶ δ᾽εἴκελος· ὄμματα δ᾽αὐτῷ	-u u - -- uu -uu -uu --	dactylic hexameter	masculine penthemimeral, trithemimeral
δριμύλα καὶ φλογόεντα· κακαὶ φρένες, ἁδὺ λάλημα·	-uu - uu-u u- uu -u u--	dactylic hexameter	feminine penthemimeral, hepthemimeral, trithemimeral
οὐ γὰρ ἴσον νοέει καὶ φθέγγεται· ὡς μέλι φωνά,	- u u- uu- - -uu - uu --	dactylic hexameter	masculine penthemimeral, trithemimeral
ὡς δὲ χολὰ νόος ἐστὶν· ἀνάμερος, ἠπεροπευτάς,	- u u- uu -u u-uu -uu--	dactylic hexameter	feminine penthemimeral, trithemimeral
οὐδὲν ἀλαθεύων, δόλιον βρέφος, ἄγρια παίσδων.	-u u--- uu- uu -uu --	dactylic hexameter	masculine penthemimeral, hepthemimeral
εὐπλόκαμον τὸ κάρανον, ἔχει δ᾽ἰταμὸν τὸ μέτωπον.	-uu- u u-u u- uu- u u--	dactylic hexameter	feminine penthemimeral, hepthemimeral, trithemimeral
μικκύλα μὲν τήνῳ τὰ χερύδρια, μακρὰ δὲ βάλλει,	-uu - -- u u-uu -u u --	dactylic hexameter	masculine penthemimeral, trithemimeral
βάλλει κεἰς Ἀχέροντα καὶ εἰς Ἀΐδα βασίλεια.	-- - uu-u u - uu- uu--	dactylic hexameter	feminine penthemimeral, hepthemimeral, trithemimeral
γυμνὸς ὅλος τό γε σῶμα, νόος δέ οἱ εὖ πεπύκασται.	-u u- u u -u u- u u - uu--	dactylic hexameter	feminine penthemimeral, hepthemimeral, trithemimeral
καὶ πτερόεις ὡς ὄρνις ἐφίπταται ἄλλον ἐπ᾽ ἄλλῳ,	- uu- - -u u-uu -u u --	dactylic hexameter	feminine penthemimeral, trithemimeral
ἀνέρας ἠδὲ γυναῖκας, ἐπὶ σπλάγχνοις δὲ κάθηται.	-uu -u u-u u- -- u u--	dactylic hexameter	feminine penthemimeral, hepthemimeral
τόξον ἔχει μάλα βαιόν, ὑπὲρ τόξω δὲ βέλεμνον,	-u u- uu -u u- -- u u--	dactylic hexameter	feminine penthemimeral, hepthemimeral, trithemimeral
τυτθὸν μὲν τὸ βέλεμνον, ἐς αἰθέρα δ᾽ἄχρι φορεῖται.	-- - u u-u u -uu -u u--	dactylic hexameter	feminine penthemimeral, trithemimeral
καὶ χρύσεον περὶ νῶτα φαρέτριον, ἔνδοθι δ᾽ἐντὶ	- uu- uu -u u-uu -uu --	dactylic hexameter	feminine penthemimeral, trithemimeral
τοὶ πικροὶ κάλαμοι, τοῖς πολλάκι κἀμὲ τιτρώσκει.	- -- uu- - -uu -u u--	dactylic hexameter	masculine penthemimeral, trithemimeral
πάντα μὲν ἄγρια ταῦτα· πολὺ πλέον ἁ δαῒς αὐτῷ·	-u u -uu -u u- uu - uu --	dactylic hexameter	feminine penthemimeral, hepthemimeral
βαιὰ λαμπὰς ἐοῖσα τὸν ἅλιον αὐτὸν ἀναίθει.	-- -u u-u u -uu -u u--	dactylic hexameter	feminine penthemimeral
ἤν τύ γ᾽ἕλῃς τῆνον, δήσας ἄγε μηδ᾽ ἐλεήσῃς.	- u u- -- -- uu - uu--	dactylic hexameter	masculine penthemimeral, hepthemimeral, trithemimeral
κἢν ποτίδῃς κλαίοντα, φυλάσσεο μή σε πλανάσῃ.	- uu- --u u-uu - u u--	dactylic hexameter	feminine penthemimeral, trithemimeral
κἢν γελάῃ, τύ νιν ἕλκε. καὶ ἢν ἐθέλῃ σε φιλῆσαι,	- uu- u u -u u - uu- u u--	dactylic hexameter	feminine penthemimeral, hepthemimeral, trithemimeral
φεῦγε· κακὸν τὸ φίλημα, τὰ χείλεα φάρμακον ἐντί.	-u u- u u-u u -uu -uu --	dactylic hexameter	feminine penthemimeral, trithemimeral
ἢν δὲ λέγῃ "λάβε ταῦτα, χαρίζομαι ὅσσα μοι ὅπλα,	- u u- uu -u u-uu -u u --	dactylic hexameter	feminine penthemimeral, trithemimeral
μὴ τὺ θίγῃς πλάνα δῶρα· τὰ γὰρ πυρὶ πάντα βέβαπται."	- u u- uu -u u - uu -u u--	dactylic hexameter	feminine penthemimeral, hepthemimeral, trithemimeral
Εὐρώπῃ ποτὲ Κύπρις ἐπὶ γλυκὺν ἧκεν ὄνειρον,	--- uu -u u- uu -u u--	dactylic hexameter	feminine penthemimeral, hepthemimeral, trithemimeral
νυκτὸς ὅτε τρίτατον λάχος ἵσταται, ἐγγύθι δ᾽ἠώς,	-u u- uu- uu -uu -uu --	dactylic hexameter	masculine penthemimeral, trithemimeral
ὕπνος ὅτε γλυκίων μέλιτος βλεφάροισιν ἐφίζων	-u u- uu- uu- uu-u u--	dactylic hexameter	masculine penthemimeral, hepthemimeral, trithemimeral
λυσιμελὴς πεδάᾳ μαλακῷ κατὰ φάεα δεσμῷ,	-uu- uu- uu- uu -uu --	dactylic hexameter	masculine penthemimeral, hepthemimeral, trithemimeral
εὖτε καὶ ἀτρεκέων ποιμαίνεται ἔθνος ὀνείρων·	-u u -uu- --uu -u u--	dactylic hexameter	masculine penthemimeral
τῆμος ὑπωροφίοισιν ἐνὶ κνώσσουσα δόμοισι	-u u-uu-u u- --u u--	dactylic hexameter	feminine penthemimeral, hepthemimeral
Φοίνικος θυγάτηρ ἔτι παρθένος Εὐρώπεια	--- uu- uu -uu ----	dactylic hexameter	masculine penthemimeral, trithemimeral
ὠίσατ᾽ ἠπείρους δοιὰς περὶ εἷο μάχεσθαι,	-uu --- -- uu -u u--	dactylic hexameter	masculine penthemimeral, hepthemimeral
ἄσσιον ἀντιπέρην τε· φυὴν δ᾽ἔχον οἷα γυναῖκες.	-uu -uu- u u- uu -u u--	dactylic hexameter	masculine penthemimeral, hepthemimeral
τῶν δ᾽ἣ μὲν ξείνης μορφὴν ἔχεν, ἣ δ᾽ἄῤ ἐῴκει	- - - -- -- uu - u u--	dactylic hexameter	masculine penthemimeral, hepthemimeral, trithemimeral
ἐνδαπίῃ, καὶ μᾶλλον ἑῆς περιίσχετο κούρης,	-uu- - -u u- uu-uu --	dactylic hexameter	feminine penthemimeral, hepthemimeral, trithemimeral
φάσκεν δ᾽ὥς μιν ἔτικτε καὶ ὡς ἀτίτηλέ μιν αὐτή.	-- - u u-u u - uu-u u --	dactylic hexameter	feminine penthemimeral, hepthemimeral, trithemimeral
ἡ δ᾽ἑτέρη κρατερῇσι βιωομένη παλάμῃσιν	- uu- uu-u u-uu- uu--	dactylic hexameter	feminine penthemimeral, trithemimeral
εἴρυεν οὐκ ἀέκουσαν, ἐπεὶ φάτο μόρσιμον εἷο	-uu - uu-u u- uu -uu --	dactylic hexameter	feminine penthemimeral, hepthemimeral, trithemimeral
ἐκ Διὸς αἰγιόχου γέρας ἔμμεναι Εὐρώπειαν.	- uu -uu- uu -uu ----	dactylic hexameter	masculine penthemimeral
ἣ δ᾽ἀπὸ μὲν στρωτῶν λεχέων θόρε δειμαίνουσα,	- uu - -- uu- uu ----	dactylic hexameter	masculine penthemimeral, hepthemimeral, trithemimeral
παλλομένη κραδίην· τὸ γὰρ ὡς ὕπαρ εἶδεν ὄνειρον.	-uu- uu- u u - uu -u u--	dactylic hexameter	masculine penthemimeral, hepthemimeral, trithemimeral
ἑζομένη δ᾽ἐπὶ δηρὸν ἀκὴν ἔχεν, ἀμφοτέρας δὲ	-uu- uu -u u- uu -uu- -	dactylic hexameter	feminine penthemimeral, hepthemimeral, trithemimeral
εἰσέτι πεπταμένοισιν ἐν ὄμμασιν εἶχε γυναῖκας.	-uu -uu-u u -uu -u u--	dactylic hexameter	feminine penthemimeral
ὀψὲ δὲ δειμαλέην ἀνενείκατο παρθένον αὐδήν·	-u u -uu- uu-uu -uu --	dactylic hexameter	masculine penthemimeral
"τίς μοι τοιάδε φάσματ᾽ ἐπουρανίων προΐηλεν;	- - -uu -u u-uu- uu--	dactylic hexameter	feminine penthemimeral
ποῖοί με στρωτῶν λεχέων ὕπερ ἐν θαλάμοισιν	-- - -- uu- uu - uu--	dactylic hexameter	masculine penthemimeral, hepthemimeral, trithemimeral
ἡδὺ μάλα κνώσσουσαν ἀνεπτοίησαν ὄνειροι,	-u u- --u u---u u--	dactylic hexameter	feminine penthemimeral, trithemimeral
τίς δ᾽ἦν ἡ ξείνη, τὴν εἴσιδον ὑπνώουσα;	- - - -- - -uu ----	dactylic hexameter	masculine penthemimeral, trithemimeral
ὥς μ᾽ἔλαβε κραδίην κείνης πόθος, ὥς με καὶ αὐτὴ	- uu- uu- -- uu - u u --	dactylic hexameter	masculine penthemimeral, hepthemimeral, trithemimeral
ἀσπασίως ὑπέδεκτο καὶ ὡς σφετέρην ἴδε παῖδα.	-uu- uu-u u - uu- uu --	dactylic hexameter	feminine penthemimeral, hepthemimeral, trithemimeral
ἀλλά μοι εἰς ἀγαθὸν μάκαρες κρήνειαν ὄνειρον."	-u u - uu- uu- --u u--	dactylic hexameter	masculine penthemimeral, hepthemimeral, trithemimeral
ὣς εἰποῦς᾽ ἀνόρουσε, φίλας δ᾽ἐπεδίζεθ᾽ ἑταίρας	- -- uu-u u- uu-u u--	dactylic hexameter	feminine penthemimeral, hepthemimeral, trithemimeral
ἥλικας οἰέτεας θυμήρεας εὐπατερείας,	-uu -uu- --uu -uu--	dactylic hexameter	masculine penthemimeral
τῇσιν ἀεὶ συνάθυρεν, ὅτ᾽ ἐς χορὸν ἐντύνοιτο,	-u u- uu-u u - uu ----	dactylic hexameter	feminine penthemimeral, hepthemimeral, trithemimeral
ἢ ὅτε φαιδρύνοιτο χρόα προχοῇσιν ἀναύρων,	- uu ---u u- uu-u u--	dactylic hexameter	feminine penthemimeral, hepthemimeral
ἢ ὁπότ᾽ ἐκ λειμῶνος ἐΰπνοα λείρἰ ἀμέργοι.	- uu - --u u-uu -u u--	dactylic hexameter	feminine penthemimeral, trithemimeral
αἳ δέ οἱ αἶψα φάανθεν· ἔχον δ᾽ἐν χερσὶν ἑκάστη	- u u -u u-u u- - -u u--	dactylic hexameter	feminine penthemimeral, hepthemimeral
ἀνθοδόκον τάλαρον· ποτὶ δὲ λειμῶνας ἔβαινον	-uu- uu- uu - --u u--	dactylic hexameter	masculine penthemimeral, hepthemimeral, trithemimeral
ἀγχιάλους, ὅθι τ᾽αἰὲν ὁμιλαδὸν ἠγερέθοντο	-uu- uu -u u-uu -uu--	dactylic hexameter	feminine penthemimeral, trithemimeral
τερπόμεναι ῥοδέῃ τε φυῇ καὶ κύματος ἠχῇ.	-uu- uu- u u- - -uu --	dactylic hexameter	masculine penthemimeral, hepthemimeral, trithemimeral
αὐτὴ δὲ χρύσεον τάλαρον φέρεν Εὐρώπεια,	-- - uu- uu- uu ----	dactylic hexameter	masculine penthemimeral, hepthemimeral, trithemimeral
θηητόν, μέγα θαῦμα, μέγαν πόνον Ἡφαίστοιο,	--- uu -u u- uu ----	dactylic hexameter	feminine penthemimeral, hepthemimeral, trithemimeral
ὃν Λιβύῃ πόρε δῶρον, ὅτ᾽ ἐς λέχος Ἐννοσιγαίου	- uu- uu -u u - uu -uu--	dactylic hexameter	feminine penthemimeral, hepthemimeral, trithemimeral
ἤϊεν· ἣ δὲ πόρεν περικαλλέϊ Τηλεφαάσσῃ,	-uu - u u- uu-uu -uu--	dactylic hexameter	masculine penthemimeral, trithemimeral
ἥτε οἱ αἵματος ἔσκεν· ἀνύμφῳ δ᾽Εὐρωπείῃ	-u u -uu -u u-- ----	dactylic hexameter	feminine penthemimeral
μήτηρ Τηλεφάσσα περικλυτὸν ὤπασε δῶρον.	-- ---u u-uu -uu --	dactylic hexameter	feminine penthemimeral
ἐν τῷ δαίδαλα πολλὰ τετεύχατο μαρμαίροντα.	- - -uu -u u-uu ----	dactylic hexameter	feminine penthemimeral
ἐν μὲν ἔην χρυσοῖο τετυγμένη Ἰναχὶς Ἰώ,	- u u- --u u-uu -uu --	dactylic hexameter	feminine penthemimeral, trithemimeral
εἰσέτι πόρτις ἐοῦσα, φυὴν δ᾽οὐκ εἶχε γυναίην.	-uu -u u-u u- - -u u--	dactylic hexameter	feminine penthemimeral, hepthemimeral
φοιταλέη δὲ πόδεσσιν ἐφ᾽ ἁλμυρὰ βαῖνε κέλευθα,	-uu- u u-u u -uu -u u--	dactylic hexameter	feminine penthemimeral, trithemimeral
νηχομένῃ ἰκέλη· κυανῆ δ᾽ἐτέτυκτο θάλασσα.	-uu- uu- uu- uu-u u--	dactylic hexameter	masculine penthemimeral, hepthemimeral, trithemimeral
δοιοὶ δ᾽ἕστασαν ὑψοῦ ἐπ᾽ ὀφρύος αἰγιαλοῖο	-- -uu -u u -uu -uu--	dactylic hexameter	feminine penthemimeral
φῶτες ἀολλήδην, θηεῦντο δὲ ποντοπόρον βοῦν.	-u u--- --u u -uu- -	dactylic hexameter	masculine penthemimeral
ἐν δ᾽ἦν Ζεὺς Κρονίδης ἐπαφώμενος ἠρέμα χερσὶ	- - - uu- uu-uu -uu --	dactylic hexameter	masculine penthemimeral, trithemimeral
πόρτιος Ἰναχίης, τὴν δ᾽ἑπταπόρῳ παρὰ Νείλῳ	-uu -uu- - -uu- uu --	dactylic hexameter	masculine penthemimeral
ἐκ βοὸς εὐκεράοιο πάλιν μετάμειβε γυναῖκα.	- uu -uu-u u- uu-u u--	dactylic hexameter	feminine penthemimeral, hepthemimeral
ἀργύρεος μὲν ἔην Νείλου ῥόος, ἡ δ᾽ἄρα πόρτις	-uu- u u- -- uu - uu --	dactylic hexameter	masculine penthemimeral, hepthemimeral, trithemimeral
χαλκείη, χρυσοῦ δὲ τετυγμένος αὐτὸς ἔην Ζεύς.	--- -- u u-uu -u u- -	dactylic hexameter	masculine penthemimeral, trithemimeral
ἀμφὶ δὲ δινήεντος ὑπὸ στεφάνην ταλάροιο	-u u ---u u- uu- uu--	dactylic hexameter	feminine penthemimeral, hepthemimeral
Ἑρμείης ἤσκητο· πέλας δέ οἱ ἐκτετάνυστο	--- --u u- u u -uu--	dactylic hexameter	feminine penthemimeral, hepthemimeral, trithemimeral
Ἄργος ἀκοιμήτοισι κεκασμένος ὀφθαλμοῖσι.	-u u---u u-uu ----	dactylic hexameter	feminine penthemimeral
τοῖο δὲ φοινήεντος ἀφ᾽ αἵματος ἐξανέτελλεν	-u u ---u u -uu -uu--	dactylic hexameter	feminine penthemimeral
ὄρνις ἀγαλλόμενος πτερύγων πολυανθέϊ χροιῇ,	-u u-uu- uu- uu-uu --	dactylic hexameter	masculine penthemimeral, hepthemimeral
ταρσὸν ἀναπλώσας ὡσείτε τις ὠκύαλος νηῦς·	-u u--- --u u -uu- -	dactylic hexameter	masculine penthemimeral
χρυσείου ταλάροιο περίσκεπε χείλεα ταρσός.	--- uu-u u-uu -uu --	dactylic hexameter	feminine penthemimeral, trithemimeral
τοῖος ἔην τάλαρος περικαλλέος Εὐρωπείης.	-u u- uu- uu-uu ----	dactylic hexameter	masculine penthemimeral, trithemimeral
αἳ δ᾽ἐπεὶ οὖν λειμῶνας ἐς ἀνθεμόεντας ἵκανον,	- uu - --u u -uu-u u--	dactylic hexameter	feminine penthemimeral, trithemimeral
ἄλλη ἐπ᾽ ἀλλοίοισι τότ᾽ ἄνθεσι θυμὸν ἔτερπον.	-u u ---u u -uu -u u--	dactylic hexameter	feminine penthemimeral
τῶν ἣ μὲν νάρκισσον ἐΰπνοον, ἣ δ᾽ὑάκινθον,	- - - --u u-uu - uu--	dactylic hexameter	feminine penthemimeral, trithemimeral
ἣ δ᾽ἴον, ἣ δ᾽ἕρπυλλον ἀπαίνυτο· πολλὰ δ᾽ἔραζε	- uu - --u u-uu -u u--	dactylic hexameter	feminine penthemimeral, trithemimeral
λειμώνων ἐαροτρεφέων θαλέθεσκε πέτηλα.	--- uu-uu- uu-u u--	dactylic hexameter	hepthemimeral, trithemimeral
αἳ δ᾽αὖτε ξανθοῖο κρόκου θυόεσσαν ἔθειραν	- -- --u u- uu-u u--	dactylic hexameter	feminine penthemimeral, hepthemimeral, trithemimeral
δρέπτον ἐριδμαίνουσαι, ἀτὰρ μεσσίστη ἄνασσα	-u u---u u- --u u--	dactylic hexameter	feminine penthemimeral, hepthemimeral
ἀγλαΐην πυρσοῖο ῥόδου χείρεσσι λέγουσα,	-uu- --u u- --u u--	dactylic hexameter	feminine penthemimeral, hepthemimeral, trithemimeral
οἷά περ ἐν Χαρίτεσσι διέπρεπεν Ἀφρογένεια.	-u u - uu-u u-uu -uu--	dactylic hexameter	feminine penthemimeral, trithemimeral
οὐ μὴν δηρὸν ἔμελλεν ἐπ᾽ ἄνθεσι θυμὸν ἰαίνειν,	- - -u u-u u -uu -u u--	dactylic hexameter	feminine penthemimeral
οὐδ᾽ ἄρα παρθενίην μίτρην ἄχραντον ἔρυσθαι.	- uu -uu- -- --u u--	dactylic hexameter	masculine penthemimeral, hepthemimeral
ἦ γὰρ δὴ Κρονίδης ὥς μιν φράσαθ᾽, ὡς ἐόλητο	- - - uu- - - uu - uu--	dactylic hexameter	masculine penthemimeral, hepthemimeral, trithemimeral
θυμὸν ἀνωίστοισιν ὑποδμηθεὶς βελέεσσι	-u u---u u--- uu--	dactylic hexameter	feminine penthemimeral
Κύπριδος, ἣ μούνη δύναται καὶ Ζῆνα δαμάσσαι.	-uu - -- uu- - -u u--	dactylic hexameter	masculine penthemimeral, hepthemimeral, trithemimeral
δὴ γὰρ ἀλευόμενός τε χόλον ζηλήμονος Ἥρης	- u u-uu- u u- --uu --	dactylic hexameter	masculine penthemimeral, hepthemimeral
παρθενικῆς τ᾽ἐθέλων ἀταλὸν νόον ἐξαπατῆσαι	-uu- uu- uu- uu -uu--	dactylic hexameter	masculine penthemimeral, hepthemimeral, trithemimeral
κρύψε θεὸν καὶ τρέψε δέμας καὶ γείνετο ταῦρος,	-u u- - -u u- - -uu --	dactylic hexameter	feminine penthemimeral, hepthemimeral, trithemimeral
οὐχ οἷος σταθμοῖς ἐνιφέρβεται, οὐδὲ μὲν οἷος	- -- -- uu-uu -u u --	dactylic hexameter	masculine penthemimeral, trithemimeral
ὦλκα διατμήγει σύρων εὐκαμπὲς ἄροτρον,	-u u--- -- --u u--	dactylic hexameter	masculine penthemimeral, hepthemimeral
οὐδ᾽ οἷος ποίμνης ἐπιβόσκεται, οὐδὲ μὲν οἷος	- -- -- uu-uu -u u --	dactylic hexameter	masculine penthemimeral, trithemimeral
ὅστις ὑποδμηθεὶς ἐρύει πολύφορτον ἀπήνην.	-u u--- uu- uu-u u--	dactylic hexameter	masculine penthemimeral, hepthemimeral
τοῦ δή τοι τὸ μὲν ἄλλο δέμας ξανθόχροον ἔσκε,	- - - u u -u u- --uu --	dactylic hexameter	feminine penthemimeral, hepthemimeral, trithemimeral
κύκλος δ᾽ἀργύφεος μέσσῳ μάρμαιρε μετώπῳ,	-- -uu- -- --u u--	dactylic hexameter	masculine penthemimeral, hepthemimeral
ὄσσε δ᾽ὑπογλαύσσεσκε καὶ ἵμερον ἀστράπτεσκεν.	-u u---u u -uu ----	dactylic hexameter	feminine penthemimeral
ἶσά τ᾽ἐπ᾽ ἀλλήλοισι κέρα ἀνέτελλε καρήνου	-u u ---u u- uu-u u--	dactylic hexameter	feminine penthemimeral, hepthemimeral
ἄντυγος ἡμιτόμου κεραῆς ἅτε κύκλα σελήνης.	-uu -uu- uu- uu -u u--	dactylic hexameter	masculine penthemimeral, hepthemimeral
ἤλυθε δ᾽ἐς λειμῶνα καὶ οὐκ ἐφόβησε φαανθεὶς	-uu - --u u - uu-u u--	dactylic hexameter	feminine penthemimeral, hepthemimeral, trithemimeral
παρθενικάς, πάσῃσι δ᾽ἔρως γένετ᾽ ἐγγὺς ἱκέσθαι	-uu- --u u- uu -u u--	dactylic hexameter	feminine penthemimeral, hepthemimeral, trithemimeral
ψαῦσαι θ᾽ἱμερτοῖο βοός, τοῦ δ᾽ἄμβροτος ὀδμὴ	-- ---u u- - -uu --	dactylic hexameter	feminine penthemimeral, hepthemimeral
τηλόθι καὶ λειμῶνος ἐκαίνυτο λαρὸν ἀϋτμήν.	-uu - --u u-uu -u u--	dactylic hexameter	feminine penthemimeral, trithemimeral
στῆ δὲ ποδῶν προπάροιθεν ἀμύμονος Εὐρωπείης,	- u u- uu-u u-uu ----	dactylic hexameter	feminine penthemimeral, trithemimeral
καί οἱ λιχμάζεσκε δέρην, κατέθελγε δὲ κούρην.	- - ---u u- uu-u u --	dactylic hexameter	feminine penthemimeral, hepthemimeral
ἣ δέ μιν ἀμφαφάασκε καὶ ἠρέμα χείρεσιν ἀφρὸν	- u u -uu-u u -uu -uu --	dactylic hexameter	feminine penthemimeral
πολλὸν ἀπὸ στομάτων ἀπομόργνυτο, καὶ κύσε ταῦρον.	-u u- uu- uu-uu - uu --	dactylic hexameter	masculine penthemimeral, trithemimeral
αὐτὰρ ὃ μειλίχιον μυκήσατο· φαῖό κεν αὐλοῦ	-u u -uu- --uu -u u --	dactylic hexameter	masculine penthemimeral
Μυγδονίου γλυκὺν ἦχον ἀνηπύοντος ἀκούειν.	-uu- uu -u u---u u--	dactylic hexameter	feminine penthemimeral, trithemimeral
ὤκλασε δὲ πρὸ ποδοῖιν, ἐδέρκετο δ᾽Εὐρώπειαν	-uu - u u-u u-uu ----	dactylic hexameter	feminine penthemimeral, trithemimeral
αὐχέν᾽ ἐπιστρέψας καί οἱ πλατὺ δείκνυε νῶτον.	-u u--- - - uu -uu --	dactylic hexameter	masculine penthemimeral, hepthemimeral
ἣ δὲ βαθυπλοκάμοισι μετέννεπε παρθενικῇσι·	- u u-uu-u u-uu -uu--	dactylic hexameter	feminine penthemimeral
"δεῦθ᾽ ἑτάραι φίλιαι καὶ ὁμήλικες, ὄφῤ ἐπὶ τῷδε	- uu- uu- u u-uu - uu --	dactylic hexameter	masculine penthemimeral, trithemimeral
ἑζόμεναι ταύρῳ τερπώμεθα· δὴ γὰρ ἁπάσας	-uu- -- --uu - u u--	dactylic hexameter	masculine penthemimeral, trithemimeral
νῶτον ὑποστορέσας ἀναδέξεται, οἷά τ᾽ἐνηὴς	-u u-uu- uu-uu -u u--	dactylic hexameter	masculine penthemimeral
πρηΰς τ᾽εἰσιδέειν καὶ μείλιχος, οὐδέ τι ταύροις	-- -uu- - -uu -u u --	dactylic hexameter	masculine penthemimeral
ἄλλοισι προσέοικε· νόος δέ οἱ ἠΰτε φωτὸς	--- uu-u u- u u -uu --	dactylic hexameter	feminine penthemimeral, hepthemimeral, trithemimeral
αἴσιμος ἀμφιθέει, μούνης δ᾽ἐπιδεύεται αὐδῆς."	-uu -uu- -- uu-uu --	dactylic hexameter	masculine penthemimeral, hepthemimeral
ὣς φαμένη νώτοισιν ἐφίζανε μειδιόωσα,	- uu- --u u-uu -uu--	dactylic hexameter	feminine penthemimeral, trithemimeral
αἱ δ᾽ἄλλαι μέλλεσκον. ἄφαρ δ᾽ἀνεπήλατο ταῦρος,	- -- --u u- uu-uu --	dactylic hexameter	feminine penthemimeral, hepthemimeral, trithemimeral
ἣν θέλεν ἁρπάξας· ὠκὺς δ᾽ἐπὶ πόντον ἵκανεν.	- uu --- -- uu -u u--	dactylic hexameter	masculine penthemimeral, hepthemimeral
ἣ δὲ μεταστρεφθεῖσα φίλας καλέεσκεν ἑταίρας	- u u---u u- uu-u u--	dactylic hexameter	feminine penthemimeral, hepthemimeral
χεῖρας ὀρεγνυμένη, ταὶ δ᾽οὐκ ἐδύναντο κιχάνειν.	-u u-uu- - - uu-u u--	dactylic hexameter	masculine penthemimeral, hepthemimeral
ἀκτάων δ᾽ἐπιβὰς πρόσσω θέεν ἠΰτε δελφὶς	--- uu- -- uu -uu --	dactylic hexameter	masculine penthemimeral, hepthemimeral, trithemimeral
χηλαῖς ἀβρεκτοῖσιν ἐπ᾽ εὐρέα κύματα βαίνων.	-- ---u u -uu -uu --	dactylic hexameter	feminine penthemimeral
ἣ δὲ τότ᾽ ἐρχομένοιο γαληνιάασκε θάλασσα,	- u u -uu-u u-uu-u u--	dactylic hexameter	feminine penthemimeral
κήτεα δ᾽ἀμφὶς ἄταλλε Διὸς προπάροιθε ποδοῖιν,	-uu -u u-u u- uu-u u--	dactylic hexameter	feminine penthemimeral, hepthemimeral
γηθόσυνος δ᾽ὑπὲρ οἶδμα κυβίστεε βυσσόθε δελφίς·	-uu- uu -u u-uu -uu --	dactylic hexameter	feminine penthemimeral, trithemimeral
Νηρεΐδες δ᾽ἀνέδυσαν ὑπὲξ ἁλός, αἳ δ᾽ἄρα πᾶσαι	-uu- uu-u u- uu - uu --	dactylic hexameter	feminine penthemimeral, hepthemimeral, trithemimeral
κητείοις νώτοισιν ἐφήμεναι ἐστιχόωντο.	--- --u u-uu -uu--	dactylic hexameter	feminine penthemimeral, trithemimeral
καὶ δ᾽αὐτὸς βαρύδουπος ὑπείραλος Ἐννοσίγαιος	- -- uu-u u-uu -uu--	dactylic hexameter	feminine penthemimeral, trithemimeral
κῦμα κατιθύνων ἁλίης ἠγεῖτο κελεύθου	-u u--- uu- --u u--	dactylic hexameter	masculine penthemimeral, hepthemimeral
αὐτοκασιγνήτῳ· τοὶ δ᾽ἀμφί μιν ἠγερέθοντο	-uu--- - -u u -uu--	dactylic hexameter	masculine penthemimeral
Τρίτωνες, πόντοιο βαρύθροοι αὐλητῆρες,	--- --u u-uu ----	dactylic hexameter	feminine penthemimeral, trithemimeral
κόχλοισιν ταναοῖς γάμιον μέλος ἠπύοντες.	--- uu- uu- uu ----	dactylic hexameter	masculine penthemimeral, hepthemimeral, trithemimeral
ἣ δ᾽ἄῤ ἐφεζομένη Ζηνὸς βοέοις ἐπὶ νώτοις	- u u-uu- -- uu- uu --	dactylic hexameter	masculine penthemimeral, hepthemimeral
τῇ μὲν ἔχεν ταύρου δολιχὸν κέρας, ἐν χερὶ δ᾽ἄλλῃ	- u u- -- uu- uu - uu --	dactylic hexameter	masculine penthemimeral, hepthemimeral, trithemimeral
εἴρυε πορφυρέην κολποῦ πτύχα, ὄφρά κε μή μιν	-uu -uu- -- uu -u u - -	dactylic hexameter	masculine penthemimeral, hepthemimeral
δεύοι ἐφελκόμενον πολιῆς ἁλὸς ἄσπετον ὕδωρ.	-u u-uu- uu- uu -uu --	dactylic hexameter	masculine penthemimeral, hepthemimeral
κολπώθη δ᾽ὤμοισι πέπλος βαθὺς Εὐρωπείης,	--- --u u- uu ----	dactylic hexameter	feminine penthemimeral, hepthemimeral, trithemimeral
ἱστίον οἷά τε νηός, ἐλαφρίζεσκε δὲ κούρην.	-uu -u u -u u---u u --	dactylic hexameter	feminine penthemimeral
ἣ δ᾽ὅτε δὴ γαίης ἀπὸ πατρίδος ἦεν ἄνευθεν,	- uu - -- uu -uu -u u--	dactylic hexameter	masculine penthemimeral, trithemimeral
φαίνετο δ᾽οὔτ᾽ ἀκτή τις ἁλίρροθος οὔτ᾽ ὄρος αἰπύ,	-uu - -- u u-uu - uu --	dactylic hexameter	masculine penthemimeral, trithemimeral
ἀλλ᾽ ἀὴρ μὲν ἄνωθεν, ἔνερθε δὲ πόντος ἀπείρων,	- -- u u-u u-u u -u u--	dactylic hexameter	feminine penthemimeral, trithemimeral
ἀμφί ἑ παπτήνασα τόσην ἀνενείκατο φωνήν·	-u u ---u u- uu-uu --	dactylic hexameter	feminine penthemimeral, hepthemimeral
"πῇ με φέρεις θεόταυρε; τίς ἔπλεο; πῶς δὲ κέλευθα	- u u- uu-u u -uu - u u--	dactylic hexameter	feminine penthemimeral, trithemimeral
ἀργαλἔ εἰλιπόδεσσι διέρχεαι, οὐδὲ θάλασσαν	-uu -uu-u u-uu -u u--	dactylic hexameter	feminine penthemimeral
δειμαίνεις; νηυσὶν γὰρ ἐπίδρομός ἐστι θάλασσα	--- -- u u-uu -u u--	dactylic hexameter	masculine penthemimeral, trithemimeral
ὠκυάλοις, ταῦροι δ᾽ἁλίην τρομέουσιν ἀταρπόν.	-uu- -- uu- uu-u u--	dactylic hexameter	masculine penthemimeral, hepthemimeral, trithemimeral
ποῖόν τοι ποτὸν ἡδύ; τίς ἐξ ἁλὸς ἔσσετ᾽ ἐδωδή;	-- - uu -u u - uu -u u--	dactylic hexameter	feminine penthemimeral, hepthemimeral, trithemimeral
ἦ ἄρα τις θεός ἐσσι· θεοῖς γ᾽ἐπεοικότα ῥέζεις.	- uu - uu -u u- uu-uu --	dactylic hexameter	feminine penthemimeral, hepthemimeral, trithemimeral
οὔθ᾽ ἅλιοι δελφῖνες ἐπὶ χθονὸς οὔτε τι ταῦροι	- uu- --u u- uu -u u --	dactylic hexameter	feminine penthemimeral, hepthemimeral, trithemimeral
ἐν πόντῳ στιχόωσι, σὺ δὲ χθόνα καὶ κατὰ πόντον	- -- uu-u u - uu - uu --	dactylic hexameter	feminine penthemimeral, hepthemimeral, trithemimeral
ἄτρομος ἀΐσσεις, χηλαὶ δέ τοί εἰσιν ἐρετμά.	-uu --- -- u u -u u--	dactylic hexameter	masculine penthemimeral, hepthemimeral
ἦ τάχα καὶ γλαυκῆς ὑπὲρ ἠέρος ὑψός᾽ ἀερθεὶς	- uu - -- uu -uu -u u--	dactylic hexameter	masculine penthemimeral, trithemimeral
εἴκελος αἰψηροῖσι πετήσεαι οἰωνοῖσιν.	-uu ---u u-uu ----	dactylic hexameter	feminine penthemimeral
ὤμοι ἐγὼ μέγα δή τι δυσάμμορος, ἥ ῥά τε δῶμα	-u u- uu - u u-uu - u u --	dactylic hexameter	masculine penthemimeral, trithemimeral
πατρὸς ἀποπρολιποῦσα καὶ ἑσπομένη βοΐ τῷδε	-u u-uu-u u -uu- uu --	dactylic hexameter	feminine penthemimeral
ξείνην ναυτιλίην ἐφέπω καὶ πλάζομαι οἴη.	-- -uu- uu- - -uu --	dactylic hexameter	masculine penthemimeral, hepthemimeral
ἀλλὰ σύ μοι μεδέων πολιῆς ἁλὸς Ἐννοσίγαιε	-u u - uu- uu- uu -uu--	dactylic hexameter	masculine penthemimeral, hepthemimeral, trithemimeral
ἵλαος ἀντιάσειας, ὃν ἔλπομαι εἰσοράασθαι	-uu -uu-u u -uu -uu--	dactylic hexameter	feminine penthemimeral
τόνδε κατιθύνοντα πόρον προκέλευθον ἐμεῖο.	-u u---u u- uu-u u--	dactylic hexameter	feminine penthemimeral, hepthemimeral
οὐκ ἀθεεὶ γὰρ ταῦτα διέρχομαι ὑγρὰ κέλευθα."	- uu- - -u u-uu -u u--	dactylic hexameter	feminine penthemimeral, trithemimeral
ὣς φάτο· τὴν δ᾽ὧδε προσεφώνεεν ἠΰκερως βοῦς·	- uu - -- uu-uu -uu- -	dactylic hexameter	masculine penthemimeral, trithemimeral
"θάρσει παρθενική, μὴ δείδιθι πόντιον οἶδμα.	-- -uu- - -uu -uu --	dactylic hexameter	masculine penthemimeral
αὐτός τοι Ζεύς εἰμι, κεἰ ἐγγύθεν εἴδομαι εἶναι	-- - - -u u -uu -uu --	dactylic hexameter	feminine penthemimeral, trithemimeral
ταῦρος· ἐπεὶ δύναμαί γε φανήμεναι ὅττι θέλοιμι.	-u u- uu- u u-uu -u u--	dactylic hexameter	masculine penthemimeral, trithemimeral
σὸς δὲ πόθος μ᾽ἀνέηκε τόσην ἅλα μετρήσασθαι	- u u- uu-u u- uu ----	dactylic hexameter	feminine penthemimeral, hepthemimeral, trithemimeral
ταύρῳ ἐειδόμενον· Κρήτη δέ σε δέξεται ἤδη,	-u u-uu- -- u u -uu --	dactylic hexameter	masculine penthemimeral, hepthemimeral
ἥ μ᾽ἔθρεψε καὶ αὐτόν, ὅπῃ νυμφήϊα σεῖο	- --u u -u u- --uu --	dactylic hexameter	feminine penthemimeral, hepthemimeral
ἔσσεται· ἐξ ἐμέθεν δὲ κλυτοὺς φιτύσεαι υἷας,	-uu - uu- u u- --uu --	dactylic hexameter	masculine penthemimeral, hepthemimeral, trithemimeral
οἳ σκηπτοῦχοι ἄνακτες ἐπὶ χθονίοισιν ἔσονται."	- --u u-u u- uu-u u--	dactylic hexameter	feminine penthemimeral, hepthemimeral
ὣς φάτο· καὶ τετέλεστο τά περ φάτο. Φαίνετο μὲν δὴ	- uu - uu-u u - uu -uu - -	dactylic hexameter	feminine penthemimeral, hepthemimeral, trithemimeral
Κρήτη, Ζεὺς δὲ πάλιν σφετέρην ἀνελάζετο μορφήν,	-- - u u- uu- uu-uu --	dactylic hexameter	masculine penthemimeral, hepthemimeral, trithemimeral
λῦσε δέ οἱ μίτρην, καί οἱ λέχος ἔντυον Ὧραι.	-u u - -- - - uu -uu --	dactylic hexameter	masculine penthemimeral, hepthemimeral, trithemimeral
ἡ δὲ πάρος κούρη Ζηνὸς γένετ᾽ αὐτίκα νύμφη,	- u u- -- -- uu -uu --	dactylic hexameter	masculine penthemimeral, hepthemimeral, trithemimeral
καὶ Κρονίδῃ τέκνα τίκτε καὶ αὐτίκα γίνετο μήτηρ.	- uu- uu -u u -uu -uu --	dactylic hexameter	feminine penthemimeral, trithemimeral
Μῆτερ ἐμή, τίφθ᾽ ὧδε φίλον κατὰ θυμὸν ἰάπτεις	-u u- - -u u- uu -u u--	dactylic hexameter	feminine penthemimeral, hepthemimeral, trithemimeral
ἐκπάγλως ἀχέουσα, τὸ πρὶν δέ τοι οὐκέτ᾽ ἔρευθος	--- uu-u u - u u -u u--	dactylic hexameter	feminine penthemimeral, hepthemimeral, trithemimeral
σῴζετ᾽ ἐπὶ ῥεθέεσσι; τί μοι τόσον ἠνίησαι;	-u u- uu-u u - uu ----	dactylic hexameter	feminine penthemimeral, hepthemimeral, trithemimeral
ἦῤ ὅτι ἄλγεα πάσχει ἀπείριτα φαίδιμος υἱὸς	- uu -uu -u u-uu -uu --	dactylic hexameter	feminine penthemimeral
ἀνδρὸς ὕπ᾽ οὐτιδανοῖο, λέων ὡσείθ᾽ ὑπὸ νεβροῦ;	-u u -uu-u u- -- uu --	dactylic hexameter	feminine penthemimeral, hepthemimeral
ὤμοι ἐγώ, τί νυ δή με θεοὶ τόσον ἠτίμησαν	-u u- u u - u u- uu ----	dactylic hexameter	masculine penthemimeral, hepthemimeral, trithemimeral
ἀθάνατοι; τί νύ μ᾽ὧδε κακῇ γονέες τέκον αἴσῃ;	-uu- u u -u u- uu- uu --	dactylic hexameter	feminine penthemimeral, hepthemimeral, trithemimeral
δύσμορος, ἥτ᾽ ἐπεὶ ἀνδρὸς ἀμύμονος ἐς λέχος ἦλθον,	-uu - uu -u u-uu - uu --	dactylic hexameter	feminine penthemimeral, trithemimeral
τὸν μὲν ἐγὼ τίεσκον ἴσον φαέεσσιν ἐμοῖσιν	- u u- --u u- uu-u u--	dactylic hexameter	feminine penthemimeral, hepthemimeral, trithemimeral
ἠδ᾽ ἔτι νῦν σέβομαί τε καὶ αἰδέομαι κατὰ θυμόν·	- uu - uu- u u -uu- uu --	dactylic hexameter	masculine penthemimeral, trithemimeral
τοῦ δ᾽οὔτις γένετ᾽ ἄλλος ἀποτμότερος ζωόντων,	- -- uu -u u-uu- ---	dactylic hexameter	feminine penthemimeral, trithemimeral
οὐδὲ τόσων σφετέρῃσιν ἐγεύσατο φροντίσι κηδέων.	-u u- uu-u u-uu -uu --	dactylic hexameter	feminine penthemimeral, trithemimeral
σχέτλιος, ὃς τόξοισιν, ἅ οἱ πόρεν αὐτὸς Ἀπόλλων	-uu - --u u - uu -u u--	dactylic hexameter	feminine penthemimeral, hepthemimeral, trithemimeral
ἠέ τινος Κηρῶν ἢ Ἐρινύος αἰνὰ βέλεμνα,	-u u- -- u u-uu -u u--	dactylic hexameter	masculine penthemimeral, trithemimeral
παῖδας ἑοὺς κατέπεφνε καὶ ἐκ φίλον εἵλετο θυμὸν	-u u- uu-u u - uu -uu --	dactylic hexameter	feminine penthemimeral, hepthemimeral, trithemimeral
μαινόμενος κατὰ οἶκον, ὃ δ᾽ἔμπλεος ἔσκε φόνοιο.	-uu- uu -u u -uu -u u--	dactylic hexameter	feminine penthemimeral, trithemimeral
τοὺς μὲν ἐγὼ δύστηνος ἐμοῖς ἴδον ὀφθαλμοῖσι	- u u- --u u- uu ----	dactylic hexameter	feminine penthemimeral, hepthemimeral, trithemimeral
βαλλομένους ὑπὸ πατρί, τὸ δ᾽οὐδ᾽ ὄναρ ἤλυθεν ἄλλῳ.	-uu- uu -u u - uu -uu --	dactylic hexameter	feminine penthemimeral, hepthemimeral, trithemimeral
οὐδέ σφιν δυνάμην ἀδινὸν καλέουσιν ἀρῆξαι	-- - uu- uu- uu-u u--	dactylic hexameter	masculine penthemimeral, hepthemimeral, trithemimeral
μητέῤ ἑήν, ἐπεὶ ἐγγὺς ἀνίκητον κακὸν ἦεν.	-u u- uu -u u--- uu --	dactylic hexameter	feminine penthemimeral, trithemimeral
ὡς δ᾽ὄρνις δύρηται ἐπὶ σφετέροισι νεοσσοῖς	- -- --u u- uu-u u--	dactylic hexameter	feminine penthemimeral, hepthemimeral, trithemimeral
ὀλλυμένοις, οὕς τ᾽ αἰνὸς ὄφις ἔτι νηπιάχοντας	-uu- - -u u- uu -uu--	dactylic hexameter	feminine penthemimeral, hepthemimeral, trithemimeral
θάμνοις ἐν πυκινοῖσι κατεσθίει· ἣ δὲ κατ᾽ αὐτοὺς	-- - uu-u u-uu - u u --	dactylic hexameter	feminine penthemimeral, trithemimeral
πωτᾶται κλάζουσα μάλα λιγὺ πότνια μήτηρ,	--- --u u- uu -uu --	dactylic hexameter	feminine penthemimeral, hepthemimeral, trithemimeral
οὐδ᾽ ἄῤ ἔχει τέκνοισιν ἐπαρκέσαι· ἦ γάρ οἱ αὐτῇ	- u u- --u u-uu - u u --	dactylic hexameter	feminine penthemimeral, trithemimeral
ἆσσον ἴμεν μέγα τάρβος ἀμειλίκτοιο πελώρου·	-u u- uu -u u---u u--	dactylic hexameter	feminine penthemimeral, trithemimeral
ὣς ἐγὼ αἰνοτόκεια φίλον γόνον αἰάζουσα	- uu -uu-u u- uu ----	dactylic hexameter	feminine penthemimeral, hepthemimeral
μαινομένοισι πόδεσσι δόμον κάτα πολλὸν ἐφοίτων.	-uu-u u-u u- uu -u u--	dactylic hexameter	feminine penthemimeral, hepthemimeral
ὥς γ᾽ὄφελον μετὰ παισὶν ἅμα θνῄσκουσα καὶ αὐτὴ	- uu- uu -u u- --u u --	dactylic hexameter	feminine penthemimeral, hepthemimeral, trithemimeral
κεῖσθαι φαρμακόεντα δι᾽ ἥπατος ἰὸν ἔχουσα,	-- -uu-u u -uu -u u--	dactylic hexameter	feminine penthemimeral
Ἄρτεμι θηλυτέρῃσι μέγα κρείουσα γυναιξί.	-uu -uu-u u- --u u--	dactylic hexameter	feminine penthemimeral, hepthemimeral
τῷ χ᾽ ἡμέας κλαύσαντε φίλῃς᾽ ἐνὶ χερσὶ τοκῆες	- -- --u u- uu -u u--	dactylic hexameter	feminine penthemimeral, hepthemimeral, trithemimeral
πολλοῖς σὺν κτερέεσσι πυρῆς ἐπέβησαν ὁμοίης,	-- - uu-u u- uu-u u--	dactylic hexameter	feminine penthemimeral, hepthemimeral, trithemimeral
καί κεν ἕνα χρύσειον ἐς ὀστέα κρωσσὸν ἁπάντων	- u u- --u u -uu -u u--	dactylic hexameter	feminine penthemimeral, trithemimeral
λέξαντες κατέθαψαν, ὅθι πρῶτον γενόμεσθα.	--- uu-u u- -- uu--	dactylic hexameter	feminine penthemimeral, hepthemimeral, trithemimeral
νῦν δ᾽οἳ μὲν Θήβην ἱπποτρόφον ἐνναίουσιν	- - - -- --uu ----	dactylic hexameter	masculine penthemimeral, trithemimeral
Ἀονίου πεδίοιο βαθεῖαν βῶλον ἀροῦντες·	-uu- uu-u u-- -u u--	dactylic hexameter	feminine penthemimeral, trithemimeral
αὐτὰρ ἐγὼ Τίρυνθα κάτα κραναὴν πόλιν Ἥρης	-u u- --u u- uu- uu --	dactylic hexameter	feminine penthemimeral, hepthemimeral, trithemimeral
πολλοῖσιν δύστηνος ἰάπτομαι ἄλγεσιν ἦτορ	--- --u u-uu -uu --	dactylic hexameter	feminine penthemimeral, trithemimeral
αἰὲν ὁμῶς· δακρύων δὲ παρεστί μοι οὐδ᾽ ἴ ἐρωή.	-u u- uu- u u-u u - u u--	dactylic hexameter	masculine penthemimeral, trithemimeral
ἀλλὰ πόσιν μὲν ὁρῶ παῦρον χρόνον ὀφθαλμοῖσιν	-u u- u u- -- uu ----	dactylic hexameter	masculine penthemimeral, hepthemimeral, trithemimeral
οἴκῳ ἐν ἡμετέρῳ· πολέων γάρ οἱ ἔργον ἑτοῖμον	-u u -uu- uu- u u -u u--	dactylic hexameter	masculine penthemimeral, hepthemimeral
μόχθων, τοὺς ἐπὶ γαῖαν ἀλώμενος ἠδὲ θάλασσαν	-- - uu -u u-uu -u u--	dactylic hexameter	feminine penthemimeral, trithemimeral
μοχθίζει πέτρης ὅγ᾽ ἔχων νόον ἠὲ σιδήρου	--- -- u u- uu -u u--	dactylic hexameter	masculine penthemimeral, hepthemimeral, trithemimeral
καρτερὸν ἐν στήθεσσι· σὺ δ᾽ἠύτε λείβεαι ὕδωρ,	-uu - --u u -uu -uu --	dactylic hexameter	feminine penthemimeral, trithemimeral
νύκτας τε κλαίουσα καὶ ἐκ Διὸς ἤμαθ᾽ ὁπόσσα.	-- - --u u - uu -u u--	dactylic hexameter	feminine penthemimeral, hepthemimeral, trithemimeral
ἄλλος μὰν οὐκ ἄν τις ἐϋφρήναι με παραστὰς	-- - - - u u--- u u--	dactylic hexameter	masculine penthemimeral, trithemimeral
κηδεμόνων· οὐ γάρ σφε δόμων κατὰ τεῖχος ἐέργει·	-uu- - - u u- uu -u u--	dactylic hexameter	masculine penthemimeral, hepthemimeral, trithemimeral
καὶ λίην πάντες γε πέρην πιτυώδεος Ἰσθμοῦ	- -- -- u u- uu-uu --	dactylic hexameter	masculine penthemimeral, hepthemimeral, trithemimeral
ναίους᾽, οὐδέ μοί ἐστι πρὸς ὅντινά κε βλέψασα	-- -u u -u u -uu - ---	dactylic hexameter	feminine penthemimeral
οἷα γυνὴ πανάποτμος ἀναψύξαιμι φίλον κῆρ,	-u u- uu-u u---u u- -	dactylic hexameter	feminine penthemimeral, trithemimeral
νόσφι γε δὴ Πύρρης συνομαίμονος· ἣ δὲ καὶ αὐτὴ	-u u - -- uu-uu - u u --	dactylic hexameter	masculine penthemimeral, trithemimeral
ἀμφὶ πόσει σφετέρῳ πλέον ἄχνυται Ἰφικλῆι,	-u u- uu- uu -uu ----	dactylic hexameter	masculine penthemimeral, trithemimeral
σῷ υἱεῖ· πάντων γὰρ ὀϊζυρώτατα τέκνα	- -- -- u u---uu --	dactylic hexameter	masculine penthemimeral, trithemimeral
γείνασθαί σε θεῷ τε καὶ ἀνέρι θνητῷ ἔολπα."	--- u u- u u -uu -u u--	dactylic hexameter	masculine penthemimeral, trithemimeral
ὣς ἄῤ ἔφη· τὰ δέ οἱ θαλερώτερα δάκρυα μήλων	- u u- u u - uu-uu -uu --	dactylic hexameter	masculine penthemimeral, trithemimeral
κόλπον ἐς ἱμερόεντα κατὰ βλεφάρων ἐχέοντο,	-u u -uu-u u- uu- uu--	dactylic hexameter	feminine penthemimeral, hepthemimeral
μνησαμένῃ τέκνων τε καὶ ὧν μετέπειτα τοκήων.	-uu- -- u u - uu-u u--	dactylic hexameter	masculine penthemimeral, hepthemimeral, trithemimeral
ὣς δ᾽αὔτως δακρύοισι παρήϊα λεύκ᾽ ἐδίαινεν	- -- uu-u u-uu - uu--	dactylic hexameter	feminine penthemimeral, trithemimeral
Ἀλκμήνη· βαρὺ δ᾽ἥγε καὶ ἐκ θυμοῦ στενάχουσα	--- uu -u u - -- uu--	dactylic hexameter	feminine penthemimeral, hepthemimeral, trithemimeral
μύθοισιν πυκινοῖσι φίλην νυὸν ὧδε μετηύδα·	--- uu-u u- uu -u u--	dactylic hexameter	feminine penthemimeral, hepthemimeral, trithemimeral
"δαιμονίη παίδων, τί νύ τοι φρεσὶν ἔμπεσε τοῦτο	-uu- -- u u - uu -uu --	dactylic hexameter	masculine penthemimeral, hepthemimeral, trithemimeral
πευκαλίμαις; πῶς ἄμμ᾽ ἐθέλεις ὀροθυνέμεν ἄμφω	-uu- - - uu- uu-uu --	dactylic hexameter	masculine penthemimeral, hepthemimeral, trithemimeral
κήδἐ ἄλαστα λέγουσα; τὰ δ᾽οὐ νῦν πρῶτα κέκλαυται.	-u u-u u-u u - - -u u--	dactylic hexameter	feminine penthemimeral, hepthemimeral
ἢ οὐκ ἅλις, οἷς ἐχόμεσθα τὸ δεύτατον αἰὲν ἐπ᾽ ἦμαρ	- uu - uu-u u -uu -u u --	dactylic hexameter	feminine penthemimeral, trithemimeral
γινομένοις; μάλα μέν γε φιλοθρηνής κέ τις εἴη,	-uu- uu - u u--- u u --	dactylic hexameter	masculine penthemimeral, trithemimeral
ὅστις ἀριθμήσειεν ἐφ᾽ ἡμετέροις ἀχέεσσι.	-u u---u u -uu- uu--	dactylic hexameter	feminine penthemimeral
θάρσει· οὐ τοιῆσδ᾽ ἐκυρήσαμεν ἐκ θεοῦ αἴσης.	-- - -- uu-uu - uu --	dactylic hexameter	masculine penthemimeral, trithemimeral
καὶ δ᾽αὐτὴν ὁρόω σε φίλον τέκος ἀτρύτοισιν	- -- uu- u u- uu ----	dactylic hexameter	masculine penthemimeral, hepthemimeral, trithemimeral
ἄλγεσι μοχθίζουσαν. ἐπιγνώμων δέ τοί εἰμι	-uu ---u u--- u u --	dactylic hexameter	feminine penthemimeral
ἀσχαλάαν, ὅτε δή γε καὶ εὐφροσύνης κόρος ἐστί·	-uu- uu - u u -uu- uu --	dactylic hexameter	masculine penthemimeral, trithemimeral
καί σε μάλ᾽ ἐκπάγλως ὀλοφύρομαι ἠδ᾽ ἐλεαίρω,	- u u --- uu-uu - uu--	dactylic hexameter	masculine penthemimeral
οὕνεκεν ἡμετέροιο λυγροῦ μετὰ δαίμονος ἔσχες,	-uu -uu-u u- uu -uu --	dactylic hexameter	feminine penthemimeral, hepthemimeral
ὅσθ᾽ ἡμῖν ἐφύπερθε κάρης βαρὺς αἰωρεῖται.	- -- uu-u u- uu ----	dactylic hexameter	feminine penthemimeral, hepthemimeral, trithemimeral
ἴστω γὰρ Κούρη τε καὶ εὐέανος Δημήτηρ,	-- - -- u u -uu- ---	dactylic hexameter	masculine penthemimeral, trithemimeral
ἅς κε μέγα βλαφθείς τις ἑκὼν ἐπίορκον ὀμόσσαι	- u u- -- u u- uu-u u--	dactylic hexameter	masculine penthemimeral, hepthemimeral, trithemimeral
δυσμενέων, μηθέν σε χερειότερον φρεσὶν ᾗσι	-uu- -- u u-uu- uu --	dactylic hexameter	masculine penthemimeral, trithemimeral
στέργειν ἢ εἴπερ μοι ὑπὲκ νηδυιόφιν ἦλθες	-- - -- u u- --uu --	dactylic hexameter	masculine penthemimeral, hepthemimeral, trithemimeral
καί μοι τηλυγέτη ἐνὶ δώμασι παρθένος ἦσθα.	- - -uu- uu -uu -uu --	dactylic hexameter	masculine penthemimeral
οὐδ᾽ αὐτήν γέ νυ πάμπαν ἔολπά σε τοῦτό γε λήθειν.	- -- u u -u u-u u -u u --	dactylic hexameter	feminine penthemimeral, trithemimeral
τῷ μή μ᾽ἐξείπῃς ποτ᾽, ἐμὸν θάλος, ὥς σευ ἀκηδέω,	- - --- u u- uu - u u--	dactylic hexameter	masculine penthemimeral, hepthemimeral
μηδ᾽ εἴ κ᾽ἠϋκόμου Νιόβης πυκινώτερα κλαίω.	- - -uu- uu- uu-uu --	dactylic hexameter	masculine penthemimeral, hepthemimeral
οὐδ᾽ ὣς γὰρ νεμεσητὸν ὑπὲρ τέκνου γοάασθαι	- - - uu-u u- -- uu--	dactylic hexameter	feminine penthemimeral, hepthemimeral, trithemimeral
μητέρι δυσπαθέοντος· ἐπεὶ δέκα μῆνας ἔκαμνον	-uu -uu-u u- uu -u u--	dactylic hexameter	feminine penthemimeral, hepthemimeral
πρὶν καί πέρ τ᾽ἰδέειν μιν, ἐμῷ ὑπὸ ἥπατ᾽ ἔχουσα,	- - - uu- u u- uu -u u--	dactylic hexameter	masculine penthemimeral, hepthemimeral, trithemimeral
καί με πυλάρταο σχεδὸν ἤγαγεν Αἰδωνῆος·	- u u--- uu -uu ----	dactylic hexameter	masculine penthemimeral
ὧδέ ἑ δυστοκέουσα κακὰς ὠδῖνας ἀνέτλην.	-u u -uu-u u- --u u--	dactylic hexameter	feminine penthemimeral, hepthemimeral
νῦν δέ μοι οἴχεται οἶος ἐπ᾽ ἀλλοτρίης νέον ἆθλον	- u u -uu -u u -uu- uu --	dactylic hexameter	feminine penthemimeral
ἐκτελέων· οὐδ᾽ οἶδα δυσάμμορος, εἴτε μιν αὖτις	-uu- - -u u-uu -u u --	dactylic hexameter	feminine penthemimeral, trithemimeral
ἐνθάδε νοστήσανθ᾽ ὑποδέξομαι, εἴτε καὶ οὐκί.	-uu --- uu-uu -u u --	dactylic hexameter	masculine penthemimeral
πρὸς δ᾽ἔτι μ᾽ἐπτοίησε διὰ γλυκὺν αἰνὸς ὄνειρος	- uu ---u u- uu -u u--	dactylic hexameter	feminine penthemimeral, hepthemimeral
ὕπνον· δειμαίνω δὲ παλιγκοτον ὄψιν ἰδοῦσα	-- --- u u-uu -u u--	dactylic hexameter	masculine penthemimeral
ἐκπάγλως, μή μοί τι τέκνοις ἀποθύμιον ἔρδοι.	--- - - u u- uu-uu --	dactylic hexameter	masculine penthemimeral, hepthemimeral, trithemimeral
εἴσατο γάρ μοι ἔχων μακέλην εὐεργέα χερσὶ	-uu - u u- uu- --uu --	dactylic hexameter	masculine penthemimeral, hepthemimeral, trithemimeral
παῖς ἐμὸς ἀμφοτέρῃσι, βίη Ἡρακληείη·	- uu -uu-u u- -----	dactylic hexameter	feminine penthemimeral, hepthemimeral
τῇ μεγάλην ἐλάχαινε δεδεγμένος ὡς ἐπὶ μισθῷ	- uu- uu-u u-uu - uu --	dactylic hexameter	feminine penthemimeral, trithemimeral
τάφρον τηλεθάοντος ἐπ᾽ ἐσχατιῇ τινος ἀγροῦ,	-- -uu-u u -uu- uu --	dactylic hexameter	feminine penthemimeral
γυμνὸς ἄτερ χλαίνης τε καὶ εὐμίτροιο χιτῶνος.	-u u- -- u u ---u u--	dactylic hexameter	masculine penthemimeral, trithemimeral
αὐτὰρ ἐπειδὴ παντὸς ἀφίκετο πρὸς τέλος ἔργου	-u u-- -u u-uu - uu --	dactylic hexameter	feminine penthemimeral
καρτερὸν οἰνοφόροιο πονεύμενος ἕρκος ἀλωῆς,	-uu -uu-u u-uu -u u--	dactylic hexameter	feminine penthemimeral
ἤτοι ὃ λίστρον ἔμελλεν ἐπὶ προύχοντος ἐρείσας	-u u -u u-u u- --u u--	dactylic hexameter	feminine penthemimeral, hepthemimeral
ἀνδήρου καταδῦναι, ἃ καὶ πάρος εἵματα ἕστο·	--- uu-u u - uu -uu --	dactylic hexameter	feminine penthemimeral, hepthemimeral, trithemimeral
ἐξαπίνης δ᾽ἀνελάμψεν ὑπὲρ καπέτοιο βαθείης	-uu- uu-u u- uu-u u--	dactylic hexameter	feminine penthemimeral, hepthemimeral, trithemimeral
πῦρ ἄμοτον, περὶ δ᾽αὐτὸν ἀθέσφατος εἰλεῖτο φλόξ.	- uu- uu -u u-uu --- -	dactylic hexameter	feminine penthemimeral, trithemimeral
αὐτὰρ ὅγ᾽ αἰὲν ὄπισθε θοοῖς ἀνεχάζετο ποσσίν,	-u u -u u-u u- uu-uu --	dactylic hexameter	feminine penthemimeral, hepthemimeral
ἐκφυγέειν μεμαὼς ὀλοὸν μένος Ἡφαίστοιο·	-uu- uu- uu- uu ----	dactylic hexameter	masculine penthemimeral, hepthemimeral, trithemimeral
αἰεὶ δὲ προπάροιθεν ἑοῦ χροὸς ἠΰτε γέρρον	-- - uu-u u- uu -uu --	dactylic hexameter	feminine penthemimeral, hepthemimeral, trithemimeral
νώμασκεν μακέλην· περὶ δ᾽ὄμμασιν ἔνθα καὶ ἔνθα	--- uu- uu -uu -u u --	dactylic hexameter	masculine penthemimeral, trithemimeral
πάπταινεν, μὴ δή μιν ἐπιφλέξει δήιον πῦρ.	--- - - u u--- -- -	dactylic hexameter	masculine penthemimeral, trithemimeral
τῷ μὲν ἀοσσῆσαι λελιημένος, ὥς μοι ἔϊκτο,	- u u--- uu-uu - u u--	dactylic hexameter	masculine penthemimeral
Ἰφικλέης μεγάθυμος ἐπ᾽ οὔδεϊ κάππες᾽ ὀλισθὼν	-uu- uu-u u -uu -u u--	dactylic hexameter	feminine penthemimeral, trithemimeral
πρὶν ἐλθεῖν, οὐδ᾽ ὀρθὸς ἀναστῆναι δύνατ᾽ αὖτις,	- -- - -u u--- uu --	dactylic hexameter	feminine penthemimeral, trithemimeral
ἀλλ᾽ ἀστεμφὲς ἔκειτο, γέρων ὡσείτ᾽ ἀμενηνός,	- --u u-u u- -- uu--	dactylic hexameter	feminine penthemimeral, hepthemimeral
ὅντε καὶ οὐκ ἐθέλοντα βιήσατο γῆρας ἀτερπὲς	-u u - uu-u u-uu -u u--	dactylic hexameter	feminine penthemimeral, trithemimeral
καππεσέειν· κεῖται δ᾽ὅγ᾽ ἐπὶ χθονὸς ἔμπεδον αὔτως,	-uu- -- u u- uu -uu --	dactylic hexameter	masculine penthemimeral, hepthemimeral, trithemimeral
εἰσόκε τις χειρός μιν ἀνειρύσσῃ παριόντων	-uu - -- u u--- uu--	dactylic hexameter	masculine penthemimeral, trithemimeral
αἰδεσθεὶς ὄπιδα προτέρην πολιοῖο γενείου.	--- uu- uu- uu-u u--	dactylic hexameter	masculine penthemimeral, hepthemimeral, trithemimeral
ὣς ἐν γῇ λελίαστο σακεσπάλος Ἰφικλείης·	- - - uu-u u-uu ----	dactylic hexameter	feminine penthemimeral, trithemimeral
αὐτὰρ ἐγὼ κλαίεσκον ἀμηχανέοντας ὁρῶσα	-u u- --u u-uu-u u--	dactylic hexameter	feminine penthemimeral, trithemimeral
παῖδας ἐμούς, μέχρι δή μοι ἀπέσσυτο νήδυμος ὕπνος	-u u- uu - u u-uu -uu --	dactylic hexameter	masculine penthemimeral, trithemimeral
ὀφθαλμῶν, ἠὼς δὲ παραυτίκα φαινόλις ἦλθε.	--- -- u u-uu -uu --	dactylic hexameter	masculine penthemimeral, trithemimeral
τοῖα, φίλη, μοι ὄνειρα διὰ φρένας ἐπτοίησαν	-u u- u u-u u- uu ----	dactylic hexameter	feminine penthemimeral, hepthemimeral, trithemimeral
παννυχίῃ· τὰ δὲ πάντα πρὸς Εὐρυσθῆα τρέποιτο	-uu- u u -u u ---u u--	dactylic hexameter	feminine penthemimeral, trithemimeral
οἴκου ἄφ᾽ ἡμετέροιο, γένοιτο δὲ μάντις ἐκείνῳ	-u u -uu-u u-u u -u u--	dactylic hexameter	feminine penthemimeral
θυμὸς ἐμός, μηδ᾽ ἄλλο παρὲκ τελέσειέ τι δαίμων.	-u u- - -u u- uu-u u --	dactylic hexameter	feminine penthemimeral, hepthemimeral, trithemimeral
Τὰν ἅλα τὰν γλαυκὰν ὅταν ὥνεμος ἀτρέμα βάλλῃ,	- uu - -- uu -uu -uu --	dactylic hexameter	masculine penthemimeral, trithemimeral
τὰν φρένα τὰν δειλὰν ἐρεθίζομαι, οὐδ᾽ ἔτι μοι γᾶ	- uu - -- uu-uu - uu - -	dactylic hexameter	masculine penthemimeral, trithemimeral
ἐστὶ φίλα, ποθίει δὲ πολὺ πλέον ἁ μεγάλα μ᾽ἅλς.	-u u- uu- u u- uu - uu- -	dactylic hexameter	masculine penthemimeral, hepthemimeral, trithemimeral
ἀλλ᾽ ὅταν ἀχήσῃ πολιὸς βυθός, ἁ δὲ θάλασσα	- uu --- uu- uu - u u--	dactylic hexameter	masculine penthemimeral, hepthemimeral
κυρτὸν ἐπαφρίζῃ, τὰ δὲ κύματα μακρὰ μεμήνῃ,	-u u--- u u -uu -u u--	dactylic hexameter	masculine penthemimeral
ἐς χθόνα παπταίνω καὶ δένδρεα, τὰν δ᾽ἅλα φεύγω,	- uu --- - -uu - uu --	dactylic hexameter	masculine penthemimeral
γᾶ δέ μοι ἀσπαστά, χἀ δάσκιος εὔαδεν ὕλα,	- u u --- - -uu -uu --	dactylic hexameter	masculine penthemimeral
ἔνθα καὶ ἢν πνεύσῃ πολὺς ὥνεμος, ἁ πίτυς ᾄδει.	-u u - -- uu -uu - uu --	dactylic hexameter	masculine penthemimeral, trithemimeral
ἦ κακὸν ὁ γριπεὺς ζώει βίον, ᾧ δόμος ἁ ναῦς,	- uu - -- -- uu - uu - -	dactylic hexameter	masculine penthemimeral, hepthemimeral, trithemimeral
καὶ πόνος ἐστὶ θάλασσα, καὶ ἰχθύες ἁ πλάνος ἄγρα.	- uu -u u-u u -uu - uu --	dactylic hexameter	feminine penthemimeral
αὐτὰρ ἐμοὶ γλυκὺς ὕπνος ὑπὸ πλατάνῳ βαθυφύλλῳ,	-u u- uu -u u- uu- uu--	dactylic hexameter	feminine penthemimeral, hepthemimeral, trithemimeral
καὶ παγᾶς φιλέοιμι τὸν ἐγγύθεν ἆχον ἀκούειν,	- -- uu-u u -uu -u u--	dactylic hexameter	feminine penthemimeral, trithemimeral
ἃ τέρπει ψοφέοισα τὸν ἀγρικόν, οὐχὶ ταράσσει.	- -- uu-u u -uu -u u--	dactylic hexameter	feminine penthemimeral, trithemimeral
Ἤρατο Πὰν Ἀχῶς τᾶς γείτονος, ἤρατο δ᾽ Ἀχὼ	-uu - -- - -uu -uu --	dactylic hexameter	masculine penthemimeral, trithemimeral
σκιρτατᾶ Σατύρω, Σάτυρος δ᾽ἐπεμήνατο Λύδᾳ.	--- uu- uu- uu-uu --	dactylic hexameter	masculine penthemimeral, hepthemimeral, trithemimeral
ὡς Ἀχὼ τὸν Πᾶνα, τόσον Σάτυρος φλέγεν Ἀχώ,	- -- - -u u- uu- uu --	dactylic hexameter	feminine penthemimeral, hepthemimeral, trithemimeral
καὶ Λύδα Σατυρίσκον· Ἔρως δ᾽ἐσμύχετ᾽ ἀμοιβᾷ.	- uu ---u u- --u u--	dactylic hexameter	feminine penthemimeral, hepthemimeral
ὅσσον γὰρ τήνων τις ἐμίσεε τὸν φιλέοντα,	-- - -- u u-uu - uu--	dactylic hexameter	masculine penthemimeral, trithemimeral
τόσσον ὁμῶς φιλέων ἠχθαίρετο, πάσχε δ᾽ἃ ποίει.	-u u- uu- --uu -u u --	dactylic hexameter	masculine penthemimeral, trithemimeral
ταῦτα λέγω πᾶσιν τὰ διδάγματα τοῖς ἀνεράστοις·	-u u- -- u u-uu - uu--	dactylic hexameter	masculine penthemimeral, trithemimeral
στέργετε τὼς φιλέοντας, ἵν᾽ ἢν φιλέητε φιλῆσθε.	-uu - uu-u u - uu-u u--	dactylic hexameter	feminine penthemimeral, hepthemimeral, trithemimeral
Ἀλφειὸς μετὰ Πῖσαν ἐπὴν κατὰ πόντον ὁδεύῃ,	--- uu -u u- uu -u u--	dactylic hexameter	feminine penthemimeral, hepthemimeral, trithemimeral
ἔρχεται εἰς Ἀρέθοισαν ἄγων κοτινηφόρον ὕδωρ,	-uu - uu-u u- uu-uu --	dactylic hexameter	feminine penthemimeral, hepthemimeral, trithemimeral
ἕδνα φέρων καλὰ φύλλα καὶ ἄνθεα καὶ κόνιν ἱράν,	-u u- uu -u u -uu - uu --	dactylic hexameter	feminine penthemimeral, trithemimeral
καὶ βαθὺς ἐμβαίνει τοῖς κύμασι, τὰν δὲ θάλασσαν	- uu --- - -uu - u u--	dactylic hexameter	masculine penthemimeral
νέρθεν ὑποτροχάει, κοὐ μίγνυται ὕδασιν ὕδωρ,	-u u-uu- - -uu -uu --	dactylic hexameter	masculine penthemimeral
ἁ δ᾽οὐκ οἶδε θάλασσα διερχομένω ποταμοῖο.	- - -u u-u u-uu- uu--	dactylic hexameter	feminine penthemimeral
κῶρος λινοθέτας κακομάχανος αἰνὰ διδάσκων	-- -uu- uu-uu -u u--	dactylic hexameter	masculine penthemimeral
καὶ ποταμὸν διὰ φίλτρον Ἔρως ἐδίδαξε κολυμβῆν.	- uu- uu -u u- uu-u u--	dactylic hexameter	feminine penthemimeral, hepthemimeral, trithemimeral
Λαμπάδα θεὶς καὶ τόξα βοηλάτιν εἵλετο ῥάβδον	-uu - - -u u-uu -uu --	dactylic hexameter	feminine penthemimeral, trithemimeral
οὖλος Ἔρως, πήρην δ᾽εἶχε κατωμαδίην,	-u u- -- -u u-uu-	dactylic pentameter	
καὶ ζεύξας ταλαεργὸν ὑπὸ ζυγὸν αὐχένα ταύρων	- -- uu-u u- uu -uu --	dactylic hexameter	feminine penthemimeral, hepthemimeral, trithemimeral
ἔσπειρεν Δηοῦς αὔλακα πυροφόρον.	--- -- -uu -uu-	dactylic pentameter	
εἶπε δ᾽ἄνω βλέψας αὐτῷ Διί· "πλῆσον ἀρούρας,	-u u- -- -- uu -u u--	dactylic hexameter	masculine penthemimeral, hepthemimeral, trithemimeral
μή σε τὸν Εὐρώπης βοῦν ὑπ᾽ ἄροτρα βάλω."	- u u --- - u u-u u-	dactylic pentameter	
