Τάδε μὲν Περσῶν τῶν οἰχομένων	uu - -- - -uu-	anapaestic	
Ἑλλάδʼ ἐς αἶαν πιστὰ καλεῖται,	-u u -- -u u--	anapaestic	
καὶ τῶν ἀφνεῶν καὶ πολυχρύσων	- - uu- - uu--	anapaestic	
ἑδράνων φύλακες, κατὰ πρεσβείαν	uu- uu- uu ---	anapaestic	
οὓς αὐτὸς ἄναξ Ξέρξης βασιλεὺς	- -u u- -- uu-	anapaestic	
Δαρειογενὴς	--uu-	anapaestic	
εἵλετο χώρας ἐφορεύειν.	-uu -- uu--	lyric	
ἀμφὶ δὲ νόστῳ τῷ βασιλείῳ	-u u -- - uu--	anapaestic	
καὶ πολυχρύσου στρατιᾶς ἤδη	- uu-- uu- --	anapaestic	
κακόμαντις ἄγαν ὀρσολοπεῖται	uu-u u- -uu--	anapaestic	
θυμὸς ἔσωθεν.	-u u--	anapaestic	
πᾶσα γὰρ ἰσχὺς Ἀσιατογενὴς	-u u -- uu-uu-	anapaestic	
ᾤχωκε, νέον δʼ ἄνδρα βαΰζει,	--u u- -u u--	anapaestic	
κοὔτε τις ἄγγελος οὔτε τις ἱππεὺς	-u u -uu -u u --	anapaestic	
ἄστυ τὸ Περσῶν ἀφικνεῖται·	-u u -- uu--	lyric	
οἵτε τὸ Σούσων ἠδʼ Ἀγβατάνων	-u u -- - -uu-	anapaestic	
καὶ τὸ παλαιὸν Κίσσιον ἕρκος	- u u-- -uu --	anapaestic	
προλιπόντες ἔβαν, τοὶ μὲν ἐφʼ ἵππων.	uu-u u- - u u --	anapaestic	
τοὶ δʼ ἐπὶ ναῶν, πεζοί τε βάδην	- uu -- -- u u-	anapaestic	
πολέμου στῖφος παρέχοντες·	uu- -- uu--	lyric	
οἷος Ἀμίστρης ἠδʼ Ἀρταφρένης	-u u-- - -uu-	anapaestic	
καὶ Μεγαβάτης ἠδʼ Ἀστάσπης,	- uu-- - ---	anapaestic	
ταγοὶ Περσῶν,	-- --	anapaestic	
βασιλῆς βασιλέως ὕποχοι μεγάλου,	uu- uu- uu- uu-	anapaestic	
σοῦνται, στρατιᾶς πολλῆς ἔφοροι,	-- uu- -- uu-	anapaestic	
τοξοδάμαντές τʼ ἠδʼ ἱπποβάται,	-uu-- - -uu-	anapaestic	
φοβεροὶ μὲν ἰδεῖν, δεινοὶ δὲ μάχην	uu- u u- -- u u-	anapaestic	
ψυχῆς εὐτλήμονι δόξῃ·	-- --uu --	lyric	
Ἀρτεμβάρης θʼ ἱππιοχάρμης	---- -uu--	anapaestic	
καὶ Μασίστρης, ὅ τε τοξοδάμας	- --- u u -uu-	anapaestic	
ἐσθλὸς Ἰμαῖος, Φαρανδάκης θʼ,	-u u-- ----	anapaestic	
ἵππων τʼ ἐλατὴρ Σοσθάνης.	-- uu- ---	lyric	
ἄλλους δʼ ὁ μέγας καὶ πολυθρέμμων	-- u u- - uu--	anapaestic	
Νεῖλος ἔπεμψεν· Σουσισκάνης,	-u u-- ----	anapaestic	
Πηγασταγὼν Αἰγυπτογενής,	---- --uu-	anapaestic	
ὅ τε τῆς ἱερᾶς Μέμφιδος ἄρχων	u u - uu- -uu --	anapaestic	
μέγας Ἀρσάμης, τάς τʼ ὠγυγίους	uu --- - -uu-	anapaestic	
Θήβας ἐφέπων Ἀριόμαρδος,	-- uu- -uu--	anapaestic	
καὶ ἑλειοβάται ναῶν ἐρέται	u u-uu- -- uu-	anapaestic	
δεινοὶ πλῆθός τʼ ἀνάριθμοι.	-- -- uu--	lyric	
ἁβροδιαίτων δʼ ἕπεται Λυδῶν	-uu-- uu- --	anapaestic	
ὄχλος, οἵ τʼ ἐπίπαν ἠπειρογενὲς	uu - uu- --uu-	anapaestic	
κατέχουσιν ἔθνος, τοὺς Μητρογαθὴς	uu-u u- - -uu-	anapaestic	
Ἀρκτεύς τʼ ἀγαθός, βασιλῆς δίοποι,	-- uu- uu- uu-	anapaestic	
καὶ πολύχρυσοι Σάρδεις ἐπόχους	- uu-- -- uu-	anapaestic	
πολλοῖς ἅρμασιν ἐξορμῶσιν,	-- -uu ----	anapaestic	
δίρρυμά τε καὶ τρίρρυμα τέλη,	--u u - --u u-	anapaestic	
φοβερὰν ὄψιν προσιδέσθαι.	uu- -- uu--	lyric	
στεῦται δʼ ἱεροῦ Τμώλου πελάται	-- uu- -- uu-	anapaestic	
ζυγὸν ἀμφιβαλεῖν δούλιον Ἑλλάδι,	uu -uu- -uu -uu	anapaestic	
Μάρδων, Θάρυβις, λόγχης ἄκμονες,	-- uu- -- uu-	anapaestic	
καὶ ἀκοντισταὶ Μυσοί· Βαβυλὼν δʼ	u u--- -- uu-	anapaestic	
ἡ πολύχρυσος πάμμικτον ὄχλον	- uu-- --u u-	anapaestic	
πέμπει σύρδην, ναῶν τʼ ἐπόχους	-- -- -- uu-	anapaestic	
καὶ τοξουλκῷ λήματι πιστούς·	- --- -uu --	anapaestic	
τὸ μαχαιροφόρον τʼ ἔθνος ἐκ πάσης	u u-uu- uu - --	anapaestic	
Ἀσίας ἕπεται	uu- uu-	anapaestic	
δειναῖς βασιλέως ὑπὸ πομπαῖς.	-- uu- uu --	lyric	
τοιόνδʼ ἄνθος Περσίδος αἴας	-- -- -uu --	anapaestic	
οἴχεται ἀνδρῶν,	-uu --	anapaestic	
οὓς πέρι πᾶσα χθὼν Ἀσιῆτις	- uu -- - uu--	anapaestic	
θρέψασα πόθῳ στένεται μαλερῷ,	--u u- uu- uu-	anapaestic	
τοκέες τʼ ἄλοχοί θʼ ἡμερολεγδὸν	uu- uu- -uu--	anapaestic	
τείνοντα χρόνον τρομέονται.	--u u- uu--	lyric	
πεπέρακεν μὲν ὁ περσέπτολις ἤδη	uu-- u u --uu --	lyric	
βασίλειος στρατὸς εἰς ἀν-	uu-- uu - -	lyric	
τίπορον γείτονα χώραν,	uu- -uu --	lyric	
λινοδέσμῳ σχεδίᾳ πορθ-	uu-- uu- -	lyric	
μὸν ἀμείψας	u u--	lyric	
Ἀθαμαντίδος Ἕλλας,	uu-uu --	lyric	
πολύγομφον ὅδισμα	uu-u u--	lyric	
ζυγὸν ἀμφιβαλὼν αὐχένι πόντου.	uu -uu- -uu --	anapaestic	
πολυάνδρου δʼ Ἀσίας θούριος ἄρχων	uu-- uu- -uu --	lyric	
ἐπὶ πᾶσαν χθόνα ποιμα-	uu -- uu --	lyric	
νόριον θεῖον ἐλαύνει	uu- -u u--	lyric	
διχόθεν, πεζονόμον τʼ ἔκ	uu- -uu- -	lyric	
τε θαλάσσας,	u u--	lyric	
ἐχυροῖσι πεποιθὼς	uu-u u--	lyric	
στυφελοῖς ἐφέταις, χρυ-	uu- uu- -	lyric	
σογόνου γενεᾶς ἰσόθεος φώς.	uu- uu- -uu- -	anapaestic	
κυάνεον δʼ ὄμμασι λεύσσων	uu- -uu --	lyric	
φονίου δέργμα δράκοντος,	uu- -u u--	lyric	
πολύχειρ καὶ πολυναύτας,	uu- - uu--	lyric	
Σύριόν θʼ ἅρμα διώκων,	uu- -u u--	lyric	
ἐπάγει δουρικλύτοις ἀν-	uu- -uu- -	lyric	
δράσι τοξόδαμνον Ἄρη.	uu -u-u --	lyric	
δόκιμος δʼ οὔτις ὑποστὰς	uu- -u u--	lyric	
μεγάλῳ ῥεύματι φωτῶν	uu- -uu --	lyric	
ἐχυροῖς ἕρκεσιν εἴργειν	uu- -uu --	lyric	
ἄμαχον κῦμα θαλάσσας·	uu- -u u--	lyric	
ἀπρόσοιστος γὰρ ὁ Περσᾶν	uu-- u u --	lyric	
στρατὸς ἀλκίφρων τε λαός.	uu -u- u --	lyric	
θεόθεν γὰρ κατὰ Μοῖρʼ ἐκράτησεν	uu- - uu - uu--	anapaestic	
τὸ παλαιόν, ἐπέσκηψε δὲ Πέρσαις	u u-u u--u u --	anapaestic	
πολέμους πυργοδαΐκτους	uu- -uu--	lyric	
διέπειν ἱππιοχάρμας τε κλόνους	uu- -uu-- u u-	anapaestic	
πόλεών τʼ ἀναστάσεις.	uu- u-u-	lyric	
ἔμαθον δʼ εὐρυπόροιο θαλάσσας	uu- -uu-u u--	anapaestic	
πολιαινομένας πνεύματι λάβρῳ	uu-uu- -uu --	anapaestic	
ἐσορᾶν πόντιον ἄλσος,	uu- -uu --	lyric	
πίσυνοι λεπτοδόμοις πείσμασι λα-	uu- -uu- -uu -	anapaestic	
οπόροις τε μαχαναῖς.	uu- u -u-	lyric	
δολόμητιν δʼ ἀπάταν θεοῦ	uu-- uu- -	lyric	
τίς ἀνὴρ θνατὸς ἀλύξει;	u u- -u u--	lyric	
τίς ὁ κραιπνῷ ποδὶ πήδη-	u u -- uu --	lyric	
μα τόδʼ εὐπετῶς ἀνᾴσσων;	u u -u- u--	lyric	
φιλόφρων γὰρ παρασαίνει	uu- - uu--	lyric	
βροτὸν εἰς ἄρκυας Ἄτα,	uu - -uu --	lyric	
τόθεν οὐκ ἔστιν ὕπερθέν	uu - -u u--	lyric	
νιν ἄνατον ἐξαλύξαι.	u u-u -u--	lyric	
ταῦτά μοι μελαγχίτων	-u - u-u-	lyric	
φρὴν ἀμύσσεται φόβῳ,	- u-u- u-	lyric	
ὀᾶ,	u-	lyric	
Περσικοῦ στρατεύματος	-u- u-u-	lyric	
τοῦδε, μὴ πόλις πύθη-	-u - u- u-	lyric	
ται κένανδρον μέγʼ ἄστυ Σουσίδος,	- u-- u -u -u-	lyric	
καὶ τὸ Κισσίων πόλισμʼ	- u -u- u-	lyric	
ἀντίδουπον ᾄσεται,	-u-u -u-	lyric	
ὀᾶ,	u-	lyric	
τοῦτʼ ἔπος γυναικοπλη-	- u- u-u-	lyric	
θὴς ὅμιλος ἀπύων,	- u-u -u-	lyric	
βυσσίνοις δʼ ἐν πέπλοις πέσῃ λακίς.	-u- - u- u- u-	lyric	
πᾶς γὰρ ἱππηλάτας	- u --u-	lyric	
καὶ πεδοστιβὴς λεὼς	- u-u- u-	lyric	
σμῆνος ὣς ἐκλέλοιπεν μελισ-	-u - -u-- u-	lyric	
σᾶν σὺν ὀρχάμῳ στρατοῦ,	- u -u- u-	lyric	
τὸν ἀμφίζευκτον ἐξαμείψας	u ---u -u--	lyric	
ἀμφοτέρας ἅλιον	-uu- uu-	lyric	
πρῶνα κοινὸν αἴας.	-u -u --	lyric	
λέκτρα δʼ ἀνδρῶν πόθῳ	-u -- u-	lyric	
πίμπλαται δακρύμασιν·	-u- u-u-	lyric	
Περσίδες δʼ ἁβροπενθεῖς ἑκά-	-u- -u-- u-	lyric	
στα πόθῳ φιλάνορι	- u- u-u-	lyric	
τὸν αἰχμάεντα θοῦρον εὐνα-	u ---u -u --	lyric	
τῆρʼ ἀποπεμψαμένα	- uu-uu-	lyric	
λείπεται μονόζυξ.	-u- u--	lyric	
ἀλλʼ ἄγε, Πέρσαι, τόδʼ ἐνεζόμενοι	- uu -- u u-uu-	anapaestic	
στέγος ἀρχαῖον,	uu ---	anapaestic	
φροντίδα κεδνὴν καὶ βαθύβουλον	-uu -- - uu--	anapaestic	
θώμεθα, χρεία δὲ προσήκει.	-uu -- u u--	lyric	
πῶς ἄρα πράσσει Ξέρξης βασιλεὺς	- uu -- -- uu-	anapaestic	
Δαρειογενής,	--uu-	anapaestic	
τὸ πατρωνύμιον γένος ἡμέτερον·	u u-uu- uu -uu-	anapaestic	
πότερον τόξου ῥῦμα τὸ νικῶν,	uu- -- -u u --	anapaestic	
ἢ δορικράνου	- uu--	anapaestic	
λόγχης ἰσχὺς κεκράτηκεν.	-- -- uu--	lyric	
ἀλλʼ ἥδε θεῶν ἴσον ὀφθαλμοῖς	- -u u- uu ---	anapaestic	
φάος ὁρμᾶται μήτηρ βασιλέως,	uu --- -- uu-	anapaestic	
βασίλεια δʼ ἐμή· προσπίτνω·	uu-u u- ---	lyric	
καὶ προσφθόγγοις δὲ χρεὼν αὐτὴν	- --- u u- --	anapaestic	
πάντας μύθοισι προσαυδᾶν.	-- --u u--	lyric	
ὦ βαθυζώνων ἄνασσα Περσίδων ὑπερτάτη,	- u--- u-u -u- u-u-	lyric	
μῆτερ ἡ Ξέρξου γεραιά, χαῖρε, Δαρείου γύναι·	-u - -- u-u -u --- u-	lyric	
θεοῦ μὲν εὐνάτειρα Περσῶν, θεοῦ δὲ καὶ μήτηρ ἔφυς,	- u ---u -- u- u - -- u-	lyric	
εἴ τι μὴ δαίμων παλαιὸς νῦν μεθέστηκε στρατῷ.	- u - -- u-- - u--- u-	lyric	
ταῦτα δὴ λιποῦσʼ ἱκάνω χρυσεοστόλμους δόμους	-u - u- u-- -u--- u-	lyric	
καὶ τὸ Δαρείου τε κἀμὸν κοινὸν εὐνατήριον.	- u --- u -- -u ---u-	lyric	
κἀμὲ καρδίαν ἀμύσσει φροντίς· ἐς δʼ ὑμᾶς ἐρῶ	-u -u- u-- -u - -- u-	lyric	
μῦθον οὐδαμῶς ἐμαυτῆς οὖσʼ ἀδείμαντος, φίλοι,	-u -u- u-- - u--- u-	lyric	
μὴ μέγας πλοῦτος κονίσας οὖδας ἀντρέψῃ ποδὶ	- u- -- u-u -u --- u-	lyric	
ὄλβον, ὃν Δαρεῖος ἦρεν οὐκ ἄνευ θεῶν τινος.	-u - --u -u - u- u- u-	lyric	
ταῦτά μοι διπλῆ μέριμνα φραστός ἐστιν ἐν φρεσίν,	-u - u- u-u -u -u - u-	lyric	
μήτε χρημάτων ἀνάνδρων πλῆθος ἐν τιμῇ σέβειν	-u -u- u-- -u - -- u-	lyric	
μήτʼ ἀχρημάτοισι λάμπειν φῶς ὅσον σθένος πάρα.	- u-u-u -- - u- u- u-	lyric	
ἔστι γὰρ πλοῦτός γʼ ἀμεμφής, ἀμφὶ δʼ ὀφθαλμῷ φόβος·	-u - -- u-- -u --- u-	lyric	
ὄμμα γὰρ δόμων νομίζω δεσπότου παρουσίαν.	-u - u- u-- -u- u-u-	lyric	
πρὸς τάδʼ ὡς οὕτως ἐχόντων τῶνδε, σύμβουλοι λόγου	- u - -- u-- -u --- u-	lyric	
τοῦδέ μοι γένεσθε, Πέρσαι, γηραλέα πιστώματα·	-u - u-u -- -u- --u-	lyric	
πάντα γὰρ τὰ κέδνʼ ἐν ὑμῖν ἐστί μοι βουλεύματα.	-u - u - u -- -u - --u-	lyric	
εὖ τόδʼ ἴσθι, γῆς ἄνασσα τῆσδε, μή σε δὶς φράσαι	- u -u - u-u -u - u - u-	lyric	
μήτʼ ἔπος μήτʼ ἔργον ὧν ἂν δύναμις ἡγεῖσθαι θέλῃ·	- u- - -u - - uuu --- u-	lyric	
εὐμενεῖς γὰρ ὄντας ἡμᾶς τῶνδε συμβούλους καλεῖς.	-u- u -u -- -u --- u-	lyric	
πολλοῖς μὲν αἰεὶ νυκτέροις ὀνείρασιν	-- u -- -u- u-u-	iambic trimeter (tragic)	
ξύνειμʼ, ἀφʼ οὗπερ παῖς ἐμὸς στείλας στρατὸν	u- u -- - u- -- u-	iambic trimeter (tragic)	
Ἰαόνων γῆν οἴχεται πέρσαι θέλων·	u-u- - -u- -- u-	iambic trimeter (tragic)	
ἀλλʼ οὔτι πω τοιόνδʼ ἐναργὲς εἰδόμην	- -u - -- u-u -u-	iambic trimeter (tragic)	
ὡς τῆς πάροιθεν εὐφρόνης· λέξω δέ σοι.	- - u-u -u- -- u -	iambic trimeter (tragic)	
ἐδοξάτην μοι δύο γυναῖκʼ εὐείμονε,	u-u- - uu u- --u-	lyric	
ἡ μὲν πέπλοισι Περσικοῖς ἠσκημένη,	- - u-u -u- --u-	iambic trimeter (tragic)	
ἡ δʼ αὖτε Δωρικοῖσιν, εἰς ὄψιν μολεῖν,	- -u -u-u - -- u-	iambic trimeter (tragic)	
μεγέθει τε τῶν νῦν ἐκπρεπεστάτα πολύ,	uu- u - - -u-u- u-	iambic trimeter (tragic)	
κάλλει τʼ ἀμώμω, καὶ κασιγνήτα γένους	-- u-- - u--- u-	iambic trimeter (tragic)	
ταὐτοῦ· πάτραν δʼ ἔναιον ἡ μὲν Ἑλλάδα	-- u- u-u - u -u-	iambic trimeter (tragic)	
κλήρῳ λαχοῦσα γαῖαν, ἡ δὲ βάρβαρον.	-- u-u -u - u -u-	iambic trimeter (tragic)	
τούτω στάσιν τινʼ, ὡς ἐγὼ ʼδόκουν ὁρᾶν,	-- u- u - u- u- u-	iambic trimeter (tragic)	
τεύχειν ἐν ἀλλήλαισι· παῖς δʼ ἐμὸς μαθὼν	-- u ---u - u- u-	iambic trimeter (tragic)	
κατεῖχε κἀπράυνεν, ἅρμασιν δʼ ὕπο	u-u -u-u -u- u-	iambic trimeter (tragic)	
ζεύγνυσιν αὐτὼ καὶ λέπαδνʼ ἐπʼ αὐχένων	--u -- - u- u -u-	iambic trimeter (tragic)	
τίθησι. χἠ μὲν τῇδʼ ἐπυργοῦτο στολῇ	u-u - - - u--- u-	iambic trimeter (tragic)	
ἐν ἡνίαισί τʼ εἶχεν εὔαρκτον στόμα,	u -u-u -u --- u-	iambic trimeter (tragic)	
ἡ δʼ ἐσφάδαζε, καὶ χεροῖν ἔντη δίφρου	- -u-u - u- -- u-	iambic trimeter (tragic)	
διασπαράσσει καὶ ξυναρπάζει βίᾳ	u-u-- - u--- u-	iambic trimeter (tragic)	
ἄνευ χαλινῶν καὶ ζυγὸν θραύει μέσον.	u- u-- - u- -- u-	iambic trimeter (tragic)	
πίπτει δʼ ἐμὸς παῖς, καὶ πατὴρ παρίσταται	-- u- - - u- u-u-	iambic trimeter (tragic)	
Δαρεῖος οἰκτείρων σφε· τὸν δʼ ὅπως ὁρᾷ	--u --- u - u- u-	iambic trimeter (tragic)	
Ξέρξης, πέπλους ῥήγνυσιν ἀμφὶ σώματι.	-- u- --u -u -u-	iambic trimeter (tragic)	
καὶ ταῦτα μὲν δὴ νυκτὸς εἰσιδεῖν λέγω.	- -u - - -u -u- u-	iambic trimeter (tragic)	
ἐπεὶ δʼ ἀνέστην καὶ χεροῖν καλλιρρόου	u- u-- - u- --u-	iambic trimeter (tragic)	
ἔψαυσα πηγῆς, σὺν θυηπόλῳ χερὶ	--u -- - u-u- u-	iambic trimeter (tragic)	
βωμὸν προσέστην, ἀποτρόποισι δαίμοσιν	-- u-- uuu-u -u-	lyric	
θέλουσα θῦσαι πέλανον, ὧν τέλη τάδε.	u-u -- uuu - u- u-	lyric	
ὁρῶ δὲ φεύγοντʼ αἰετὸν πρὸς ἐσχάραν	u- u -- -u- u -u-	iambic trimeter (tragic)	
Φοίβου· φόβῳ δʼ ἄφθογγος ἐστάθην, φίλοι·	-- u- --u -u- u-	iambic trimeter (tragic)	
μεθύστερον δὲ κίρκον εἰσορῶ δρόμῳ	u-u- u -u -u- u-	iambic trimeter (tragic)	
πτεροῖς ἐφορμαίνοντα καὶ χηλαῖς κάρα	u- u---u - -- u-	iambic trimeter (tragic)	
τίλλονθʼ· ὁ δʼ οὐδὲν ἄλλο γʼ ἢ πτήξας δέμας	-- u -u -u - -- u-	iambic trimeter (tragic)	
παρεῖχε. ταῦτʼ ἔμοιγε δείματʼ εἰσιδεῖν,	u-u - u-u -u -u-	iambic trimeter (tragic)	
ὑμῖν δʼ ἀκούειν. εὖ γὰρ ἴστε, παῖς ἐμὸς	-- u-- - u -u - u-	iambic trimeter (tragic)	
πράξας μὲν εὖ θαυμαστὸς ἂν γένοιτʼ ἀνήρ,	-- u - --u - u- u-	iambic trimeter (tragic)	
κακῶς δὲ πράξας, οὐχ ὑπεύθυνος πόλει,	u- u -u - u--- u-	iambic trimeter (tragic)	
σωθεὶς δʼ ὁμοίως τῆσδε κοιρανεῖ χθονός.	-- u-- -u -u- u-	iambic trimeter (tragic)	
οὔ σε βουλόμεσθα, μῆτερ, οὔτʼ ἄγαν φοβεῖν λόγοις	- u -u-u -u - u- u- u-	lyric	
οὔτε θαρσύνειν. θεοὺς δὲ προστροπαῖς ἱκνουμένη,	-u -u- u- u -u- u-u-	lyric	
εἴ τι φλαῦρον εἶδες, αἰτοῦ τῶνδʼ ἀποτροπὴν τελεῖν,	- u -u -u -- - u-u- u-	lyric	
τὰ δʼ ἀγάθʼ ἐκτελῆ γενέσθαι σοί τε καὶ τέκνοις σέθεν	u uu -u- u-- - u - u- u-	lyric	
καὶ πόλει φίλοις τε πᾶσι. δεύτερον δὲ χρὴ χοὰς	- u- u- u -u -u- u - u-	lyric	
Γῇ τε καὶ φθιτοῖς χέασθαι· πρευμενῶς δʼ αἰτοῦ τάδε,	- u - u- u-- -u- -- u-	lyric	
σὸν πόσιν Δαρεῖον, ὅνπερ φὴς ἰδεῖν κατʼ εὐφρόνην,	- u- --u -- - u- u -u-	lyric	
ἐσθλά σοι πέμπειν τέκνῳ τε γῆς ἔνερθεν ἐς φάος,	-u - -- u- u - u-u - u-	lyric	
τἄμπαλιν δὲ τῶνδε γαίᾳ κάτοχα μαυροῦσθαι σκότῳ.	-u- u -u -- uuu --- u-	lyric	
ταῦτα θυμόμαντις ὤν σοι πρευμενῶς παρῄνεσα.	-u -u-u - - -u- u-u-	lyric	
εὖ δὲ πανταχῇ τελεῖν σοι τῶνδε κρίνομεν πέρι.	- u -u- u- - -u -u- u-	lyric	
ἀλλὰ μὴν εὔνους γʼ ὁ πρῶτος τῶνδʼ ἐνυπνίων κριτὴς	-u - -- u -- - u-u- u-	lyric	
παιδὶ καὶ δόμοις ἐμοῖσι τήνδʼ ἐκύρωσας φάτιν.	-u - u- u-u - u--- u-	lyric	
ἐκτελοῖτο δὴ τὰ χρηστά· ταῦτα δʼ, ὡς ἐφίεσαι,	-u-u - u -u -u - u-u-	lyric	
πάντα θήσομεν θεοῖσι τοῖς τʼ ἔνερθε γῆς φίλοις,	-u -u- u-u - u-u - u-	lyric	
εὖτʼ ἂν εἰς οἴκους μόλωμεν. κεῖνα δʼ ἐκμαθεῖν θέλω,	- u - -- u-- -u -u- u-	lyric	
ὦ φίλοι, ποῦ τὰς Ἀθήνας φασὶν ἱδρῦσθαι χθονός.	- u- - - u-- -u --- u-	lyric	
τῆλε πρὸς δυσμαῖς ἄνακτος Ἡλίου φθινασμάτων.	-u - -- u-u -u- --u-	lyric	
ἀλλὰ μὴν ἵμειρʼ ἐμὸς παῖς τήνδε θηρᾶσαι πόλιν;	-u - u- u- - -u --- u-	lyric	
πᾶσα γὰρ γένοιτʼ ἂν Ἑλλὰς βασιλέως ὑπήκοος.	-u - u- u -- uuu- u-u-	lyric	
ὧδέ τις πάρεστιν αὐτοῖς ἀνδροπλήθεια στρατοῦ;	-u - u-u -- -u--- u-	lyric	
καὶ στρατὸς τοιοῦτος, ἔρξας πολλὰ δὴ Μήδους κακά.	- u- --u -- -u - -- u-	lyric	
καὶ τί πρὸς τούτοισιν ἄλλο; πλοῦτος ἐξαρκὴς δόμοις;	- u - --u -u -u --- u-	lyric	
ἀργύρου πηγή τις αὐτοῖς ἐστι, θησαυρὸς χθονός.	-u- -- u -- -u --- u-	lyric	
πότερα γὰρ τοξουλκὸς αἰχμὴ διὰ χεροῖν αὐτοῖς πρέπει;	uuu - --u -- uu u- -- u-	lyric	
οὐδαμῶς· ἔγχη σταδαῖα καὶ φεράσπιδες σαγαί.	-u- -- u-u - u-u- u-	lyric	
τίς δὲ ποιμάνωρ ἔπεστι κἀπιδεσπόζει στρατῷ;	- u --- u-u -u--- u-	lyric	
οὔτινος δοῦλοι κέκληνται φωτὸς οὐδʼ ὑπήκοοι.	-u- -- u-- -u - u-u-	lyric	
πῶς ἂν οὖν μένοιεν ἄνδρας πολεμίους ἐπήλυδας;	- u - u-u -- uuu- u-u-	lyric	
ὥστε Δαρείου πολύν τε καὶ καλὸν φθεῖραι στρατόν.	-u --- u- u - u- -- u-	lyric	
δεινά τοι λέγεις ἰόντων τοῖς τεκοῦσι φροντίσαι.	-u - u- u-- - u-u -u-	lyric	
ἀλλʼ ἐμοὶ δοκεῖν τάχʼ εἴσῃ πάντα νημερτῆ λόγον.	- u- u- u -- -u --- u-	lyric	
τοῦδε γὰρ δράμημα φωτὸς Περσικὸν πρέπει μαθεῖν,	-u - u-u -- -u- u- u-	lyric	
καὶ φέρει σαφές τι πρᾶγος ἐσθλὸν ἢ κακὸν κλύειν.	- u- u- u -u -u - u- u-	lyric	
ὦ γῆς ἁπάσης Ἀσιάδος πολίσματα,	- - u-- uuu- u-u-	lyric	
ὦ Περσὶς αἶα καὶ πολὺς πλούτου λιμήν,	- -u -u - u- -- u-	iambic trimeter (tragic)	
ὡς ἐν μιᾷ πληγῇ κατέφθαρται πολὺς	- - u- -- u--- u-	iambic trimeter (tragic)	
ὄλβος, τὸ Περσῶν δʼ ἄνθος οἴχεται πεσόν.	-- u -- -u -u- u-	iambic trimeter (tragic)	
ὤμοι, κακὸν μὲν πρῶτον ἀγγέλλειν κακά·	-- u- - -u --- u-	iambic trimeter (tragic)	
ὅμως δʼ ἀνάγκη πᾶν ἀναπτύξαι πάθος,	-- u-- - u--- u-	iambic trimeter (tragic)	
Πέρσαι· στρατὸς γὰρ πᾶς ὄλωλε βαρβάρων.	-- u- - - u-u -u-	iambic trimeter (tragic)	
ἄνια ἄνια νεόκοτα καὶ	uuu uuu uuuu -	lyric	
δάιʼ ·. αἰαῖ, διαίνεσθε, Πέρ-	-u -- u--u -	lyric	
-σαι, τόδʼ ἄχος κλύοντες.	- u u- u--	lyric	
ὡς πάντα γʼ ἔστʼ ἐκεῖνα διαπεπραγμένα·	- -u - u-u uuu-u-	lyric	
αὐτὸς δʼ ἀέλπτως νόστιμον βλέπω φάος.	-- u-- -u- u- u-	iambic trimeter (tragic)	
ἦ μακροβίοτος ὅδε γέ τις αἰ-	- uuuuu uu u u -	lyric	
-ὼν ἐφάνθη γεραιοῖς, ἀκού-	- u-- u-- u-	lyric	
-ειν τόδε πῆμʼ ἄελπτον.	- uu - u--	lyric	
καὶ μὴν παρών γε κοὐ λόγους ἄλλων κλύων,	- - u- u - u- -- u-	iambic trimeter (tragic)	
Πέρσαι, φράσαιμʼ ἂν οἷʼ ἐπορσύνθη κακά.	-- u- u - u--- u-	iambic trimeter (tragic)	
ὀτοτοτοῖ, μάταν	uuu- u-	lyric	
τὰ πολλὰ βέλεα παμμιγῆ	u -u uuu -u-	lyric	
γᾶς ἀπʼ Ἀσίδος ἦλθʼ ἐπʼ αἶαν	- u -uu - u --	lyric	
Δίαν Ἑλλάδα χώραν.	-- -uu --	lyric	
πλήθουσι νεκρῶν δυσπότμως ἐφθαρμένων	--u -- -u- --u-	iambic trimeter (tragic)	
Σαλαμῖνος ἀκταὶ πᾶς τε πρόσχωρος τόπος.	uu-u -- - u --- u-	iambic trimeter (tragic)	
ὀτοτοτοῖ, φίλων	uuu- u-	lyric	
ἁλίδονα μέλεα πολυβαφῆ	uuuu uuu uuu-	lyric	
κατθανόντα λέγεις φέρεσθαι	-u-u u- u--	lyric	
πλαγκτοῖς ἐν διπλάκεσσιν.	-- - uu--	lyric	
οὐδὲν γὰρ ἤρκει τόξα, πᾶς δʼ ἀπώλλυτο	-- u -- -u - u-u-	iambic trimeter (tragic)	
στρατὸς δαμασθεὶς ναΐοισιν ἐμβολαῖς	u- u-- -u-u -u-	iambic trimeter (tragic)	
ἴυζʼ ἄποτμον βοὰν	u- u-- u-	lyric	
δυσαιανῆ Πέρσαις,	---- --	lyric	
ὡς πάνται παγκάκως	- -- -u-	lyric	
θεοὶ θέσαν· αἰαῖ στρατοῦ φθαρέντος.	- uu -- u- u--	lyric	
ὦ πλεῖστον ἔχθος ὄνομα Σαλαμῖνος κλύειν.	- -u -u uuu uu-- u-	lyric	
φεῦ, τῶν Ἀθηνῶν ὡς στένω μεμνημένος.	- - u-- - u- --u-	iambic trimeter (tragic)	
στυγναί γε δὴ δάιοις·	-- u - -u-	lyric	
μεμνῆσθαί τοι πάρα	--- - u-	lyric	
ὡς πολλοὺς σπερμάτων	- -- -u-	lyric	
εὔνιδας ἔκτισσαν ἠδʼ ἀνάνδρους.	-uu --u - u--	lyric	
σιγῶ πάλαι δύστηνος ἐκπεπληγμένη	u- u- --u -u-u-	iambic trimeter (tragic)	
κακοῖς· ὑπερβάλλει γὰρ ἥδε συμφορὰ	u- u--- u -u -u-	iambic trimeter (tragic)	
τὸ μήτε λέξαι μήτʼ ἐρωτῆσαι πάθη.	u -u -- - u--- u-	iambic trimeter (tragic)	
ὅμως δʼ ἀνάγκη πημονὰς βροτοῖς φέρειν	u- u-- -u- u- u-	iambic trimeter (tragic)	
θεῶν διδόντων· πᾶν δʼ ἀναπτύξας πάθος	u- u-- - u--- u-	iambic trimeter (tragic)	
λέξον καταστάς, κεἰ στένεις κακοῖς ὅμως.	-- u-- - u- u- u-	iambic trimeter (tragic)	
τίς οὐ τέθνηκε, τίνα δὲ καὶ πενθήσομεν	u - u-u uu u - --u-	lyric	
τῶν ἀρχελείων, ὅστʼ ἐπὶ σκηπτουχίᾳ	- -u-- - u- --u-	iambic trimeter (tragic)	
ταχθεὶς ἄνανδρον τάξιν ἠρήμου θανών;	-- u-- -u --- u-	iambic trimeter (tragic)	
Ξέρξης μὲν αὐτὸς ζῇ τε καὶ βλέπει φάος.	-- u -- - u - u- u-	iambic trimeter (tragic)	
ἐμοῖς μὲν εἶπας δώμασιν φάος μέγα	u- u -- -u- u- u-	iambic trimeter (tragic)	
καὶ λευκὸν ἦμαρ νυκτὸς ἐκ μελαγχίμου.	- -u -- -u - u-u-	iambic trimeter (tragic)	
Ἀρτεμβάρης δὲ μυρίας ἵππου βραβεὺς	--u- u -u- -- u-	iambic trimeter (tragic)	
στύφλους παρʼ ἀκτὰς θείνεται Σιληνιῶν.	u- u -- -u- --u-	iambic trimeter (tragic)	
χὠ χιλίαρχος Δαδάκης πληγῇ δορὸς	- -u-- -u- -- u-	iambic trimeter (tragic)	
πήδημα κοῦφον ἐκ νεὼς ἀφήλατο·	--u -u - u- u-u-	iambic trimeter (tragic)	
Τενάγων τʼ ἀριστεὺς Βακτρίων ἰθαιγενὴς	uu- u-- -u- u-u-	iambic trimeter (tragic)	
θαλασσόπληκτον νῆσον Αἴαντος πολεῖ.	u-u-- -u --- u-	iambic trimeter (tragic)	
Λίλαιος, Ἀρσάμης τε κ' Ἀργήστης τρίτος,	u-u -u- u --- u-	iambic trimeter (tragic)	
οἵδʼ ἀμφὶ νῆσον τὴν πελειοθρέμμονα	- -u -- - u-u-u-	iambic trimeter (tragic)	
δινούμενοι ʼκύρισσον ἰσχυρὰν χθόνα·	--u- u-u -u- u-	iambic trimeter (tragic)	
πηγαῖς τε Νείλου γειτονῶν Αἰγυπτίου	-- u -- -u- --u-	iambic trimeter (tragic)	
Ἀρκτεύς, Ἀδεύης, καὶ φερεσσάκης τρίτος	-- u-- - u-u- u-	iambic trimeter (tragic)	
Φαρνοῦχος, οἵδε ναὸς ἐκ μιᾶς πέσον.	--u -u -u - u- u-	iambic trimeter (tragic)	
Χρυσεὺς Μάταλλος μυριόνταρχος θανών,	-- u-- -u--- u-	iambic trimeter (tragic)	
ἵππου μελαίνης ἡγεμὼν τρισμυρίας,	-- u-- -u- --u-	iambic trimeter (tragic)	
πυρρὰν ζαπληθῆ δάσκιον γενειάδα	-- u-- -u- u-u-	iambic trimeter (tragic)	
ἔτεγγʼ, ἀμείβων χρῶτα πορφυρέᾳ βαφῇ.	u- u-- -u -uu- u-	iambic trimeter (tragic)	
καὶ Μᾶγος Ἄραβος, Ἀρτάβης τε Βάκτριος,	- -u uuu -u- u -u-	lyric	
σκληρᾶς μέτοικος γῆς, ἐκεῖ κατέφθιτο.	-- u-- - u- u-u-	iambic trimeter (tragic)	
Ἄμιστρις Ἀμφιστρεύς τε πολύπονον δόρυ	u-u --- u uuu- u-	lyric	
νωμῶν, ὅ τʼ ἐσθλὸς Ἀριόμαρδος Σάρδεσι	-- u -u uuu-- -u-	lyric	
πένθος παρασχών, Σεισάμης θʼ ὁ Μύσιος,	-- u-- -u- u -u-	iambic trimeter (tragic)	
Θάρυβίς τε πεντήκοντα πεντάκις νεῶν	uu- u ---u -u- u-	iambic trimeter (tragic)	
ταγός, γένος Λυρναῖος, εὐειδὴς ἀνήρ,	-- u- --u --- u-	iambic trimeter (tragic)	
κεῖται θανὼν δείλαιος οὐ μάλʼ εὐτυχῶς·	-- u- --u - u -u-	iambic trimeter (tragic)	
Συέννεσίς τε πρῶτος εἰς εὐψυχίαν,	u-u- u -u - --u-	iambic trimeter (tragic)	
Κιλίκων ἄπαρχος, εἷς ἀνὴρ πλεῖστον πόνον	uu- u-u - u- -- u-	iambic trimeter (tragic)	
ἐχθροῖς παρασχών εὐκλεῶς ἀπώλετο.	-- u-- -u- u-u-	iambic trimeter (tragic)	
τοσόνδε ταγῶν νῦν ὑπεμνήσθην πέρι.	u-u -- - u--- u-	iambic trimeter (tragic)	
πολλῶν παρόντων δʼ ὀλίγʼ ἀπαγγέλλω κακά.	-- u-- uu u--- u-	lyric	
αἰαῖ, κακῶν ὕψιστα δὴ κλύω τάδε,	-- u- --u - u- u-	iambic trimeter (tragic)	
αἴσχη τε Πέρσαις καὶ λιγέα κωκύματα.	-- u -- - uuu --u-	lyric	
ἀτὰρ φράσον μοι τοῦτʼ ἀναστρέψας πάλιν·	u- u- - - u--- u-	iambic trimeter (tragic)	
πόσον δὲ πλῆθος ἦν νεῶν Ἑλληνίδων,	u- u -u - u- --u-	iambic trimeter (tragic)	
ὥστʼ ἀξιῶσαι Περσικῷ στρατεύματι	- -u-- -u- u-u-	iambic trimeter (tragic)	
μάχην συνάψαι ναΐοισιν ἐμβολαῖς;	u- u-- -u-u -u-	iambic trimeter (tragic)	
πλήθους μὲν ἂν σάφʼ ἴσθʼ ἕκατι βάρβαρον	-- u - u - u-u -u-	iambic trimeter (tragic)	
ναυσὶν κρατῆσαι. καὶ γὰρ Ἕλλησιν μὲν ἦν	-- u-- - u --- u -	iambic trimeter (tragic)	
ὁ πᾶς ἀριθμὸς ἐς τριακάδας δέκα	u - u-u - u-u- u-	iambic trimeter (tragic)	
ναῶν, δεκὰς δʼ ἦν τῶνδε χωρὶς ἔκκριτος·	-- u- - -u -u -u-	iambic trimeter (tragic)	
Ξέρξῃ δέ, καὶ γὰρ οἶδα, χιλιὰς μὲν ἦν	-- u - u -u -u- u -	iambic trimeter (tragic)	
ὧν ἦγε πλῆθος, αἱ δʼ ὑπέρκοποι τάχει	- -u -u - u-u- u-	iambic trimeter (tragic)	
ἑκατὸν δὶς ἦσαν ἑπτάθʼ · ὧδʼ ἔχει λόγος.	uu- u -u -u - u- u-	iambic trimeter (tragic)	
μή σοι δοκοῦμεν τῇδε λειφθῆναι μάχῃ;	- - u-- -u --- u-	iambic trimeter (tragic)	
ἀλλʼ ὧδε δαίμων τις κατέφθειρε στρατόν,	- -u -- - u--- u-	iambic trimeter (tragic)	
τάλαντα βρίσας οὐκ ἰσορρόπῳ τύχῃ.	u-u -u - u-u- u-	iambic trimeter (tragic)	
θεοὶ πόλιν σῴζουσι Παλλάδος θεᾶς.	u- u- --u -u- u-	iambic trimeter (tragic)	
ἔτʼ ἆρʼ Ἀθηνῶν ἔστʼ ἀπόρθητος πόλις;	u - u-- - u--- u-	iambic trimeter (tragic)	
ἀνδρῶν γὰρ ὄντων ἕρκος ἐστὶν ἀσφαλές.	-- u -- -u -u -u-	iambic trimeter (tragic)	
ἀρχὴ δὲ ναυσὶ συμβολῆς τίς ἦν, φράσον·	-- u -u -u- u - u-	iambic trimeter (tragic)	
τίνες κατῆρξαν, πότερον Ἕλληνες, μάχης,	u- u-- uuu --- u-	lyric	
ἢ παῖς ἐμός, πλήθει καταυχήσας νεῶν;	- - u- -- u--- u-	iambic trimeter (tragic)	
ἦρξεν μέν, ὦ δέσποινα, τοῦ παντὸς κακοῦ	-- u - --u - -- u-	iambic trimeter (tragic)	
φανεὶς ἀλάστωρ ἢ κακὸς δαίμων ποθέν.	u- u-- - u- -- u-	iambic trimeter (tragic)	
ἀνὴρ γὰρ Ἕλλην ἐξ Ἀθηναίων στρατοῦ	u- u -- - u--- u-	iambic trimeter (tragic)	
ἐλθὼν ἔλεξε παιδὶ σῷ Ξέρξῃ τάδε,	-- u-u -u - -- u-	iambic trimeter (tragic)	
ὡς εἰ μελαίνης νυκτὸς ἵξεται κνέφας,	- - u-- -u -u- u-	iambic trimeter (tragic)	
Ἕλληνες οὐ μενοῖεν, ἀλλὰ σέλμασιν	--u - u-u -u -u-	iambic trimeter (tragic)	
ναῶν ἐπανθορόντες ἄλλος ἄλλοσε	-- u-u-u -u -u-	iambic trimeter (tragic)	
δρασμῷ κρυφαίῳ βίοτον ἐκσωσοίατο.	-- u-- uuu ---u-	lyric	
ὁ δʼ εὐθὺς ὡς ἤκουσεν, οὐ ξυνεὶς δόλον	u -u - --u - u- u-	iambic trimeter (tragic)	
Ἕλληνος ἀνδρὸς οὐδὲ τὸν θεῶν φθόνον,	--u -u -u - u- u-	iambic trimeter (tragic)	
πᾶσιν προφωνεῖ τόνδε ναυάρχοις λόγον,	-- u-- -u --- u-	iambic trimeter (tragic)	
εὖτʼ ἂν φλέγων ἀκτῖσιν ἥλιος χθόνα	- - u- --u -u- u-	iambic trimeter (tragic)	
λήξῃ, κνέφας δὲ τέμενος αἰθέρος λάβῃ,	-- u- u uuu -u- u-	lyric	
τάξαι νεῶν στῖφος μὲν ἐν στοίχοις τρισὶν	-- u- -- u - -- u-	iambic trimeter (tragic)	
ἔκπλους φυλάσσειν καὶ πόρους ἁλιρρόθους,	-- u-- - u- u-u-	iambic trimeter (tragic)	
ἄλλας δὲ κύκλῳ νῆσον Αἴαντος πέριξ·	-- u -- -u --- u-	iambic trimeter (tragic)	
ὡς εἰ μόρον φευξοίαθʼ Ἕλληνες κακόν,	- - u- --u --- u-	iambic trimeter (tragic)	
ναυσὶν κρυφαίως δρασμὸν εὑρόντες τινά,	-- u-- -u --- u-	iambic trimeter (tragic)	
πᾶσιν στέρεσθαι κρατὸς ἦν προκείμενον.	-- u-- -u - u-u-	iambic trimeter (tragic)	
τοσαῦτʼ ἔλεξε κάρθʼ ὑπʼ εὐθύμου φρενός·	u- u-u - u --- u-	iambic trimeter (tragic)	
οὐ γὰρ τὸ μέλλον ἐκ θεῶν ἠπίστατο.	- - u -u - u- --u-	iambic trimeter (tragic)	
οἱ δʼ οὐκ ἀκόσμως, ἀλλὰ πειθάρχῳ φρενὶ	- - u-- -u --- u-	iambic trimeter (tragic)	
δεῖπνόν τʼ ἐπορσύνοντο, ναυβάτης τʼ ἀνὴρ	-- u-u-u -u- u-	iambic trimeter (tragic)	
τροποῦτο κώπην σκαλμὸν ἀμφʼ εὐήρετμον.	u-u -- -u - --u-	iambic trimeter (tragic)	
ἐπεὶ δὲ φέγγος ἡλίου κατέφθιτο	u- u -u -u- u-u-	iambic trimeter (tragic)	
καὶ νὺξ ἐπῄει, πᾶς ἀνὴρ κώπης ἄναξ	- - u-- - u- -- u-	iambic trimeter (tragic)	
ἐς ναῦν ἐχώρει πᾶς θʼ ὅπλων ἐπιστάτης·	- - u-- - u- u-u-	iambic trimeter (tragic)	
τάξις δὲ τάξιν παρεκάλει νεὼς μακρᾶς·	-- u -- uuu- u- u-	lyric	
πλέουσι δʼ ὡς ἕκαστος ἦν τεταγμένος,	u-u - u-u - u-u-	iambic trimeter (tragic)	
καὶ πάννυχοι δὴ διάπλοον καθίστασαν	- -u- - uuu- u-u-	lyric	
ναῶν ἄνακτες πάντα ναυτικὸν λεών.	-- u-- -u -u- u-	iambic trimeter (tragic)	
καὶ νὺξ ἐχώρει, κοὐ μάλʼ Ἑλλήνων στρατὸς	- - u-- - u --- u-	iambic trimeter (tragic)	
κρυφαῖον ἔκπλουν οὐδαμῇ καθίστατο·	u-u -- -u- u-u-	iambic trimeter (tragic)	
ἐπεί γε μέντοι λευκόπωλος ἡμέρα	u- u -- -u-u -u-	iambic trimeter (tragic)	
πᾶσαν κατέσχε γαῖαν εὐφεγγὴς ἰδεῖν,	-- u-u -u --- u-	iambic trimeter (tragic)	
πρῶτον μὲν ἠχῇ κέλαδος Ἑλλήνων πάρα	-- u -- uuu --- u-	lyric	
μολπηδὸν ηὐφήμησεν, ὄρθιον δʼ ἅμα	--u ---u -u- u-	iambic trimeter (tragic)	
ἀντηλάλαξε νησιώτιδος πέτρας	--u-u -u-u- u-	iambic trimeter (tragic)	
ἠχώ· φόβος δὲ πᾶσι βαρβάροις παρῆν	-- u- u -u -u- u-	iambic trimeter (tragic)	
γνώμης ἀποσφαλεῖσιν· οὐ γὰρ ὡς φυγῇ	-- u-u-u - u - u-	iambic trimeter (tragic)	
παιᾶνʼ ἐφύμνουν σεμνὸν Ἕλληνες τότε,	-- u-- -u --- u-	iambic trimeter (tragic)	
ἀλλʼ ἐς μάχην ὁρμῶντες εὐψύχῳ θράσει·	- - u- --u --- u-	iambic trimeter (tragic)	
σάλπιγξ δʼ ἀϋτῇ πάντʼ ἐκεῖνʼ ἐπέφλεγεν.	-- u-- - u- u-u-	iambic trimeter (tragic)	
εὐθὺς δὲ κώπης ῥοθιάδος ξυνεμβολῇ	-- u -- uuu- u-u-	lyric	
ἔπαισαν ἅλμην βρύχιον ἐκ κελεύματος,	u-u -- uuu - u-u-	lyric	
θοῶς δὲ πάντες ἦσαν ἐκφανεῖς ἰδεῖν.	u- u -u -u -u- u-	iambic trimeter (tragic)	
τὸ δεξιὸν μὲν πρῶτον εὐτάκτως κέρας	u -u- - -u --- u-	iambic trimeter (tragic)	
ἡγεῖτο κόσμῳ, δεύτερον δʼ ὁ πᾶς στόλος	--u -- -u- u - u-	iambic trimeter (tragic)	
ἐπεξεχώρει, καὶ παρῆν ὁμοῦ κλύειν	u-u-- - u- u- u-	iambic trimeter (tragic)	
πολλὴν βοήν, ὦ παῖδες Ἑλλήνων ἴτε,	-- u- - -u --- u-	iambic trimeter (tragic)	
ἐλευθεροῦτε πατρίδʼ, ἐλευθεροῦτε δὲ	u-u-u uu u-u-u -	lyric	
παῖδας, γυναῖκας, θεῶν τέ πατρῴων ἕδη,	-- u-- - u --- u-	iambic trimeter (tragic)	
θήκας τε προγόνων· νῦν ὑπὲρ πάντων ἀγών.	-- u uu- - u- -- u-	lyric	
καὶ μὴν παρʼ ἡμῶν Περσίδος γλώσσης ῥόθος	- - u -- -u- -- u-	iambic trimeter (tragic)	
ὑπηντίαζε, κοὐκέτʼ ἦν μέλλειν ἀκμή.	u-u-u -u - -- u-	iambic trimeter (tragic)	
εὐθὺς δὲ ναῦς ἐν νηὶ χαλκήρη στόλον	-- u - - -u --- u-	iambic trimeter (tragic)	
ἔπαισεν· ἦρξε δʼ ἐμβολῆς Ἑλληνικὴ	u-u -u -u- --u-	iambic trimeter (tragic)	
ναῦς, κἀποθραύει πάντα Φοινίσσης νεὼς	- -u-- -u --- u-	iambic trimeter (tragic)	
κόρυμβʼ, ἐπʼ ἄλλην δʼ ἄλλος ηὔθυνεν δόρυ.	u- u -- -u --- u-	iambic trimeter (tragic)	
τὰ πρῶτα μέν νυν ῥεῦμα Περσικοῦ στρατοῦ	u -u - - -u -u- u-	iambic trimeter (tragic)	
ἀντεῖχεν· ὡς δὲ πλῆθος ἐν στενῷ νεῶν	--u - u -u - u- u-	iambic trimeter (tragic)	
ἤθροιστʼ ἀρωγὴ δʼ οὔτις ἀλλήλοις παρῆν,	-- u-- -u --- u-	iambic trimeter (tragic)	
αὐτοὶ δʼ ὑφʼ αὑτῶν ἐμβόλοις χαλκοστόμοις	-- u -- -u- --u-	iambic trimeter (tragic)	
παίοντʼ, ἔθραυον πάντα κωπήρη στόλον,	-- u-- -u --- u-	iambic trimeter (tragic)	
Ἑλληνικαί τε νῆες οὐκ ἀφρασμόνως	--u- u -u - u-u-	iambic trimeter (tragic)	
κύκλῳ πέριξ ἔθεινον, ὑπτιοῦτο δὲ	u- u- u-u -u-u -	iambic trimeter (tragic)	
σκάφη νεῶν, θάλασσα δʼ οὐκέτʼ ἦν ἰδεῖν,	u- u- u-u -u - u-	iambic trimeter (tragic)	
ναυαγίων πλήθουσα καὶ φόνου βροτῶν.	--u- --u - u- u-	iambic trimeter (tragic)	
ἀκταὶ δὲ νεκρῶν χοιράδες τʼ ἐπλήθυον,	-- u -- -u- u-u-	iambic trimeter (tragic)	
φυγῇ δʼ ἀκόσμῳ πᾶσα ναῦς ἠρέσσετο,	u- u-- -u - --u-	iambic trimeter (tragic)	
ὅσαιπερ ἦσαν βαρβάρου στρατεύματος.	u-u -- -u- u-u-	iambic trimeter (tragic)	
τοὶ δʼ ὥστε θύννους ἤ τινʼ ἰχθύων βόλον	- -u -- - u -u- u-	iambic trimeter (tragic)	
ἀγαῖσι κωπῶν θραύμασίν τʼ ἐρειπίων	u-u -- -u- u-u-	iambic trimeter (tragic)	
ἔπαιον, ἐρράχιζον· οἰμωγὴ δʼ ὁμοῦ	u-u -u-u --- u-	iambic trimeter (tragic)	
κωκύμασιν κατεῖχε πελαγίαν ἅλα,	--u- u-u uuu- u-	lyric	
ἕως κελαινῆς νυκτὸς ὄμμʼ ἀφείλετο.	u- u-- -u - u-u-	iambic trimeter (tragic)	
κακῶν δὲ πλῆθος, οὐδʼ ἂν εἰ δέκʼ ἤματα	u- u -u - u - u -u-	iambic trimeter (tragic)	
στοιχηγοροίην, οὐκ ἂν ἐκπλήσαιμί σοι.	--u-- - u ---u -	iambic trimeter (tragic)	
εὖ γὰρ τόδʼ ἴσθι, μηδάμʼ ἡμέρᾳ μιᾷ	- - u -u -u -u- u-	iambic trimeter (tragic)	
πλῆθος τοσουτάριθμον ἀνθρώπων θανεῖν.	-- u-u-u --- u-	iambic trimeter (tragic)	
αἰαῖ, κακῶν δὴ πέλαγος ἔρρωγεν μέγα	-- u- - uuu --- u-	lyric	
Πέρσαις τε καὶ πρόπαντι βαρβάρων γένει.	-- u - u-u -u- u-	iambic trimeter (tragic)	
εὖ νυν τόδʼ ἴσθι, μηδέπω μεσοῦν κακόν·	- - u -u -u- u- u-	iambic trimeter (tragic)	
τοιάδʼ ἐπʼ αὐτοῖς ἦλθε συμφορὰ πάθους	-- u -- -u -u- u-	iambic trimeter (tragic)	
ὡς τοῖσδε καὶ δὶς ἀντισηκῶσαι ῥοπῇ.	- -u - u -u--- u-	iambic trimeter (tragic)	
καὶ τίς γένοιτʼ ἂν τῆσδʼ ἔτʼ ἐχθίων τύχη;	- - u- - - u -u- u-	iambic trimeter (tragic)	
λέξον τίνʼ αὖ φὴς τήνδε συμφορὰν στρατῷ	-- u - - -u -u- u-	iambic trimeter (tragic)	
ἐλθεῖν κακῶν ῥέπουσαν ἐς τὰ μάσσονα.	-- u- u-u - u -u-	iambic trimeter (tragic)	
Περσῶν ὅσοιπερ ἦσαν ἀκμαῖοι φύσιν,	-- u-u -u --- u-	iambic trimeter (tragic)	
ψυχήν τʼ ἄριστοι κεὐγένειαν ἐκπρεπεῖς,	-- u-- -u-u -u-	iambic trimeter (tragic)	
αὐτῷ τʼ ἄνακτι πίστιν ἐν πρώτοις ἀεί,	-- u-u -u - -- u-	iambic trimeter (tragic)	
τεθνᾶσιν αἰσχρῶς δυσκλεεστάτῳ μόρῳ.	u-u -- -u-u- u-	iambic trimeter (tragic)	
οἲ ʼγὼ τάλαινα συμφορᾶς κακῆς, φίλοι.	- - u-u -u- u- u-	iambic trimeter (tragic)	
ποίῳ μόρῳ δὲ τούσδε φὴς ὀλωλέναι;	-- u- u -u - u-u-	iambic trimeter (tragic)	
νῆσός τις ἔστι πρόσθε Σαλαμῖνος τόπων,	-- u -u -u uu-- u-	lyric	
βαιά, δύσορμος ναυσίν, ἣν ὁ φιλόχορος	-- u-- -u - u uuu-	lyric	
Πὰν ἐμβατεύει, ποντίας ἀκτῆς ἔπι.	- -u-- -u- -- u-	iambic trimeter (tragic)	
ἐνταῦθα πέμπει τούσδʼ, ὅπως, ὅταν νεῶν	--u -- - u- u- u-	iambic trimeter (tragic)	
φθαρέντες ἐχθροὶ νῆσον ἐκσῳζοίατο,	u-u -- -u ---u-	iambic trimeter (tragic)	
κτείνοιεν εὐχείρωτον Ἑλλήνων στρατόν,	--u ---u --- u-	iambic trimeter (tragic)	
φίλους δʼ ὑπεκσῴζοιεν ἐναλίων πόρων,	u- u---u uuu- u-	lyric	
κακῶς τὸ μέλλον ἱστορῶν. ὡς γὰρ θεὸς	u- u -u -u- - - u-	iambic trimeter (tragic)	
ναῶν ἔδωκε κῦδος Ἕλλησιν μάχης,	-- u-u -u --- u-	iambic trimeter (tragic)	
αὐθημερὸν φράξαντες εὐχάλκοις δέμας	--u- --u --- u-	iambic trimeter (tragic)	
ὅπλοισι ναῶν ἐξέθρῳσκον· ἀμφὶ δὲ	u-u -- -u-u -u -	iambic trimeter (tragic)	
κυκλοῦντο πᾶσαν νῆσον, ὥστʼ ἀμηχανεῖν	u-u -- -u - u-u-	iambic trimeter (tragic)	
ὅποι τράποιντο. πολλὰ μὲν γὰρ ἐκ χερῶν	u- u-u -u - u - u-	iambic trimeter (tragic)	
πέτροισιν ἠράσσοντο, τοξικῆς τʼ ἄπο	u-u ---u -u- u-	iambic trimeter (tragic)	
θώμιγγος ἰοὶ προσπίτνοντές ὤλλυσαν·	--u -- -u-u -u-	iambic trimeter (tragic)	
τέλος δʼ ἐφορμηθέντες ἐξ ἑνὸς ῥόθου	u- u---u - u- u-	iambic trimeter (tragic)	
παίουσι, κρεοκοποῦσι δυστήνων μέλη,	--u uuu-u --- u-	lyric	
ἕως ἁπάντων ἐξαπέφθειραν βίον.	u- u-- -u--- u-	iambic trimeter (tragic)	
Ξέρξης δʼ ἀνῴμωξεν κακῶν ὁρῶν βάθος·	-- u--- u- u- u-	iambic trimeter (tragic)	
ἕδραν γὰρ εἶχε παντὸς εὐαγῆ στρατοῦ,	u- u -u -u --- u-	iambic trimeter (tragic)	
ὑψηλὸν ὄχθον ἄγχι πελαγίας ἁλός·	--u -u -u uuu- u-	lyric	
ῥήξας δὲ πέπλους κἀνακωκύσας λιγύ,	-- u -- -u--- u-	iambic trimeter (tragic)	
πεζῷ παραγγείλας ἄφαρ στρατεύματι,	-- u--- u- u-u-	iambic trimeter (tragic)	
ἵησʼ ἀκόσμῳ ξὺν φυγῇ. τοιάνδε σοι	u- u-- - u- --u -	iambic trimeter (tragic)	
πρὸς τῇ πάροιθε συμφορὰν πάρα στένειν.	- - u-u -u- u- u-	iambic trimeter (tragic)	
ὦ στυγνὲ δαῖμον, ὡς ἄρʼ ἔψευσας φρενῶν	- -u -u - u --- u-	iambic trimeter (tragic)	
Πέρσας· πικρὰν δὲ παῖς ἐμὸς τιμωρίαν	-- u- u - u- --u-	iambic trimeter (tragic)	
κλεινῶν Ἀθηνῶν ηὗρε, κοὐκ ἀπήρκεσαν	-- u-- -u - u-u-	iambic trimeter (tragic)	
οὓς πρόσθε Μαραθὼν βαρβάρων ἀπώλεσεν·	- -u uu- -u- u-u-	lyric	
ὧν ἀντίποινα παῖς ἐμὸς πράξειν δοκῶν	- -u-u - u- -- u-	iambic trimeter (tragic)	
τοσόνδε πλῆθος πημάτων ἐπέσπασεν.	u-u -- -u- u-u-	iambic trimeter (tragic)	
σὺ δʼ εἰπέ, ναῶν αἳ πεφεύγασιν μόρον,	u -u -- - u-u- u-	iambic trimeter (tragic)	
ποῦ τάσδʼ ἔλειπες· οἶσθα σημῆναι τορῶς;	- - u-u -u --- u-	iambic trimeter (tragic)	
ναῶν γε ταγοὶ τῶν λελειμμένων σύδην	-- u -- - u-u- u-	iambic trimeter (tragic)	
κατʼ οὖρον οὐκ εὔκοσμον αἴρονται φυγήν·	u -u - --u --- u-	iambic trimeter (tragic)	
στρατὸς δʼ ὁ λοιπὸς ἔν τε Βοιωτῶν χθονὶ	u- u -u - u --- u-	iambic trimeter (tragic)	
διώλλυθʼ, οἱ μὲν ἀμφὶ κρηναῖον γάνος	u-u - u -u --- u-	iambic trimeter (tragic)	
δίψῃ πονοῦντες, οἱ δʼ ὑπʼ ἄσθματος κενοὶ	-- u-u - u -u- u-	iambic trimeter (tragic)	
διεκπερῶμεν ἔς τε Φωκέων χθόνα	u-u-u - u -u- u-	iambic trimeter (tragic)	
καὶ Δωρίδʼ αἶαν, Μηλιᾶ τε κόλπον, οὗ	- -u -- -u- u -u -	iambic trimeter (tragic)	
Σπερχειὸς ἄρδει πεδίον εὐμενεῖ ποτῷ·	--u -- uuu -u- u-	lyric	
κἀντεῦθεν ἡμᾶς γῆς Ἀχαιίδος πέδον	--u -- - u-u- u-	iambic trimeter (tragic)	
καὶ Θεσσαλῶν πόλεις ὑπεσπανισμένους	- -u- u- u-u-u-	iambic trimeter (tragic)	
βορᾶς ἐδέξαντʼ· ἔνθα δὴ πλεῖστοι ʼθάνον	u- u-- -u - -- u-	iambic trimeter (tragic)	
δίψῃ τε λιμῷ τʼ ·ἀμφότερα γὰρ ἦν τάδε.	-- u -- -uuu u - u-	lyric	
Μαγνητικὴν δὲ γαῖαν ἔς τε Μακεδόνων	--u- u -u - u uuu-	lyric	
χώραν ἀφικόμεσθʼ, ἐπʼ Ἀξίου πόρον,	-- u-u- u -u- u-	iambic trimeter (tragic)	
Βόλβης θʼ ἕλειον δόνακα, Πάγγαιόν τʼ ὄρος,	-- u-- uuu --- u-	lyric	
Ἠδωνίδʼ αἶαν· νυκτὶ δʼ ἐν ταύτῃ θεὸς	--u -- -u - -- u-	iambic trimeter (tragic)	
χειμῶνʼ ἄωρον ὦρσε, πήγνυσιν δὲ πᾶν	-- u-u -u --- u -	iambic trimeter (tragic)	
ῥέεθρον ἁγνοῦ Στρυμόνος. θεοὺς δέ τις	u-u -- -u- u- u -	iambic trimeter (tragic)	
τὸ πρὶν νομίζων οὐδαμοῦ τότʼ ηὔχετο	u - u-- -u- u -u-	iambic trimeter (tragic)	
λιταῖσι, γαῖαν οὐρανόν τε προσκυνῶν.	u-u -u -u- u -u-	iambic trimeter (tragic)	
ἐπεὶ δὲ πολλὰ θεοκλυτῶν ἐπαύσατο	u- u -u uuu- u-u-	lyric	
στρατός, περᾷ κρυσταλλοπῆγα διὰ πόρον·	u- u- --u-u uu u-	lyric	
χὤστις μὲν ἡμῶν πρὶν σκεδασθῆναι θεοῦ	-- u -- - u--- u-	iambic trimeter (tragic)	
ἀκτῖνας ὡρμήθη, σεσωσμένος κυρεῖ.	--u --- u-u- u-	iambic trimeter (tragic)	
φλέγων γὰρ αὐγαῖς λαμπρὸς ἡλίου κύκλος	u- u -- -u -u- u-	iambic trimeter (tragic)	
μέσον πόρον διῆκε, θερμαίνων φλογί.	u- u- u-u --- u-	iambic trimeter (tragic)	
πῖπτον δʼ ἐπʼ ἀλλήλοισιν· ηὐτύχει δέ τοι	-- u ---u -u- u -	iambic trimeter (tragic)	
ὅστις τάχιστα πνεῦμʼ ἀπέρρηξεν βίου.	-- u-u - u--- u-	iambic trimeter (tragic)	
ὅσοι δὲ λοιποὶ κἄτυχον σωτηρίας,	u- u -- -u- --u-	iambic trimeter (tragic)	
Θρῄκην περάσαντες μόγις πολλῷ πόνῳ,	-- u--- u- -- u-	iambic trimeter (tragic)	
ἥκουσιν ἐκφυγόντες, οὐ πολλοί τινες,	--u -u-u - -- u-	iambic trimeter (tragic)	
ἐφʼ ἑστιοῦχον γαῖαν· ὡς στένειν πόλιν	u -u-- -u - u- u-	iambic trimeter (tragic)	
Περσῶν, ποθοῦσαν φιλτάτην ἥβην χθονός.	-- u-- -u- -- u-	iambic trimeter (tragic)	
ταῦτʼ ἔστʼ ἀληθῆ· πολλὰ δʼ ἐκλείπω λέγων	- - u-- -u --- u-	iambic trimeter (tragic)	
κακῶν ἃ Πέρσαις ἐγκατέσκηψεν θεός.	u- u -- -u--- u-	iambic trimeter (tragic)	
ὦ δυσπόνητε δαῖμον, ὡς ἄγαν βαρὺς	- -u-u -u - u- u-	iambic trimeter (tragic)	
ποδοῖν ἐνήλου παντὶ Περσικῷ γένει.	u- u-- -u -u- u-	iambic trimeter (tragic)	
οἲ ʼγὼ τάλαινα διαπεπραγμένου στρατοῦ·	- - u-- uuu-u- u-	lyric	
ὦ νυκτὸς ὄψις ἐμφανὴς ἐνυπνίων,	- -u -u -u- u-u-	iambic trimeter (tragic)	
ὡς κάρτα μοι σαφῶς ἐδήλωσας κακά.	- -u - u- u--- u-	iambic trimeter (tragic)	
ὑμεῖς δὲ φαύλως αὔτʼ ἄγαν ἐκρίνατε.	-- u -- - u- u-u-	iambic trimeter (tragic)	
ὅμως δʼ, ἐπειδὴ τῇδʼ ἐκύρωσεν φάτις	u- u-- - u--- u-	iambic trimeter (tragic)	
ὑμῶν, θεοῖς μὲν πρῶτον εὔξασθαι θέλω·	-- u- - -u --- u-	iambic trimeter (tragic)	
ἔπειτα Γῇ τε καὶ φθιτοῖς δωρήματα	u-u - u - u- --u-	iambic trimeter (tragic)	
ἥξω λαβοῦσα πέλανον ἐξ οἴκων ἐμῶν,—	-- u-u uuu - -- u-	lyric	
ἐπίσταμαι μὲν ὡς ἐπʼ ἐξειργασμένοις,	u-u- u - u ---u-	iambic trimeter (tragic)	
ἀλλʼ ἐς τὸ λοιπὸν εἴ τι δὴ λῷον πέλοι.	- - u -u - u - -- u-	iambic trimeter (tragic)	
ὑμᾶς δὲ χρὴ ʼπὶ τοῖσδε τοῖς πεπραγμένοις	-- u - u -u - u-u-	iambic trimeter (tragic)	
πιστοῖσι πιστὰ ξυμφέρειν βουλεύματα·	--u -- -u- --u-	iambic trimeter (tragic)	
καὶ παῖδʼ, ἐάν περ δεῦρʼ ἐμοῦ πρόσθεν μόλῃ,	- - u- - - u- -- u-	iambic trimeter (tragic)	
παρηγορεῖτε, καὶ προπέμπετʼ ἐς δόμους,	u-u-u - u-u - u-	iambic trimeter (tragic)	
μὴ καί τι πρὸς κακοῖσι προσθῆται κακόν.	- - u - u-u --- u-	iambic trimeter (tragic)	
ὦ Ζεῦ βασιλεῦ, νῦν <γὰρ> Περσῶν	- - uu- - - --	anapaestic	
τῶν μεγαλαύχων καὶ πολυάνδρων	- uu-- - uu--	anapaestic	
στρατιὰν ὀλέσας	uu- uu-	anapaestic	
ἄστυ τὸ Σούσων ἠδʼ Ἀγβατάνων	-u u -- - -uu-	anapaestic	
πένθει δνοφερῷ κατέκρυψας·	-- uu- uu--	lyric	
πολλαὶ δʼ ἀταλαῖς χερσὶ καλύπτρας	-- uu- -u u--	anapaestic	
κατερεικόμεναι	uu-uu-	anapaestic	
διαμυδαλέοις δάκρυσι κόλπους	uu-uu- -uu --	anapaestic	
τέγγουσʼ, ἄλγους μετέχουσαι.	-- -- uu--	lyric	
αἱ δʼ ἁβρόγοοι Περσίδες ἀνδρῶν	- -uu- -uu --	anapaestic	
ποθέουσαι ἰδεῖν ἀρτιζυγίαν,	uu-u u- --uu-	anapaestic	
λέκτρων εὐνὰς ἁβροχίτωνας,	-- -- -uu--	anapaestic	
χλιδανῆς ἥβης τέρψιν, ἀφεῖσαι,	uu- -- -u u--	anapaestic	
πενθοῦσι γόοις ἀκορεστοτάτοις.	--u u- uu-uu-	anapaestic	
κἀγὼ δὲ μόρον τῶν οἰχομένων	-- u u- - -uu-	anapaestic	
αἴρω δοκίμως πολυπενθῆ.	-- uu- uu--	lyric	
νῦν γὰρ δὴ πρόπασα μὲν στένει	- - - u-u - u-	lyric	
γαῖʼ Ἀσὶς ἐκκενουμένα.	- -u -u-u-	lyric	
Ξέρξης μὲν ἄγαγεν, ποποῖ,	-- u -u- u-	lyric	
Ξέρξης δʼ ἀπώλεσεν, τοτοῖ,	-- u-u- u-	lyric	
Ξέρξης δὲ πάντʼ ἐπέσπε δυσφρόνως	-- u - u-u -u-	lyric	
βαρίδεσσι ποντίαις.	-u-u -u-	lyric	
τίπτε Δαρεῖος μὲν οὕ-	-u --- u -	lyric	
τω τότʼ ἀβλαβὴς ἐπῆν	- u -u- u-	lyric	
τόξαρχος πολιήταις,	--- uu--	lyric	
Σουσίδαις φίλος ἄκτωρ;	-u- uu --	lyric	
πεζούς γάρ σφε καὶ θαλασσίους	-- - u - u-u-	lyric	
λινόπτεροι κυανώπιδες	u-u- uu-u-	lyric	
νᾶες μὲν ἄγαγον, ποποῖ,	-- u -u- u-	lyric	
νᾶες δʼ ἀπώλεσαν, τοτοῖ,	-- u-u- u-	lyric	
νᾶες πανωλέθροισιν ἐμβολαῖς,	-- u-u-u -u-	lyric	
διὰ δʼ Ἰαόνων χέρας.	uu u-u- u-	lyric	
τυτθὰ δʼ ἐκφυγεῖν ἄνακτʼ	-u -u- u-	lyric	
αὐτὸν εἰσακούομεν	-u -u-u-	lyric	
Θρῄκης ἂμ πεδιήρεις	-- - uu--	lyric	
δυσχίμους τε κελεύθους.	-u- u u--	lyric	
τοὶ δʼ ἄρα πρωτόμοροιο, φεῦ,	- uu -uu-- -	lyric	
ληφθέντες πρὸς ἀνάγκας, ἠέ,	--- u u-- -	lyric	
ἀκτὰς ἀμφὶ Κυχρείας, ὀᾶ,	-- -u u-- -	lyric	
<ἔρρανται>· στένε καὶ δακνά-	--- uu - u-	lyric	
ζου, βαρὺ δʼ ἀμβόασον	- uu -u--	lyric	
οὐράνιʼ ἄχη, ὀᾶ·	-uu u- u-	lyric	
τεῖνε δὲ δυσβάυκτον	-u u -u--	lyric	
βοᾶτιν τάλαιναν αὐδάν.	u-- u-u --	lyric	
γναπτόμενοι δʼ ἁλὶ δεινᾶι φεῦ,	-uu- uu -- -	lyric	
σκύλλονται πρὸς ἀναύδων, ἠέ,	--- u u-- -	lyric	
παίδων τᾶς ἀμιάντου, ὀᾶ.	-- - uu-- -	lyric	
πενθεῖ δʼ ἄνδρα δόμος στερη-	-- -u u- u-	lyric	
θείς τοκέες τʼ ἄπαιδες	- uu- u--	lyric	
δαιμόνιʼ ἄχη, ὀᾶ,	-uu u- -	lyric	
δυρόμενοι γέροντες	-uu- u--	lyric	
τὸ πᾶν δὴ κλύουσιν ἄλγος.	u - - u-u --	lyric	
τοὶ δʼ ἀνὰ γᾶν Ἀσίαν δὴν	- uu - uu- -	lyric	
οὐκέτι περσονομοῦνται,	-uu -uu--	lyric	
οὐδʼ ἔτι δασμοφοροῦσιν	- uu -uu--	lyric	
δεσποσύνοισιν ἀνάγκαις,	-uu-u u--	lyric	
οὐδʼ ἐς γᾶν προπίτνοντες	- - - uu--	lyric	
ἅζονται· βασιλεία	--- uu--	lyric	
γὰρ διόλωλεν ἰσχύς.	- uu-u --	lyric	
οὐδʼ ἔτι γλῶσσα βροτοῖσιν	- uu -u u--	lyric	
ἐν φυλακαῖς· λέλυται γὰρ	- uu- uu- -	lyric	
λαὸς ἐλεύθερα βάζειν,	-u u-uu --	lyric	
ὡς ἐλύθη ζυγὸν ἀλκᾶς.	- uu- uu --	lyric	
αἱμαχθεῖσα δʼ ἄρουραν	---u u--	lyric	
Αἴαντος περικλύστα	--- uu--	lyric	
νᾶσος ἔχει τὰ Περσᾶν.	-u u- u --	lyric	
φίλοι, κακῶν μὲν ὅστις ἔμπειρος κυρεῖ,	u- u- u -u --- u-	iambic trimeter (tragic)	
ἐπίσταται βροτοῖσιν ὡς ὅταν κλύδων	u-u- u-u - u- u-	iambic trimeter (tragic)	
κακῶν ἐπέλθῃ πάντα δειμαίνειν φιλεῖ·	u- u-- -u --- u-	iambic trimeter (tragic)	
ὅταν δʼ ὁ δαίμων εὐροῇ, πεποιθέναι	u- u -- -u- u-u-	iambic trimeter (tragic)	
τὸν αὐτὸν αἰεὶ δαίμονʼ οὐριεῖν τύχην.	u -u -- -u -u- u-	iambic trimeter (tragic)	
ἐμοὶ γὰρ ἤδη πάντα μὲν φόβου πλέα	u- u -- -u - u- u-	iambic trimeter (tragic)	
ἐν ὄμμασιν τἀνταῖα φαίνεται θεῶν,	u -u- --u -u- u-	iambic trimeter (tragic)	
βοᾷ δʼ ἐν ὠσὶ κέλαδος οὐ παιώνιος·	u- u -u uuu - --u-	lyric	
τοία κακῶν ἔκπληξις ἐκφοβεῖ φρένας.	-- u- --u -u- u-	iambic trimeter (tragic)	
τοιγὰρ κέλευθον τήνδʼ ἄνευ τʼ ὀχημάτων	-- u-- - u- u-u-	iambic trimeter (tragic)	
χλιδῆς τε τῆς πάροιθεν ἐκ δόμων πάλιν	u- u - u-u - u- u-	iambic trimeter (tragic)	
ἔστειλα, παιδὸς πατρὶ πρευμενεῖς χοὰς	--u -- -u -u- u-	iambic trimeter (tragic)	
φέρουσʼ, ἅπερ νεκροῖσι μειλικτήρια,	u- u- u-u ---u-	iambic trimeter (tragic)	
βοός τʼ ἀφʼ ἁγνῆς λευκὸν εὔποτον γάλα,	u- u -- -u -u- u-	iambic trimeter (tragic)	
τῆς τʼ ἀνθεμουργοῦ στάγμα, παμφαὲς μέλι,	- -u-- -u -u- u-	iambic trimeter (tragic)	
λιβάσιν ὑδρηλαῖς παρθένου πηγῆς μέτα,	uuu u-- -u- -- u-	lyric	
ἀκήρατόν τε μητρὸς ἀγρίας ἄπο	u-u- u -u -u- u-	iambic trimeter (tragic)	
ποτὸν παλαιᾶς ἀμπέλου γάνος τόδε·	u- u-- -u- u- u-	iambic trimeter (tragic)	
τῆς τʼ αἰὲν ἐν φύλλοισι θαλλούσης βίον	- -u - --u --- u-	iambic trimeter (tragic)	
ξανθῆς ἐλαίας καρπὸς εὐώδης πάρα,	-- u-- -u --- u-	iambic trimeter (tragic)	
ἄνθη τε πλεκτά, παμφόρου γαίας τέκνα,	-- u -u -u- -- u-	iambic trimeter (tragic)	
ἀλλʼ, ὦ φίλοι, χοαῖσι ταῖσδε νερτέρων	- - u- u-u -u -u-	iambic trimeter (tragic)	
ὕμνους ἐπευφημεῖτε, τόν τε δαίμονα	-- u---u - u -u-	iambic trimeter (tragic)	
Δαρεῖον ἀνακαλεῖσθε, γαπότους δʼ ἐγὼ	--u uuu-u -u- u-	lyric	
τιμὰς προπέμψω τάσδε νερτέροις θεοῖς.	-- u-- -u -u- u-	iambic trimeter (tragic)	
βασίλεια γύναι, πρέσβος Πέρσαις,	uu-u u- -- --	anapaestic	
σύ τε πέμπε χοὰς θαλάμους ὑπὸ γῆς,	u u -u u- uu- uu -	anapaestic	
ἡμεῖς θʼ ὕμνοις αἰτησόμεθα	-- -- --uu-	anapaestic	
φθιμένων πομποὺς	uu- --	anapaestic	
εὔφρονας εἶναι κατὰ γαίας.	-uu -- uu --	lyric	
ἀλλά, χθόνιοι δαίμονες ἁγνοί,	-- uu- -uu --	anapaestic	
Γῆ τε καὶ Ἑρμῆ, βασιλεῦ τʼ ἐνέρων,	- u u -- uu- uu-	anapaestic	
πέμψατʼ ἔνερθεν ψυχὴν ἐς φῶς·	-u u-- -- - -	anapaestic	
εἰ γάρ τι κακῶν ἄκος οἶδε πλέον,	- - u u- uu -u u-	anapaestic	
μόνος ἂν θνητῶν πέρας εἴποι.	uu - -- uu --	lyric	
ἦ ῥʼ ἀίει μου μακαρίτας ἰσοδαίμων βασιλεὺς	- uu- - uu-- uu-- uu-	anapaestic	
βάρβαρʼ ἀσαφηνῆ	-u uu--	lyric	
ἱέντος τὰ παναίολʼ αἰ-	u-- u u-u -	lyric	
ανῆ δύσθροα βάγματʼ, ἢ	u- -uu -u -	lyric	
παντάλανʼ ἄχη διαβοάσω;	-uu u- uuu--	lyric	
νέρθεν ἆρα κλύει μου;	-u -u u- -	lyric	
ἀλλὰ σύ μοι Γᾶ τε καὶ ἄλλοι χθονίων ἁγεμόνες	-u u - - u u -- uu- -uu-	anapaestic	
δαίμονα μεγαυχῆ	-uu u--	lyric	
ἰόντʼ αἰνέσατʼ ἐκ δόμων,	u- -uu - u-	lyric	
Περσᾶν Σουσιγενῆ θεόν·	-- -uu- u-	lyric	
πέμπετε δʼ ἄνω οἷον οὔπω	-uu u- -u --	lyric	
Περσὶς αἶʼ ἐκάλυψεν.	-u - uu-u	lyric	
ἦ φίλος ἁνήρ, φίλος ὄχθος·	- uu -- uu --	lyric	
φίλα γὰρ κέκευθεν ἤθη.	uu - u-u --	lyric	
Ἀιδωνεὺς δʼ ἀναπομ-	uu-- uu-	lyric	
πὸς ἀνείης, Ἀιδωνεύς,	u u-- uu--	lyric	
θεῖον ἀνάκτορα Δαριᾶνα. ἠέ.	-u u-uu -u-u -	lyric	
οὐδὲ γὰρ ἄνδρας ποτʼ ἀπώλλυ	-u u -- u u--	lyric	
πολεμοφθόροισιν ἄταις,	uu-u-u --	lyric	
θεομήστωρ δʼ ἐκικλή-	uu-- uu-	lyric	
σκετο Πέρσαις, θεομήστωρ	uu -- uu--	lyric	
δʼ ἔσκεν, ἐπεὶ στρατὸν εὖ ποδούχει. ἠέ.	-u u- uu - u-- -	lyric	
βαλήν, ἀρχαῖος βαλήν, ἴθι, ἱκοῦ·	u- --- u- uu u-	lyric	
ἔλθʼ ἐπʼ ἄκρον κόρυμβον ὄχθου,	- u u- u-u --	lyric	
κροκόβαπτον ποδὸς εὔμαριν ἀείρων,	uu-- uu --u u--	lyric	
βασιλείου τιάρας	uu-- u--	lyric	
φάλαρον πιφαύσκων.	uu- u--	lyric	
βάσκε πάτερ ἄκακε Δαριάν, οἶ.	-u uu uuu -u- -	lyric	
ὅπως αἰανῆ κλύῃς νέα τʼ ἄχη,	u- -u- u- uu u-	lyric	
δέσποτα δεσπότου φάνηθι.	-uu -u- u--	lyric	
Στυγία γάρ τις ἐπʼ ἀχλὺς πεπόταται·	uu- - u u -- uu--	lyric	
νεολαία γὰρ ἤδη	uu-- u --	lyric	
κατὰ πᾶσʼ ὄλωλεν.	uu - u--	lyric	
βάσκε πάτερ ἄκακε Δαριάν, οἶ.	-u uu uuu -u- -	lyric	
αἰαῖ αἰαῖ·	-u --	lyric	
ὦ πολύκλαυτε φίλοισι θανών,	- uu-u u-u u-	lyric	
τί τάδε τί τάδε δυνάτα δυνάτα	u uu u uu uuu uuu	lyric	
περὶ τᾷ σᾷ δίδυμα †διαγόεν† ἁμάρτια;	uu - - uuu uuuu u-u-	lyric	
πᾶσαι γᾷ τᾷδʼ	-- - -	anapaestic	
ἐξέφθινται τρίσκαλμοι	---- ---	lyric	
νᾶες ἄναες ἄναες.	-u u-u u--	lyric	
ὦ πιστὰ πιστῶν ἥλικές θʼ ἥβης ἐμῆς	- -u -- -u- -- u-	iambic trimeter (tragic)	
Πέρσαι γεραιοί, τίνα πόλις πονεῖ πόνον;	-- u-- uu u- u- u-	lyric	
στένει, κέκοπται, καὶ χαράσσεται πέδον.	u- u-- - u-u- u-	iambic trimeter (tragic)	
λεύσσων δʼ ἄκοιτιν τὴν ἐμὴν τάφου πέλας	-- u-- - u- u- u-	iambic trimeter (tragic)	
ταρβῶ, χοὰς δὲ πρευμενὴς ἐδεξάμην.	-- u- u -u- u-u-	iambic trimeter (tragic)	
ὑμεῖς δὲ θρηνεῖτʼ ἐγγὺς ἑστῶτες τάφου	-- u -- -u --- u-	iambic trimeter (tragic)	
καὶ ψυχαγωγοῖς ὀρθιάζοντες γόοις	- -u-- -u--- u-	iambic trimeter (tragic)	
οἰκτρῶς καλεῖσθέ μʼ ·ἐστὶ δʼ οὐκ εὐέξοδον,	-- u-u -u - --u-	iambic trimeter (tragic)	
ἄλλως τε πάντως χοἰ κατὰ χθονὸς θεοὶ	-- u -- - u- u- u-	iambic trimeter (tragic)	
λαβεῖν ἀμείνους εἰσὶν ἢ μεθιέναι.	u- u-- -u - u-u-	iambic trimeter (tragic)	
ὅμως δʼ ἐκείνοις ἐνδυναστεύσας ἐγὼ	u- u-- -u--- u-	iambic trimeter (tragic)	
ἥκω. τάχυνε δʼ ὡς ἄμεμπτος ὦ χρόνου.	-- u-u - u-u - u-	iambic trimeter (tragic)	
τί ἐστι Πέρσαις νεοχμὸν ἐμβριθὲς κακόν·	u -u -- -u -u- u-	iambic trimeter (tragic)	
σέβομαι μὲν προσιδέσθαι,	uu- - uu--	lyric	
σέβομαι δʼ ἀντία λέξαι	uu- -uu --	lyric	
σέθεν ἀρχαίῳ περὶ τάρβει.	uu --- uu --	lyric	
ἀλλʼ ἐπεὶ κάτωθεν ἦλθον σοῖς γόοις πεπεισμένος,	- u- u-u -- - u- u-u-	lyric	
μή τι μακιστῆρα μῦθον, ἀλλὰ σύντομον λέγων	- u ---u -u -u -u- u-	lyric	
εἰπὲ καὶ πέραινε πάντα, τὴν ἐμὴν αἰδῶ μεθείς.	-u - u-u -u - u- -- u-	lyric	
δίεμαι μὲν χαρίσασθαι,	uu- - uu--	lyric	
δίεμαι δʼ ἀντία φάσθαι,	uu- -uu --	lyric	
λέξας δύσλεκτα φίλοισιν.	-- --u u--	lyric	
ἀλλʼ ἐπεὶ δέος παλαιὸν σοὶ φρενῶν ἀνθίσταται,	- u- u- u-- - u- --u-	lyric	
τῶν ἐμῶν λέκτρων γεραιὰ ξύννομʼ εὐγενὲς γύναι,	- u- -- u-- -u -u- u-	lyric	
κλαυμάτων λήξασα τῶνδε καὶ γόων σαφές τί μοι	-u- --u -u - u- u- u -	lyric	
λέξον· ἀνθρώπεια δʼ ἄν τοι πήματʼ ἂν τύχοι βροτοῖς.	-u ---u - - -u - u- u-	lyric	
πολλὰ μὲν γὰρ ἐκ θαλάσσης, πολλὰ δʼ ἐκ χέρσου κακὰ	-u - u - u-- -u - -- u-	lyric	
γίγνεται θνητοῖς, ὁ μάσσων βίοτος ἢν ταθῇ, πρόσω.	-u- -- u -- uuu - u- u-	lyric	
ὦ βροτῶν πάντων ὑπερσχὼν ὄλβον εὐτυχεῖ πότμῳ	- u- -- u-- -u -u- u-	lyric	
ὡς ἕως τʼ ἔλευσσες αὐγὰς ἡλίου ζηλωτὸς ὢν	- u- u-u -u -u- --u -	lyric	
βίοτον εὐαίωνα Πέρσαις ὡς θεὸς διήγαγες,	uuu ---u -- - u- u-u-	lyric	
νῦν τέ σε ζηλῶ θανόντα, πρὶν κακῶν ἰδεῖν βάθος.	- u - -- u-u - u- u- u-	lyric	
πάντα γάρ, Δαρεῖʼ ἀκούσῃ μῦθον ἐν βραχεῖ χρόνῳ.	-u - -- u-- -u - u- u-	lyric	
διαπεπόρθηται τὰ Περσῶν πράγμαθʼ, ὡς εἰπεῖν ἔπος.	uuu--- u -- -u - -- u-	lyric	
τίνι τρόπῳ; λοιμοῦ τις ἦλθε σκηπτὸς ἢ στάσις πόλει;	uu u- -- u -- -u - u- u-	lyric	
οὐδαμῶς· ἀλλʼ ἀμφʼ Ἀθήνας πᾶς κατέφθαρται στρατός.	-u- - - u-- - u--- u-	lyric	
τίς δʼ ἐμῶν ἐκεῖσε παίδων ἐστρατηλάτει; φράσον.	- u- u-u -- -u-u- u-	lyric	
θούριος Ξέρξης, κενώσας πᾶσαν ἠπείρου πλάκα.	-u- -- u-- -u --- u-	lyric	
πεζὸς ἢ ναύτης δὲ πεῖραν τήνδʼ ἐμώρανεν τάλας;	-u - -- u -- - u--- u-	lyric	
ἀμφότερα· διπλοῦν μέτωπον ἦν δυοῖν στρατευμάτοιν.	-uuu u- u-u - u- u-u-	lyric	
πῶς δὲ καὶ στρατὸς τοσόσδε πεζὸς ἤνυσεν περᾶν;	- u - u- u-u -u -u- u-	lyric	
μηχαναῖς ἔζευξεν Ἕλλης πορθμόν, ὥστʼ ἔχειν πόρον.	-u- --u -- -u - u- u-	lyric	
καὶ τόδʼ ἐξέπραξεν, ὥστε Βόσπορον κλῇσαι μέγαν·	- u -u-u -u -u- -- u-	lyric	
ὧδʼ ἔχει· γνώμης δέ πού τις δαιμόνων ξυνήψατο.	- u- -- u - - -u- u-u-	lyric	
φεῦ, μέγας τις ἦλθε δαίμων, ὥστε μὴ φρονεῖν καλῶς.	- u- u -u -- -u - u- u-	lyric	
ὡς ἰδεῖν τέλος πάρεστιν οἷον ἤνυσεν κακόν.	- u- u- u-u -u -u- u-	lyric	
καὶ τί δὴ πράξασιν αὐτοῖς ὧδʼ ἐπιστενάζετε;	- u - --u -- - u-u-u-	lyric	
ναυτικὸς στρατὸς κακωθεὶς πεζὸν ὤλεσε στρατόν.	-u- u- u-- -u -u- u-	lyric	
ὧδε παμπήδην δὲ λαὸς πᾶς κατέφθαρται δορί;	-u --- u -- - u--- u-	lyric	
πρὸς τάδʼ ὡς Σούσων μὲν ἄστυ πᾶν κενανδρίαν στένει.	- u - -- u -u - u-u- u-	lyric	
ὦ πόποι κεδνῆς ἀρωγῆς κἀπικουρίας στρατοῦ.	- u- -- u-- -u-u- u-	lyric	
Βακτρίων δʼ ἔρρει πανώλης δῆμος, οὐδέ τις γέρων.	-u- -- u-- -u -u - u-	lyric	
ὦ μέλεος, οἵαν ἄρʼ ἥβην ξυμμάχων ἀπώλεσεν.	- uuu -- u -- -u- u-u-	lyric	
μονάδα δὲ Ξέρξην ἔρημόν φασιν οὐ πολλῶν μέτα—	uuu - -- u-- -u - -- u-	lyric	
πῶς τε δὴ καὶ ποῖ τελευτᾶν; ἔστι τις σωτηρία;	- u - - - u-- -u - --u-	lyric	
ἄσμενον μολεῖν γέφυραν γαῖν δυοῖν ζευκτηρίαν.	-u- u- u-- - u- --u-	lyric	
καὶ πρὸς ἤπειρον σεσῶσθαι τήνδε, τοῦτʼ ἐτήτυμον;	- u --- u-- -u - u-u-	lyric	
ναί· λόγος κρατεῖ σαφηνὴς τοῦτό γʼ, οὐδʼ ἔνι στάσις.	- u- u- u-- -u - u- u-	lyric	
φεῦ, ταχεῖά γʼ ἦλθε χρησμῶν πρᾶξις, ἐς δὲ παῖδʼ ἐμὸν	- u-u -u -- -u - u - u-	lyric	
Ζεὺς ἀπέσκηψεν τελευτὴν θεσφάτων· ἐγὼ δέ που	- u--- u-- -u- u- u -	lyric	
διὰ μακροῦ χρόνου τάδʼ ηὔχουν ἐκτελευτήσειν θεούς·	uu u- u- u -- -u--- u-	lyric	
ἀλλʼ ὅταν σπεύδῃ τις αὐτός, χὠ θεὸς συνάπτεται.	- u- -- u -- - u- u-u-	lyric	
νῦν κακῶν ἔοικε πηγὴ πᾶσιν ηὑρῆσθαι φίλοις.	- u- u-u -- -u --- u-	lyric	
παῖς δʼ ἐμὸς τάδʼ οὐ κατειδὼς ἤνυσεν νέῳ θράσει·	- u- u - u-- -u- u- u-	lyric	
ὅστις Ἑλλήσποντον ἱρὸν δοῦλον ὣς δεσμώμασιν	-u ---u -- -u - --u-	lyric	
ἤλπισε σχήσειν ῥέοντα, Βόσπορον ῥόον θεοῦ·	-u- -- u-u -u- u- u-	lyric	
καὶ πόρον μετερρύθμιζε, καὶ πέδαις σφυρηλάτοις	- u- u---u - u- --u-	lyric	
περιβαλὼν πολλὴν κέλευθον ἤνυσεν πολλῷ στρατῷ,	uuu- -- u-u -u- -- u-	lyric	
θνητὸς ὢν θεῶν τε πάντων ᾤετʼ, οὐκ εὐβουλίᾳ,	-u - u- u -- -u - --u-	lyric	
καὶ Ποσειδῶνος κρατήσειν. πῶς τάδʼ οὐ νόσος φρενῶν	- u--- u-- - u - u- u-	lyric	
εἶχε παῖδʼ ἐμόν; δέδοικα μὴ πολὺς πλούτου πόνος	-u - u- u-u - u- -- u-	lyric	
οὑμὸς ἀνθρώποις γένηται τοῦ φθάσαντος ἁρπαγή.	-u --- u-- - u-u -u-	lyric	
ταῦτά τοι κακοῖς ὁμιλῶν ἀνδράσιν διδάσκεται	-u - u- u-- -u- u-u-	lyric	
θούριος Ξέρξης· λέγουσι δʼ ὡς σὺ μὲν μέγαν τέκνοις	-u- -- u-u - u - u- u-	lyric	
πλοῦτον ἐκτήσω ξὺν αἰχμῇ, τὸν δʼ ἀνανδρίας ὕπο	-u --- u -- - u-u- u-	lyric	
ἔνδον αἰχμάζειν, πατρῷον δʼ ὄλβον οὐδὲν αὐξάνειν.	-u --- u-- -u -u -u-	lyric	
τοιάδʼ ἐξ ἀνδρῶν ὀνείδη πολλάκις κλύων κακῶν	-u - -- u-- -u- u- u-	lyric	
τήνδʼ ἐβούλευσεν κέλευθον καὶ στράτευμʼ ἐφʼ Ἑλλάδα.	- u--- u-- - u- u -u-	lyric	
τοιγάρ σφιν ἔργον ἐστὶν ἐξειργασμένον	-- u -u -u ---u-	iambic trimeter (tragic)	
μέγιστον, ἀείμνηστον, οἷον οὐδέπω	u-u ---u -u -u-	iambic trimeter (tragic)	
τόδʼ ἄστυ Σούσων ἐξεκείνωσεν πεσόν,	u -u -- -u--- u-	iambic trimeter (tragic)	
ἐξ οὗτε τιμὴν Ζεὺς ἄναξ τήνδʼ ὤπασεν,	- -u -- - u- - -u-	iambic trimeter (tragic)	
ἕνʼ ἄνδρʼ ἁπάσης Ἀσίδος μηλοτρόφου	u - u-- -u- --u-	iambic trimeter (tragic)	
ταγεῖν, ἔχοντα σκῆπτρον εὐθυντήριον.	-- u-- -u ---u-	iambic trimeter (tragic)	
Μῆδος γὰρ ἦν ὁ πρῶτος ἡγεμὼν στρατοῦ·	-- u - u -u -u- u-	iambic trimeter (tragic)	
ἄλλος δʼ ἐκείνου παῖς τόδʼ ἔργον ἤνυσεν·	-- u-- - u -u -u-	iambic trimeter (tragic)	
φρένες γὰρ αὐτοῦ θυμὸν ᾠακοστρόφουν.	u- u -- -u ---u-	iambic trimeter (tragic)	
τρίτος δʼ ἀπʼ αὐτοῦ Κῦρος, εὐδαίμων ἀνήρ,	u- u -- -u --- u-	iambic trimeter (tragic)	
ἄρξας ἔθηκε πᾶσιν εἰρήνην φίλοις·	-- u-u -u --- u-	iambic trimeter (tragic)	
Λυδῶν δὲ λαὸν καὶ Φρυγῶν ἐκτήσατο,	-- u -- - u- --u-	iambic trimeter (tragic)	
Ἰωνίαν τε πᾶσαν ἤλασεν βίᾳ.	u-u- u -u -u- u-	iambic trimeter (tragic)	
θεὸς γὰρ οὐκ ἤχθηρεν, ὡς εὔφρων ἔφυ.	u- u - --u - -- u-	iambic trimeter (tragic)	
Κύρου δὲ παῖς τέταρτος ηὔθυνε στρατόν.	u- u - u-u --- u-	iambic trimeter (tragic)	
πέμπτος δὲ Μάρδος ἦρξεν, αἰσχύνη πάτρᾳ	-- u -u -u --- u-	iambic trimeter (tragic)	
θρόνοισί τʼ ἀρχαίοισι· τὸν δὲ σὺν δόλῳ	u-u ---u - u - u-	iambic trimeter (tragic)	
Ἀρταφρένης ἔκτεινεν ἐσθλὸς ἐν δόμοις,	--u- --u -u - u-	iambic trimeter (tragic)	
ξὺν ἀνδράσιν φίλοισιν, οἷς τόδʼ ἦν χρέος.	u -u- u-u - u - u-	iambic trimeter (tragic)	
[ἕκτος δὲ Μάραφις, ἕβδομος δʼ Ἀρταφρένης.	-- u uuu -u- --u-	lyric	
κἀγὼ πάλου τʼ ἔκυρσα τοῦπερ ἤθελον,	-- u- u-u -u -u-	iambic trimeter (tragic)	
κἀπεστράτευσα πολλὰ σὺν πολλῷ στρατῷ·	--u-u -u - -- u-	iambic trimeter (tragic)	
ἀλλʼ οὐ κακὸν τοσόνδε προσέβαλον πόλει.	- - u- u-u uuu- u-	lyric	
Ξέρξης δʼ ἐμὸς παῖς ὢν νέος νέα φρονεῖ,	-- u- - - u- u- u-	iambic trimeter (tragic)	
κοὐ μνημονεύει τὰς ἐμὰς ἐπιστολάς·	- -u-- - u- u-u-	iambic trimeter (tragic)	
εὖ γὰρ σαφῶς τόδʼ ἴστʼ, ἐμοὶ ξυνήλικες,	- - u- u - u- u-u-	iambic trimeter (tragic)	
ἅπαντες ἡμεῖς, οἳ κράτη τάδʼ ἔσχομεν,	u-u -- - u- u -u-	iambic trimeter (tragic)	
οὐκ ἂν φανεῖμεν πήματʼ ἔρξαντες τόσα.	- - u-- -u --- u-	iambic trimeter (tragic)	
τί οὖν, ἄναξ Δαρεῖε, ποῖ καταστρέφεις	u - u- --u - u-u-	iambic trimeter (tragic)	
λόγων τελευτήν; πῶς ἂν ἐκ τούτων ἔτι	u- u-- - u - -- u-	iambic trimeter (tragic)	
πράσσοιμεν ὡς ἄριστα Περσικὸς λεώς;	--u - u-u -u- u-	iambic trimeter (tragic)	
εἰ μὴ στρατεύοισθʼ ἐς τὸν Ἑλλήνων τόπον,	- - u-- - u --- u-	iambic trimeter (tragic)	
μηδʼ εἰ στράτευμα πλεῖον ἦι τὸ Μηδικόν.	- - u-u -u - u -u-	iambic trimeter (tragic)	
αὐτὴ γὰρ ἡ γῆ ξύμμαχος κείνοις πέλει.	-- u - - -u- -- u-	iambic trimeter (tragic)	
πῶς τοῦτʼ ἔλεξας, τίνι τρόπῳ δὲ συμμαχεῖ;	- - u-- uu u- u -u-	lyric	
κτείνουσα λιμῷ τοὺς ὑπερπόλλους ἄγαν.	--u -- - u--- u-	iambic trimeter (tragic)	
ἀλλʼ εὐσταλῆ τοι λεκτὸν ἀροῦμεν στόλον.	- -u- - -u --- u-	iambic trimeter (tragic)	
ἀλλʼ οὐδʼ ὁ μείνας νῦν ἐν Ἑλλάδος τόποις	- - u -- - u -u- u-	iambic trimeter (tragic)	
στρατὸς κυρήσει νοστίμου σωτηρίας.	u- u-- -u- --u-	iambic trimeter (tragic)	
πῶς εἶπας; οὐ γὰρ πᾶν στράτευμα βαρβάρων	- -u - - - u-u -u-	iambic trimeter (tragic)	
περᾷ τὸν Ἕλλης πορθμὸν Εὐρώπης ἄπο;	u- u -- -u --- u-	iambic trimeter (tragic)	
παῦροι γε πολλῶν, εἴ τι πιστεῦσαι θεῶν	-- u -- - u --- u-	iambic trimeter (tragic)	
χρὴ θεσφάτοισιν, ἐς τὰ νῦν πεπραγμένα	- -u-u - u - u-u-	iambic trimeter (tragic)	
βλέψαντα· συμβαίνει γὰρ οὐ τὰ μέν, τὰ δʼ οὔ.	--u --- u - u - u -	iambic trimeter (tragic)	
κεἴπερ τάδʼ ἐστί, πλῆθος ἔκκριτον στρατοῦ	-- u -u -u -u- u-	iambic trimeter (tragic)	
λείπει κεναῖσιν ἐλπίσιν πεπεισμένος.	-- u-u -u- u-u-	iambic trimeter (tragic)	
μίμνουσι δʼ ἔνθα πεδίον Ἀσωπὸς ῥοαῖς	--u -u uuu --- u-	lyric	
ἄρδει, φίλον πίασμα Βοιωτῶν χθονί·	-- u- u-u --- u-	iambic trimeter (tragic)	
οὗ σφιν κακῶν ὕψιστʼ ἐπαμμένει παθεῖν,	- - u- -- u-u- u-	iambic trimeter (tragic)	
ὕβρεως ἄποινα κἀθέων φρονημάτων·	u- u-u -u- u-u-	iambic trimeter (tragic)	
οἳ γῆν μολόντες Ἑλλάδʼ οὐ θεῶν βρέτη	- - u-u -u - u- u-	iambic trimeter (tragic)	
ᾐδοῦντο συλᾶν οὐδὲ πιμπράναι νεώς·	--u -- -u -u- u-	iambic trimeter (tragic)	
βωμοὶ δʼ ἄιστοι, δαιμόνων θʼ ἱδρύματα	-- u-- -u- u-u-	iambic trimeter (tragic)	
πρόρριζα φύρδην ἐξανέστραπται βάθρων.	--u -- -u--- u-	iambic trimeter (tragic)	
τοιγὰρ κακῶς δράσαντες οὐκ ἐλάσσονα	-- u- --u - u-u-	iambic trimeter (tragic)	
πάσχουσι, τὰ δὲ μέλλουσι, κοὐδέπω κακῶν	--u u u --u -u- u-	lyric	
κρηνὶς ἀπέσβηκʼ ἀλλʼ ἔτʼ ἐκπιδύεται.	-- u-- - u ---u-	iambic trimeter (tragic)	
τόσος γὰρ ἔσται πέλανος αἱματοσφαγὴς	u- u -- uuu -u-u-	lyric	
πρὸς γῇ Πλαταιῶν Δωρίδος λόγχης ὕπο·	- - u-- -u- -- u-	iambic trimeter (tragic)	
θῖνες νεκρῶν δὲ καὶ τριτοσπόρῳ γονῇ	-- u- u - u-u- u-	iambic trimeter (tragic)	
ἄφωνα σημανοῦσιν ὄμμασιν βροτῶν	u-u -u-u -u- u-	iambic trimeter (tragic)	
ὡς οὐχ ὑπέρφευ θνητὸν ὄντα χρὴ φρονεῖν.	- - u-- -u -u - u-	iambic trimeter (tragic)	
ὕβρις γὰρ ἐξανθοῦσʼ ἐκάρπωσεν στάχυν	u- u --- u--- u-	iambic trimeter (tragic)	
ἄτης, ὅθεν πάγκλαυτον ἐξαμᾷ θέρος.	-- u- --u -u- u-	iambic trimeter (tragic)	
τοιαῦθʼ ὁρῶντες τῶνδε τἀπιτίμια	-- u-- -u -u-u-	iambic trimeter (tragic)	
μέμνησθʼ Ἀθηνῶν Ἑλλάδος τε, μηδέ τις	-- u-- -u- u -u -	iambic trimeter (tragic)	
ὑπερφρονήσας τὸν παρόντα δαίμονα	u-u-- - u-u -u-	iambic trimeter (tragic)	
ἄλλων ἐρασθεὶς ὄλβον ἐκχέῃ μέγαν.	-- u-- -u -u- u-	iambic trimeter (tragic)	
Ζεύς τοι κολαστὴς τῶν ὑπερκόμπων ἄγαν	- - u-- - u--- u-	iambic trimeter (tragic)	
φρονημάτων ἔπεστιν, εὔθυνος βαρύς.	u-u- u-u --- u-	iambic trimeter (tragic)	
πρὸς ταῦτʼ ἐκεῖνον, σωφρονεῖν κεχρημένον,	- - u-- -u- u-u-	iambic trimeter (tragic)	
πινύσκετʼ εὐλόγοισι νουθετήμασιν,	u-u -u-u -u-u-	iambic trimeter (tragic)	
λῆξαι θεοβλαβοῦνθʼ ὑπερκόμπῳ θράσει.	-- u-u- u--- u-	iambic trimeter (tragic)	
σὺ δʼ, ὦ γεραιὰ μῆτερ ἡ Ξέρξου φίλη,	u - u-u -u - -- u-	iambic trimeter (tragic)	
ἐλθοῦσʼ ἐς οἴκους κόσμον ὅστις εὐπρεπὴς	-- u -- -u -u -u-	iambic trimeter (tragic)	
λαβοῦσʼ ὑπαντίαζε παιδί. πάντα γὰρ	u- u-u-u -u -u -	iambic trimeter (tragic)	
κακῶν ὑπʼ ἄλγους λακίδες ἀμφὶ σώματι	u- u -- uuu -u -u-	lyric	
στημορραγοῦσι ποικίλων ἐσθημάτων.	--u-u -u- --u-	iambic trimeter (tragic)	
ἀλλʼ αὐτὸν εὐφρόνως σὺ πράυνον λόγοις·	- -u -u- u --- u-	iambic trimeter (tragic)	
μόνης γάρ, οἶδα, σοῦ κλύων ἀνέξεται.	u- u -u - u- u-u-	iambic trimeter (tragic)	
ἐγὼ δʼ ἄπειμι γῆς ὑπὸ ζόφον κάτω.	u- u-u - u- u- u-	iambic trimeter (tragic)	
ὑμεῖς δέ, πρέσβεις, χαίρετʼ, ἐν κακοῖς ὅμως	-- u -- -u - u- u-	iambic trimeter (tragic)	
ψυχῇ διδόντες ἡδονὴν καθʼ ἡμέραν,	-- u-u -u- u -u-	iambic trimeter (tragic)	
ὡς τοῖς θανοῦσι πλοῦτος οὐδὲν ὠφελεῖ.	- - u-u -u -u -u-	iambic trimeter (tragic)	
ἦ πολλὰ καὶ παρόντα καὶ μέλλοντʼ ἔτι	- -u - u-u - -- u-	iambic trimeter (tragic)	
ἤλγησʼ ἀκούσας βαρβάροισι πήματα.	-- u-- -u-u -u-	iambic trimeter (tragic)	
ὦ δαῖμον, ὥς με πόλλʼ ἐσέρχεται κακὰ	- -u - u - u-u- u-	iambic trimeter (tragic)	
ἄλγη, μάλιστα δʼ ἥδε συμφορὰ δάκνει,	-- u-u -u -u- u-	iambic trimeter (tragic)	
ἀτιμίαν γε παιδὸς ἀμφὶ σώματι	u-u- u -u -u -u-	iambic trimeter (tragic)	
ἐσθημάτων κλύουσαν, ἥ νιν ἀμπέχει.	--u- u-u - u -u-	iambic trimeter (tragic)	
ἀλλʼ εἶμι, καὶ λαβοῦσα κόσμον ἐκ δόμων	- -u - u-u -u - u-	iambic trimeter (tragic)	
ὑπαντιάζειν παιδί μου πειράσομαι.	u-u-- -u - --u-	iambic trimeter (tragic)	
οὐ γὰρ τὰ φίλτατʼ ἐν κακοῖς προδώσομεν.	- - u -u - u- u-u-	iambic trimeter (tragic)	
ὦ πόποι ἦ μεγάλας ἀγαθᾶς τε πο-	- uu - uu- uu- u u	anapaestic	
λισσονόμου βιοτᾶς ἐπεκύρσαμεν,	-uu- uu- uu-uu	anapaestic	
εὖθʼ ὁ γεραιὸς	- u u--	anapaestic	
πανταρκὴς ἀκάκας ἄμαχος βασιλεὺς	--- uu- uu- uu-	lyric	
ἰσόθεος Δαρεῖος ἆρχε χώρας.	-uu- --u -u --	lyric	
πρῶτα μὲν εὐδοκίμους στρατιὰς ἀπε-	-u u -uu- uu- uu	anapaestic	
φαινόμεθʼ, ἠδὲ νομίσματα πύργινα	-uu -u u-uu -uu	anapaestic	
πάντʼ ἐπέθυνον,	- uu--	anapaestic	
νόστοι δʼ ἐκ πολέμων ἀπόνους ἀπαθεῖς	-- - uu- uu- uu-	lyric	
<ἀνέρας> εὖ πράσσοντας ἆγον οἴκους.	-uu - --u -u --	lyric	
ὅσσας δʼ εἷλε πόλεις πόρον	-- -u u- uu	lyric	
οὐ διαβὰς Ἅλυος ποταμοῖο,	- uu- uu- uu--	anapaestic	
οὐδʼ ἀφʼ ἑστίας συθείς,	- u -u- u-	lyric	
οἷαι Στρυμονίου πελά-	-- -uu- uu	lyric	
γους Ἀχελωίδες εἰσὶ πάροικοι	- uu-uu -u u--	anapaestic	
Θρῃκίων ἐπαύλων,	-u- u--	lyric	
λίμνας τʼ ἔκτοθεν αἳ κατὰ	-- -uu - uu	lyric	
χέρσον ἐληλαμέναι πέρι πύργον	-u u-uu- uu --	anapaestic	
τοῦδʼ ἄνακτος ἄιον,	- u-u -u-	lyric	
Ἕλλας τʼ ἀμφὶ πόρον πλατὺν	-- -u u- uu	lyric	
εὐχόμεναι, μυχία τε Προποντίς,	-uu- uu- u u--	anapaestic	
καὶ στόμωμα Πόντου·	- u-u --	lyric	
νᾶσοί θʼ αἳ κατὰ πρῶνʼ ἅλιον περίκλυστοι	-- - uu - uu- uu--	dactylic pentameter	
τᾷδε γᾷ προσήμεναι	-u - u-u-	lyric	
οἵα Λέσβος ἐλαιόφυτός τε Σάμος, Χίος	-- -u u-uu- u u- uu	lyric	
ἠδὲ Πάρος, Νάξος, Μύκο-	-u u- -- uu	lyric	
νος, Τήνῳ τε συνάπτουσʼ	- -- u u--	lyric	
Ἀνδρος ἀγχιγείτων,	-u -u--	lyric	
καὶ τὰς ἀγχιάλους ἐκράτυνε μεσάκτους,	- - -uu- uu-u u--	dactylic pentameter	
Λῆμνον, Ἰκάρου θʼ ἕδος,	-u -u- u-	lyric	
καὶ Ῥόδον ἠδὲ Κνίδον Κυπρίας τε πόλεις, Πάφον,	- uu -u u- uu- u u- uu	lyric	
ἠδὲ Σόλους, Σαλαμῖνά τε,	-u u- uu-u u	lyric	
τᾶς νῦν ματρόπολις τῶνδʼ	- - -uu- -	lyric	
αἰτία στεναγμῶν.	-u- u--	lyric	
καὶ τὰς εὐκτεάνους κατὰ	- u -uu- uu	lyric	
κλῆρον Ἰαόνιον πολυάνδρους	-u u-uu- uu--	anapaestic	
Ἑλλάνων ἐκράτει σφετέραις φρεσίν.	--- uu- uu- uu	anapaestic	
ἀκάματον δὲ παρῆν σθένος	-uu- u u- uu	lyric	
ἀνδρῶν τευχηστήρων	-- ----	lyric	
παμμίκτων τʼ ἐπικούρων.	--- uu--	lyric	
νῦν δʼ οὐκ ἀμφιλόγως θεότρεπτα τάδʼ αὖ φέρομεν πολέμοισι	- - -uu- uu-u u - uu- uu--	lyric	
δμαθέντες μεγάλως πλαγαῖσι ποντίαισιν.	--- uu- --u -u--	lyric	
ἰώ,	u-	lyric	
δύστηνος ἐγὼ στυγερᾶς μοίρας	--u u- uu- --	anapaestic	
τῆσδε κυρήσας ἀτεκμαρτοτάτης,	-u u-u u--uu-	anapaestic	
ὡς ὠμοφρόνως δαίμων ἐνέβη	- -uu- -- uu-	anapaestic	
Περσῶν γενεᾷ· τί πάθω τλήμων;	-- uu- u u- --	anapaestic	
λέλυται γὰρ ἐμοὶ γυίων ῥώμη	uu- u u- -- --	anapaestic	
τήνδʼ ἡλικίαν ἐσιδόντʼ ἀστῶν.	- -uu- uu- --	anapaestic	
εἴθʼ ὄφελεν, Ζεῦ, κἀμὲ μετʼ ἀνδρῶν	- uu- - -u u --	anapaestic	
τῶν οἰχομένων	- -uu-	anapaestic	
θανάτου κατὰ μοῖρα καλύψαι.	uu- uu -u u--	lyric	
ὀτοτοῖ, βασιλεῦ, στρατιᾶς ἀγαθῆς	uu- uu- uu- uu-	anapaestic	
καὶ περσονόμου τιμῆς μεγάλης,	- -uu- -- uu-	anapaestic	
κόσμου τʼ ἀνδρῶν,	-- --	anapaestic	
οὓς νῦν δαίμων ἐπέκειρεν.	- - -- uu--	lyric	
γᾶ δʼ αἰάζει τὰν ἐγγαίαν	- --- - ---	anapaestic	
ἥβαν Ξέρξᾳ κταμέναν Ἅιδου	-- -- uu- --	anapaestic	
σάκτορι Περσᾶν. ᾁδοβάται γὰρ	-uu -- -uu- -	anapaestic	
πολλοὶ φῶτες, χώρας ἄνθος,	-- -- -- --	anapaestic	
τοξοδάμαντες, πάνυ ταρφύς τις	-uu-- uu -- -	anapaestic	
μυριὰς ἀνδρῶν, ἐξέφθινται.	-uu -- ----	anapaestic	
αἰαῖ αἰαῖ κεδνᾶς ἀλκᾶς.	-- -- -- --	anapaestic	
Ἀσία δὲ χθών, βασιλεῦ γαίας,	-uu - - uu- --	anapaestic	
αἰνῶς αἰνῶς	-- --	anapaestic	
ἐπὶ γόνυ κέκλιται.	uu uu uu-	lyric	
ὅδʼ ἐγώ, οἰοῖ, αἰακτὸς	u u- -- ---	lyric	
μέλεος γέννᾳ γᾷ τε πατρῴᾳ	uu- -- - u u--	anapaestic	
κακὸν ἄρʼ ἐγενόμαν.	uu u uuu-	lyric	
πρόσφθογγόν σοι νόστου τὰν	--- - -- -	lyric	
κακοφάτιδα βοάν,	uuuuu u-	lyric	
κακομέλετον ἰὰν	uuuuu u-	lyric	
Μαριανδυνοῦ θρηνητῆρος	uu--- ----	anapaestic	
πέμψω πέμψω,	-- --	anapaestic	
πολύδακρυν.	uu--	lyric	
ἵετʼ αἰανῆ πάνδυρτον	uu --- ---	lyric	
δύσθροον αὐδάν. δαίμων γὰρ ὅδʼ αὖ	-uu -- -- u u -	anapaestic	
μετάτροπος ἐπʼ ἐμοί.	uuuu u u-	lyric	
ἥσω τοι τὰν πάνδυρτον,	-- - - ---	lyric	
σὰ πάθη τε σέβων	u u- u u-	anapaestic	
ἁλίτυπά τε βάρη,	uuuu u u-	lyric	
πόλεως γέννας πενθητῆρος·	uu- -- ----	anapaestic	
κλάγξω δʼ αὖ γόον	-- - uu	anapaestic	
ἀρίδακρυν.	uu--	lyric	
Ἰάνων γὰρ ἀπηύρα,	uu- u u--	lyric	
Ἰάνων ναύφρακτος Ἄρης ἑτεραλκὴς	uu- --u -- uu--	lyric	
νυχίαν πλάκα κερσάμενος	uu- uu -uu-	lyric	
δυσδαίμονά τʼ ἀκτάν.	--uu --	lyric	
οἰοιοῖ βόα καὶ πάντʼ ἐκπεύθου.—	-u- u- - - ---	lyric	
ποῦ δὲ φίλων ἄλλος ὄχλος,	- u u- -u u-	lyric	
ποῦ δέ σοι παραστάται,	- u - u-u-	lyric	
οἷος ἦν Φαρανδάκης,	-u - u-u-	lyric	
Σούσας, Πελάγων, καὶ Δατάμας,	-- uu- - ---	anapaestic	
ἠδὲ Ψάμμις, Σουσισκάνης τʼ	-- -- ----	anapaestic	
Ἀγβάτανα λιπών;	-uuu u-	anapaestic	
ὀλοοὺς ἀπέλειπον	uu- uu--	lyric	
Τυρίας ἐκ ναὸς ἔρροντας ἐπʼ ἀκταῖς	uu- - -u --u u --	lyric	
Σαλαμινιάσι στυφελοῦ	uu-uu- uu-	lyric	
θείνοντας ἐπʼ ἀκτᾶς.	--u u --	lyric	
οἰοιοῖ, <βόα>· ποῦ σοι Φαρνοῦχος	--- u- - - ---	lyric	
Ἀριόμαρδός τʼ ἀγαθός,	-uu-- uu-	lyric	
ποῦ δὲ Σευάλκης ἄναξ,	- u --- u-	lyric	
ἢ Λίλαιος εὐπάτωρ,	- u-u -u-	lyric	
Μέμφις, Θάρυβις, καὶ Μασίστρας,	-- uu- - ---	anapaestic	
Ἀρτεμβάρης τʼ ἠδʼ Ὑσταίχμας;	---- - ---	anapaestic	
τάδε σʼ ἐπανερόμαν.	uu uuuu-	lyric	
ἰὼ ἰώ μοι	u- u- -	lyric	
τὰς ὠγυγίους κατιδόντες	- -uu- uu--	lyric	
στυγνὰς Ἀθάνας πάντες ἑνὶ πιτύλῳ,	-- u-- -u uu uu-	lyric	
ἐὴ ἐή, τλάμονες ἀσπαίρουσι χέρσῳ.	u- u- -uu ---u --	lyric	
ἦ καὶ Περσᾶν τὸν ἄωτον	- - -- u u--	lyric	
τὸν σὸν πιστὸν πάντʼ ὀφθαλμὸν	- - -- - ---	anapaestic	
μυρία μυρία πεμπαστὰν	-uu -uu ---	lyric	
Βατανώχου παῖδʼ Ἄλπιστον	uu-- - ---	lyric	
τοῦ Σησάμα τοῦ Μεγαβάτα,	- -uu - uu--	lyric	
Πάρθον τε μέγαν τʼ Οἰβάρην	-- u u- ---	lyric	
ἔλιπες ἔλιπες; ὢ ὢ δαίων.	uuu uuu - - -u-	lyric	
Πέρσαις ἀγαυοῖς κακὰ πρόκακα λέγεις.	-- u-- uu uuu u-	lyric	
ἴυγγὰ μοι δῆτʼ	u-u - -	lyric	
ἀγαθῶν ἑτάρων ἀνακινεῖς	uu- uu- uu--	lyric	
<ἄλαστʼ> ἄλαστα στυγνὰ πρόκακα λέγων.	u- u-- -u uuu u-	lyric	
βοᾷ βοᾷ <μοι> μελέων ἔντοσθεν ἦτορ.	u- u- - uu- --u --	lyric	
καὶ μὴν ἄλλους γε ποθοῦμεν,	- - -- u u--	lyric	
Μάρδων ἀνδρῶν μυριοταγὸν	-- -- -uu--	anapaestic	
Ξάνθιν ἄρειόν τʼ Ἀγχάρην,	-u u-- ---	lyric	
Δίαιξίν τʼ ἠδʼ Ἀρσάκην	--- - ---	lyric	
ἱππιάνακτας,	-uu--	anapaestic	
Κηγδαδάταν καὶ Λυθίμναν	-uu- - ---	lyric	
Τόλμον τʼ αἰχμᾶς ἀκόρεστον.	-- -- uu--	lyric	
ἔταφον ἔταφον, οὐκ ἀμφὶ σκηναῖς	uuu uuu - -- --	lyric	
τροχηλάτοισιν ὄπιθεν ἑπομένους.	u-u-u uuu uuu-	lyric	
βεβᾶσι γὰρ τοίπερ ἀγρέται στρατοῦ.	u-u - -u -u- u-	lyric	
βεβᾶσιν, οἴ, νώνυμοι.	u-u - -u-	lyric	
ἰὴ ἰή, ἰὼ ἰώ.	u- u- u- u-	lyric	
ἰὼ ἰώ, δαίμονες,	u- u- -u-	lyric	
ἔθεντʼ ἄελπτον κακὸν	u- u-- u-	lyric	
διαπρέπον, οἷον δέδορκεν Ἄτα.	-uu -- u-u --	lyric	
πεπλήγμεθʼ οἵᾳ διʼ αἰῶνος τύχᾳ·	u-u -- u --- u-	lyric	
πεπλήγμεθʼ· εὔδηλα γάρ·	u-u --u -	lyric	
νέᾳ νέᾳ δύᾳ δύᾳ.	u- u- u- u-	lyric	
Ἰαόνων ναυβατᾶν	u-u- -u-	lyric	
κύρσαντες οὐκ εὐτυχῶς	--u - -u-	lyric	
δυσπόλεμον δὴ γένος τὸ Περσᾶν.	-uu- - u- u --	lyric	
πῶς δʼ οὔ; στρατὸν μὲν τοσοῦτον τάλας πέπληγμαι.	- - u- - u-- u- u--	lyric	
τί δʼ οὔκ; ὄλωλεν μεγάλως τὰ Περσᾶν.	u - u-- uu- u --	lyric	
ὁρᾷς τὸ λοιπὸν τόδε τᾶς ἐμᾶς στολᾶς;	u- u -- uu - u- u-	lyric	
ὁρῶ ὁρῶ.	u- u-	lyric	
τόνδε τʼ ὀιστοδέγμονα—	-u u-u-u-	lyric	
τί τόδε λέγεις σεσωσμένον;	u uu u- u-u-	lyric	
θησαυρὸν βελέεσσιν;	--- uu--	lyric	
βαιά γʼ ὡς ἀπὸ πολλῶν.	-u - uu --	lyric	
ἐσπανίσμεθʼ ἀρωγῶν.	-u-u u--	lyric	
Ἰάνων λαὸς οὐ φυγαίχμας.	u-- -u - u--	lyric	
ἀγανόρειος· κατεῖδον δὲ πῆμʼ ἄελπτον.	u-u-- u-- u - u--	lyric	
τραπέντα ναύφρακτον ἐρεῖς ὅμιλον;	u-u --u u- u-u	lyric	
πέπλον δʼ ἐπέρρηξʼ ἐπὶ συμφορᾷ κακοῦ.	u- u-- uu -u- u-	lyric	
παπαῖ παπαῖ.	u- u-	lyric	
καὶ πλέον ἢ παπαῖ μὲν οὖν.	- uu - u- u -	lyric	
δίδυμα γάρ ἐστι καὶ τριπλᾶ—	uuu u -u - u-	lyric	
λυπρά, χάρματα δʼ ἐχθροῖς.	-u -uu --	lyric	
καὶ σθένος γʼ ἐκολούσθη—	- u- uu--	lyric	
γυμνός εἰμι προπομπῶν.	-u -u u--	lyric	
φίλων ἄταισι ποντίαισιν·	u- --u -u-u	lyric	
δίαινε δίαινε πῆμα· πρὸς δόμους δʼ ἴθι.	u-u u-u -u - u- u-	iambic trimeter (anapaestic)	
αἰαῖ αἰαῖ, δύα δύα.	-u -- u- u-	lyric	
βόα νυν ἀντίδουπά μοι.	u- u -u-u -	lyric	
δόσιν κακὰν κακῶν κακοῖς.	u- u- u- u-	lyric	
ἴυζε μέλος ὁμοῦ τιθείς.	u-u uu u- u-	lyric	
ὀτοτοτοτοῖ.	uuuu-	lyric	
βαρεῖά γʼ ἅδε συμφορά.	u-u -u -u-	lyric	
οἲ μάλα καὶ τόδʼ ἀλγῶ.	- uu - u --	lyric	
ἔρεσσʼ ἔρεσσε καὶ στέναζʼ ἐμὴν χάριν.	u- u-u - u- u- u-	iambic trimeter (tragic)	
διαίνομαι γοεδνὸς ὤν.	u-u- u-u -	lyric	
βόα νυν ἀντίδουπά μοι.	u- u -u-u -	lyric	
μέλειν πάρεστι, δέσποτα.	u- u-u -u-	lyric	
ἐπορθίαζέ νυν γόοις.	u-u-u - u-	lyric	
ὀτοτοτοτοῖ.	uuuu-	lyric	
μέλαινα δʼ ἀμμεμείξεται,	u-u -u-u-	lyric	
οἴ, στονόεσσα πλαγά.	- uu-u --	lyric	
καὶ στέρνʼ ἄρασσε κἀπιβόα τὸ Μύσιον.	- - u-u -uu- u -u-	iambic trimeter (anapaestic)	
ἄνιʼ ἄνια.	uu uu-	lyric	
καί μοι γενείου πέρθε λευκήρη τρίχα.	- - u-- -u --- u-	iambic trimeter (tragic)	
ἄπριγδʼ ἄπριγδα μάλα γοεδνά.	u- --u uu u--	lyric	
ἀύτει δʼ ὀξύ. καὶ τάδʼ ἔρξω.	-- -u - u --	lyric	
πέπλον δʼ ἔρεικε κολπίαν ἀκμῇ χερῶν.	u- u-u -u- -- u-	iambic trimeter (tragic)	
ἄνιʼ ἄνια.	uu uu-	lyric	
καὶ ψάλλʼ ἔθειραν καὶ κατοίκτισαι στρατόν.	- - u-- - u-u- u-	iambic trimeter (tragic)	
ἄπριγδʼ ἄπριγδα μάλα γοεδνά.	u- --u uu u--	lyric	
διαίνου δʼ ὄσσε. τέγγομαί τοι.	u-- -u -u- -	lyric	
βόα νυν ἀντίδουπά μοι.	u- u -u-u -	lyric	
οἰοῖ οἰοῖ.	-- --	anapaestic	
αἰακτὸς ἐς δόμους κίε.	--u - u- u-	lyric	
ἰὼ ἰώ.	u- u-	lyric	
ἰωὰ δὴ κατʼ ἄστυ.	u-u - u --	lyric	
ἰωὰ δῆτα, ναὶ ναί.	u-u -u - -	lyric	
γοᾶσθʼ ἁβροβάται.	u- uuu-	lyric	
ἰὼ ἰώ, Περσὶς αἶα δύσβατος.	u- u- -u -u -u-	lyric	
ἠὴ ἠὴ τρισκάλμοισιν,	-- -- ----	anapaestic	
ἠὴ ἠή, βάρισιν ὀλόμενοι.	-- -- -uu uuu-	lyric	
πέμψω τοί σε δυσθρόοις γόοις.	-- - u -u- u-	lyric	
