Χθονὸς μὲν ἐς τηλουρὸν ἥκομεν πέδον,	u- u - --u -u- u-	iambic trimeter (tragic)	
Σκύθην ἐς οἷμον, ἄβατον εἰς ἐρημίαν.	u- u -u uuu - u-u-	lyric	
Ἥφαιστε, σοὶ δὲ χρὴ μέλειν ἐπιστολὰς	--u - u - u- u-u-	iambic trimeter (tragic)	
ἅς σοι πατὴρ ἐφεῖτο, τόνδε πρὸς πέτραις	- - u- u-u -u - u-	iambic trimeter (tragic)	
ὑψηλοκρήμνοις τὸν λεωργὸν ὀχμάσαι	--u-- - u-u -u-	iambic trimeter (tragic)	
ἀδαμαντίνων δεσμῶν ἐν ἀρρήκτοις πέδαις.	uu-u- -- u --- u-	iambic trimeter (tragic)	
τὸ σὸν γὰρ ἄνθος, παντέχνου πυρὸς σέλας,	u - u -- -u- u- u-	iambic trimeter (tragic)	
θνητοῖσι κλέψας ὤπασεν. τοιᾶσδέ τοι	--u -u -u- --u -	iambic trimeter (tragic)	
ἁμαρτίας σφε δεῖ θεοῖς δοῦναι δίκην,	u-u- u - u- -- u-	iambic trimeter (tragic)	
ὡς ἂν διδαχθῇ τὴν Διὸς τυραννίδα	- - u-- - u- u-u-	iambic trimeter (tragic)	
στέργειν, φιλανθρώπου δὲ παύεσθαι τρόπου.	-- u--- u --- u-	iambic trimeter (tragic)	
Κράτος Βία τε, σφῷν μὲν ἐντολὴ Διὸς	u- u- - - u -u- u-	iambic trimeter (tragic)	
ἔχει τέλος δὴ κοὐδὲν ἐμποδὼν ἔτι·	u- u- - -u -u- u-	iambic trimeter (tragic)	
ἐγὼ δʼἄτολμός εἰμι συγγενῆ θεὸν	u- u-u -u -u- u-	iambic trimeter (tragic)	
δῆσαι βίᾳ φάραγγι πρὸς δυσχειμέρῳ.	-- u- u-u - --u-	iambic trimeter (tragic)	
πάντως δʼἀνάγκη τῶνδέ μοι τόλμαν σχεθεῖν·	-- u-- -u - -- u-	iambic trimeter (tragic)	
ἐξωριάζειν γὰρ πατρὸς λόγους βαρύ.	--u-- - u- u- u-	iambic trimeter (tragic)	
τῆς ὀρθοβούλου Θέμιδος αἰπυμῆτα παῖ,	- -u-- uuu -u-u -	lyric	
ἄκοντά σʼἄκων δυσλύτοις χαλκεύμασι	--u -- -u- --u-	iambic trimeter (tragic)	
προσπασσαλεύσω τῷδʼ ἀπανθρώπῳ πάγῳ	--u-- - u--- u-	iambic trimeter (tragic)	
ἵνʼ οὔτε φωνὴν οὔτε του μορφὴν βροτῶν	u -u -- -u - -- u-	iambic trimeter (tragic)	
ὄψει, σταθευτὸς δʼἡλίου φοίβῃ φλογὶ	-- u-- -u- -- u-	iambic trimeter (tragic)	
χροιᾶς ἀμείψεις ἄνθος. ἀσμένῳ δέ σοι	-- u-- -u -u- u -	iambic trimeter (tragic)	
ἡ ποικιλείμων νὺξ ἀποκρύψει φάος,	- -u-- - u--- u-	iambic trimeter (tragic)	
πάχνην θʼἑῴαν ἥλιος σκεδᾷ πάλιν·	-- u-u -u- u- u-	iambic trimeter (tragic)	
ἀεὶ δὲ τοῦ παρόντος ἀχθηδὼν κακοῦ	u- u - u-u --- u-	iambic trimeter (tragic)	
τρύσει σʼ·ὁ λωφήσων γὰρ οὐ πέφυκέ πω.	-- u --- u - u-u -	iambic trimeter (tragic)	
τοιαῦτʼ ἐπηύρω τοῦ φιλανθρώπου τρόπου.	-- u-- - u--- u-	iambic trimeter (tragic)	
θεὸς θεῶν γὰρ οὐχ ὑποπτήσσων χόλον	u- u- u - u--- u-	iambic trimeter (tragic)	
βροτοῖσι τιμὰς ὤπασας πέρα δίκης.	u-u -- -u- u- u-	iambic trimeter (tragic)	
ἀνθʼ ὧν ἀτερπῆ τήνδε φρουρήσεις πέτραν	- - u-- -u --- u-	iambic trimeter (tragic)	
ὀρθοστάδην, ἄυπνος, οὐ κάμπτων γόνυ·	--u- u-u - -- u-	iambic trimeter (tragic)	
πολλοὺς δʼὀδυρμοὺς καὶ γόους ἀνωφελεῖς	-- u-- - u- u-u-	iambic trimeter (tragic)	
φθέγξῃ· Διὸς γὰρ δυσπαραίτητοι φρένες.	-- u- - -u--- u-	iambic trimeter (tragic)	
ἅπας δὲ τραχὺς ὅστις ἂν νέον κρατῇ.	u- u -u -u - u- u-	iambic trimeter (tragic)	
εἶεν, τί μέλλεις καὶ κατοικτίζῃ μάτην;	-- u -- - u--- u-	iambic trimeter (tragic)	
τί τὸν θεοῖς ἔχθιστον οὐ στυγεῖς θεόν,	u - u- --u - u- u-	iambic trimeter (tragic)	
ὅστις τὸ σὸν θνητοῖσι προὔδωκεν γέρας;	-- u - --u --- u-	iambic trimeter (tragic)	
τὸ συγγενές τοι δεινὸν ἥ θʼὁμιλία.	u -u- - -u - u-u-	iambic trimeter (tragic)	
σύμφημʼ· ἀνηκουστεῖν δὲ τῶν πατρὸς λόγων	-- u--- u - u- u-	iambic trimeter (tragic)	
οἷόν τε πῶς; οὐ τοῦτο δειμαίνεις πλέον;	-- u - - -u --- u-	iambic trimeter (tragic)	
αἰεί γε δὴ νηλὴς σὺ καὶ θράσους πλέως.	-- u - -- u - u- u-	iambic trimeter (tragic)	
ἄκος γὰρ οὐδὲν τόνδε θρηνεῖσθαι. σὺ δὲ	u- u -- -u --- u -	iambic trimeter (tragic)	
τὰ μηδὲν ὠφελοῦντα μὴ πόνει μάτην.	u -u -u-u - u- u-	iambic trimeter (tragic)	
ὦ πολλὰ μισηθεῖσα χειρωναξία.	- -u ---u ---u-	iambic trimeter (tragic)	
τί νιν στυγεῖς; πόνων γὰρ ὡς ἁπλῷ λόγῳ	u - u- u- u - u- u-	iambic trimeter (tragic)	
τῶν νῦν παρόντων οὐδὲν αἰτία τέχνη.	- - u-- -u -u- u-	iambic trimeter (tragic)	
ἔμπας τις αὐτὴν ἄλλος ὤφελεν λαχεῖν.	-- u -- -u -u- u-	iambic trimeter (tragic)	
ἅπαντʼ ἐπαχθῆ πλὴν θεοῖσι κοιρανεῖν·	u- u-- - u-u -u-	iambic trimeter (tragic)	
ἐλεύθερος γὰρ οὔτις ἐστὶ πλὴν Διός.	u-u- u -u -u - u-	iambic trimeter (tragic)	
ἔγνωκα τοῖσδε κοὐδὲν ἀντειπεῖν ἔχω.	--u -u -u --- u-	iambic trimeter (tragic)	
οὔκουν ἐπείξῃ τῷδε δεσμὰ περιβαλεῖν,	-- u-- -u -u uuu-	lyric	
ὡς μή σʼἐλινύοντα προσδερχθῇ πατήρ;	- - u-u-u --- u-	iambic trimeter (tragic)	
καὶ δὴ πρόχειρα ψάλια δέρκεσθαι πάρα.	- - u-- uuu --- u-	lyric	
βαλών νιν ἀμφὶ χερσὶν ἐγκρατεῖ σθένει	u- u -u -u -u- u-	iambic trimeter (tragic)	
ῥαιστῆρι θεῖνε, πασσάλευε πρὸς πέτραις.	--u -u -u-u - u-	iambic trimeter (tragic)	
περαίνεται δὴ κοὐ ματᾷ τοὔργον τόδε.	u-u- - - u- -- u-	iambic trimeter (tragic)	
ἄρασσε μᾶλλον, σφίγγε, μηδαμῇ χάλα.	u-u -- -u -u- u-	iambic trimeter (tragic)	
δεινὸς γὰρ εὑρεῖν κἀξ ἀμηχάνων πόρον.	-- u -- - u-u- u-	iambic trimeter (tragic)	
ἄραρεν ἥδε γʼὠλένη δυσεκλύτως.	u-u -u -u- u-u-	iambic trimeter (tragic)	
καὶ τήνδε νῦν πόρπασον ἀσφαλῶς, ἵνα	- -u - --u -u- u-	iambic trimeter (tragic)	
μάθῃ σοφιστὴς ὢν Διὸς νωθέστερος.	u- u-- - u- --u-	iambic trimeter (tragic)	
πλὴν τοῦδʼ ἂν οὐδεὶς ἐνδίκως μέμψαιτό μοι.	- - u -- -u- --u -	iambic trimeter (tragic)	
ἀδαμαντίνου νῦν σφηνὸς αὐθάδη γνάθον	uu-u- - -u -u- u-	iambic trimeter (tragic)	
στέρνων διαμπὰξ πασσάλευʼ ἐρρωμένως.	-- u-- -u- --u-	iambic trimeter (tragic)	
αἰαῖ, Προμηθεῦ, σῶν ὑπερστένω πόνων.	-- u-- - u-u- u-	iambic trimeter (tragic)	
σὺ δʼαὖ κατοκνεῖς τῶν Διός τʼἐχθρῶν ὕπερ	u - u-- - u- -- u-	iambic trimeter (tragic)	
στένεις; ὅπως μὴ σαυτὸν οἰκτιεῖς ποτε.	u- u- - -u -u- u-	iambic trimeter (tragic)	
ὁρᾷς θέαμα δυσθέατον ὄμμασιν.	u- u-u -u-u -u-	iambic trimeter (tragic)	
ὁρῶ κυροῦντα τόνδε τῶν ἐπαξίων.	u- u-u -u - u-u-	iambic trimeter (tragic)	
ἀλλʼ ἀμφὶ πλευραῖς μασχαλιστῆρας βάλε.	- -u -- -u--- u-	iambic trimeter (tragic)	
δρᾶν ταῦτʼ ἀνάγκη, μηδὲν ἐγκέλευʼ ἄγαν.	- - u-- -u -u- u-	iambic trimeter (tragic)	
ἦ μὴν κελεύσω κἀπιθωύξω γε πρός.	- - u-- -u--- u -	iambic trimeter (tragic)	
χώρει κάτω, σκέλη δὲ κίρκωσον βίᾳ.	-- u- u- u --- u-	iambic trimeter (tragic)	
καὶ δὴ πέπρακται τοὔργον οὐ μακρῷ πόνῳ.	- - u-- -u - u- u-	iambic trimeter (tragic)	
ἐρρωμένως νῦν θεῖνε διατόρους πέδας·	--u- - -u uuu- u-	lyric	
ὡς οὑπιτιμητής γε τῶν ἔργων βαρύς.	- -u--- u - -- u-	iambic trimeter (tragic)	
ὅμοια μορφῇ γλῶσσά σου γηρύεται.	u-u -- -u - --u-	iambic trimeter (tragic)	
σὺ μαλθακίζου, τὴν δʼἐμὴν αὐθαδίαν	u -u-- - u- --u-	iambic trimeter (tragic)	
ὀργῆς τε τραχύτητα ᾽πιπλησσέ μοι.	-- u -u-u --u -	lyric	
στείχωμεν, ὡς κώλοισιν ἀμφίβληστρʼ ἔχει.	--u - --u -u- u-	iambic trimeter (tragic)	
ἐνταῦθα νῦν ὕβριζε καὶ θεῶν γέρα	--u - u-u - u- u-	iambic trimeter (tragic)	
συλῶν ἐφημέροισι προστίθει. τί σοι	-- u-u-u -u- u -	iambic trimeter (tragic)	
οἷοί τε θνητοὶ τῶνδʼ ἀπαντλῆσαι πόνων;	-- u -- - u--- u-	iambic trimeter (tragic)	
ψευδωνύμως σε δαίμονες Προμηθέα	--u- u -u- u-u-	iambic trimeter (tragic)	
καλοῦσιν· αὐτὸν γάρ σε δεῖ προμηθέως,	u-u -- - u - u-u-	iambic trimeter (tragic)	
ὅτῳ τρόπῳ τῆσδʼ ἐκκυλισθήσῃ τέχνης.	u- u- - -u--- u-	iambic trimeter (tragic)	
ὦ δῖος αἰθὴρ καὶ ταχύπτεροι πνοαί,	- -u -- - u-u- u-	iambic trimeter (tragic)	
ποταμῶν τε πηγαί, ποντίων τε κυμάτων	uu- u -- -u- u -u-	iambic trimeter (tragic)	
ἀνήριθμον γέλασμα, παμμῆτόρ τε γῆ,	u-u- u-u --- u -	iambic trimeter (tragic)	
καὶ τὸν πανόπτην κύκλον ἡλίου καλῶ.	- - u-- -u -u- u-	iambic trimeter (tragic)	
ἴδεσθέ μʼοἷα πρὸς θεῶν πάσχω θεός.	u-u -u - u- -- u-	iambic trimeter (tragic)	
δέρχθηθʼ οἵαις αἰκείαισιν	-- -- ----	anapaestic	
διακναιόμενος τὸν μυριετῆ	uu-uu- - -uu-	anapaestic	
χρόνον ἀθλεύσω.	uu ---	anapaestic	
τοιόνδʼ ὁ νέος ταγὸς μακάρων	-- u u- -- uu-	anapaestic	
ἐξηῦρʼ ἐπʼ ἐμοὶ δεσμὸν ἀεικῆ.	-- u u- -u u--	anapaestic	
φεῦ φεῦ, τὸ παρὸν τό τʼἐπερχόμενον	- - u u- u u-uu-	anapaestic	
πῆμα στενάχω, πῇ ποτε μόχθων	-- uu- - uu --	anapaestic	
χρὴ τέρματα τῶνδʼ ἐπιτεῖλαι.	- -uu - uu--	lyric	
καίτοι τί φημι; πάντα προυξεπίσταμαι	-- u -u -u -u-u-	iambic trimeter (tragic)	
σκεθρῶς τὰ μέλλοντʼ, οὐδέ μοι ποταίνιον	u- u -- -u - u-u-	iambic trimeter (tragic)	
πῆμʼ οὐδὲν ἥξει. τὴν πεπρωμένην δὲ χρὴ	- -u -- - u-u- u -	iambic trimeter (tragic)	
αἶσαν φέρειν ὡς ῥᾷστα, γιγνώσκονθʼ ὅτι	-- u- - -u --- u-	iambic trimeter (tragic)	
τὸ τῆς ἀνάγκης ἔστʼ ἀδήριτον σθένος.	u - u-- - u-u- u-	iambic trimeter (tragic)	
ἀλλʼ οὔτε σιγᾶν οὔτε μὴ σιγᾶν τύχας	- -u -- -u - -- u-	iambic trimeter (tragic)	
οἷόν τέ μοι τάσδʼ ἐστί. θνητοῖς γὰρ γέρα	-- u - - -u -- - u-	iambic trimeter (tragic)	Not Porson
πορὼν ἀνάγκαις ταῖσδʼ ἐνέζευγμαι τάλας.	u- u-- - u--- u-	iambic trimeter (tragic)	
ναρθηκοπλήρωτον δὲ θηρῶμαι πυρὸς	--u--- u --- u-	iambic trimeter (tragic)	
πηγὴν κλοπαίαν, ἣ διδάσκαλος τέχνης	-- u-u - u-u- u-	iambic trimeter (tragic)	
πάσης βροτοῖς πέφηνε καὶ μέγας πόρος.	-- u- u-u - u- u-	iambic trimeter (tragic)	
τοιῶνδε ποινὰς ἀμπλακημάτων τίνω	--u -- -u-u- u-	iambic trimeter (tragic)	
ὑπαιθρίοις δεσμοῖς πεπασσαλευμένος.	u-u- -- u-u-u-	iambic trimeter (tragic)	
ἆ ἆ ἔα ἔα.	- - uu uu	lyric	
τίς ἀχώ, τίς ὀδμὰ προσέπτα μʼἀφεγγής,	u -- u -- u-- u--	lyric	
θεόσυτος, ἢ βρότειος, ἢ κεκραμένη;	uuuu - u-u - u-u-	lyric	
ἵκετο τερμόνιον τις ἐπὶ πάγον	-uu -uu- u uu u-	anapaestic	
πόνων ἐμῶν θεωρός, ἢ τί δὴ θέλων;	u- u- u-u - u - u-	iambic trimeter (tragic)	
ὁρᾶτε δεσμώτην με δύσποτμον θεόν	u-u --- u --- u-	iambic trimeter (tragic)	
τὸν Διὸς ἐχθρόν, τὸν πᾶσι θεοῖς	- uu -- - -u u-	anapaestic	
διʼ ἀπεχθείας ἐλθόνθʼ ὁπόσοι	u u--- -- uu-	anapaestic	
τὴν Διὸς αὐλὴν εἰσοιχνεῦσιν,	- uu -- ----	anapaestic	
διὰ τὴν λίαν φιλότητα βροτῶν.	uu - -- uu-u u-	anapaestic	
φεῦ φεῦ, τί ποτʼ αὖ κινάθισμα κλύω πέλας οἰωνῶν;	- - u u - uu-u u- uu ---	anapaestic	
αἰθὴρ δʼἐλαφραῖς πτερύγων ῥιπαῖς ὑποσυρίζει.	-- uu- uu- -- uu---	anapaestic	
πᾶν μοι φοβερὸν τὸ προσέρπον.	- - uu- u u--	lyric	
μηδὲν φοβηθῇς· φιλία γὰρ ἅδε τάξις	-- u-- uu- u -u --	lyric	
πτερύγων θοαῖς ἁμίλλαις	uu- u- u--	lyric	
προσέβα τόνδε πάγον, πατρῴας	uu- -u u- u--	lyric	
μόγις παρειποῦσα φρένας.	u- u--u u-	lyric	
κραιπνοφόροι δέ μʼἔπεμψαν αὖραι·	-uu- u u-u --	lyric	
κτύπου γὰρ ἀχὼ χάλυβος διῇξεν ἄντρων	u- u -- uu- u-u --	lyric	
μυχόν, ἐκ δʼἔπληξέ μου τὰν θεμερῶπιν αἰδῶ·	uu - u-u - - uu-u --	lyric	
σύθην δʼἀπέδιλος ὄχῳ πτερωτῷ.	u- uu-u u- u--	lyric	
αἰαῖ αἰαῖ,	-u --	lyric	
τῆς πολυτέκνου Τηθύος ἔκγονα,	- uu-- -uu -uu	anapaestic	
τοῦ περὶ πᾶσάν θʼεἱλισσομένου	- uu -- --uu-	anapaestic	
χθόνʼ ἀκοιμήτῳ ῥεύματι παῖδες πατρὸς, Ὠκεανοῦ,	u u--- -uu -- uu -uu-	anapaestic	
δέρχθητʼ, ἐσίδεσθʼ οἵῳ δεσμῷ, προσπορπατὸς	-- uu- -- -- ----	anapaestic	
τῆσδε φάραγγος σκοπέλοις ἐν ἄκροις	-u u-- uu- u u-	anapaestic	
φρουρὰν ἄζηλον ὀχήσω.	-- --u u--	lyric	
λεύσσω, Προμηθεῦ· φοβερὰ δʼἐμοῖσιν ὄσσοις	-- u-- uu- u-u --	lyric	
ὀμίχλα προσῇξε πλήρης	uu- u-u --	lyric	
δακρύων σὸν δέμας εἰσιδούσᾳ	uu- - uu -u--	lyric	
πέτραις προσαυαινόμενον	u- u--uu-	lyric	
ταῖσδʼ ἀδαμαντοδέτοισι λύμαις.	- uu-uu-u --	lyric	
νέοι γὰρ οἰακονόμοι κρατοῦσʼ, Ὀλύμπου·	u- u --uu- u- u--	lyric	
νεοχμοῖς δὲ δὴ νόμοις Ζεὺς ἀθέτως κρατύνει.	uu- u - u- - uu- u--	lyric	
τὰ πρὶν δὲ πελώρια νῦν ἀιστοῖ.	u - u u-uu - u--	lyric	
εἰ γάρ μʼὑπὸ γῆν νέρθεν θʼἍιδου	- - uu - -- uu-	anapaestic	
τοῦ νεκροδέγμονος εἰς ἀπέρατον	- uu-uu - uu--	anapaestic	
Τάρταρον ἧκεν,	-uu --	anapaestic	
δεσμοῖς ἀλύτοις ἀγρίως πελάσας,	-- uu- uu- uu-	anapaestic	
ὡς μήτε θεὸς μήτε τις ἄλλος	- -u u- -u u --	anapaestic	
τοῖσδʼ ἐπεγήθει.	- uu--	anapaestic	
νῦν δʼαἰθέριον κίνυγμʼ ὁ τάλας	- -uu- -- u u-	anapaestic	
ἐχθροῖς ἐπίχαρτα πέπονθα.	-- uu-u u--	lyric	
τίς ὧδε τλησικάρδιος	u -u -u-u-	lyric	
θεῶν, ὅτῳ τάδʼ ἐπιχαρῆ;	u- u- u uuu-	lyric	
τίς οὐ ξυνασχαλᾷ κακοῖς	u - u-u- u-	lyric	
τεοῖσι, δίχα γε Διός; ὁ δʼἐπικότως ἀεὶ	u-u uu u uu u uuu- u-	lyric	
θέμενος ἄγναμπτον νόον	uuu --- u-	lyric	
δάμναται Οὐρανίαν γένναν, οὐδὲ λήξει,	-uu -uu- -u -u --	lyric	
πρὶν ἂν ἢ κορέσῃ κέαρ ἢ παλάμᾳ τινὶ	u u - uu- uu - uu- uu	lyric	
τὰν δυσάλωτον ἕλῃ τις ἀρχάν.	- uu-u u- u --	lyric	
ἦ μὴν ἔτʼ ἐμοῦ, καίπερ κρατεραῖς ἐν γυιοπέδαις	- - u u- -- uu- - -uu-	iambic trimeter (anapaestic)	
αἰκιζομένου, χρείαν ἕξει μακάρων πρύτανις,	--uu- -- -- uu- uu-	anapaestic	
δεῖξαι τὸ νέον βούλευμʼ ὑφʼ ὅτου	-- u u- -- u u-	anapaestic	
σκῆπτρον τιμάς τʼἀποσυλᾶται.	-- -- uu---	anapaestic	
καί μʼοὔτι μελιγλώσσοις πειθοῦς ἐπαοιδαῖσιν	- -u u--- -- uu---	anapaestic	
θέλξει, στερεάς τʼοὔποτʼ ἀπειλὰς	-- uu- -u u--	anapaestic	
πτήξας τόδʼ ἐγὼ καταμηνύσω,	-- u u- uu---	anapaestic	
πρὶν ἂν ἐξ ἀγρίων δεσμῶν χαλάσῃ	u u - uu- -- uu-	anapaestic	
ποινάς τε τίνειν τῆσδʼ αἰκείας ἐθελήσῃ.	-- u u- - --- uu--	lyric	
σὺ μὲν θρασύς τε καὶ πικραῖς	u - u- u - u-	lyric	
δύαισιν οὐδὲν ἐπιχαλᾷς,	u-u -u uuu-	lyric	
ἄγαν δʼἐλευθεροστομεῖς.	u- u-u-u-	lyric	
ἐμὰς δὲ φρένας ἐρέθισε διάτορος φόβος·	u- u uu uuuu uuu- u-	lyric	
δέδια δʼἀμφὶ σαῖς τύχαις,	uuu -u - u-	lyric	
πᾷ ποτε τῶνδε πόνων χρή σε τέρμα κέλσαντʼ	- uu -u u- - u -u --	lyric	
ἐσιδεῖν· ἀκίχητα γὰρ ἤθεα καὶ κέαρ	uu- uu-u u -uu - uu	lyric	
ἀπαράμυθον ἔχει Κρόνου παῖς.	-uu-u u- u- -	lyric	
οἶδʼ ὅτι τραχὺς καὶ παρʼ ἑαυτῷ τὸ δίκαιον ἔχων	- uu -- - u u-- u u-u u-	anapaestic	
ἔμπας οἴω, μαλακογνώμων	-- -- uu---	anapaestic	
ἔσται ποθʼ, ὅταν ταύτῃ ῥαισθῇ·	-- u u- -- --	anapaestic	
τὴν δʼἀτέραμνον στορέσας ὀργὴν	- uu-- uu- --	anapaestic	
εἰς ἀρθμὸν ἐμοὶ καὶ φιλότητα	- -u u- - uu--	anapaestic	
σπεύδων σπεύδοντί ποθʼ ἥξει.	-- --u u --	lyric	
πάντʼ ἐκκάλυψον καὶ γέγωνʼ ἡμῖν λόγον,	- -u-- - u- -- u-	iambic trimeter (tragic)	
ποίῳ λαβών σε Ζεὺς ἐπʼ αἰτιάματι,	-- u- - - u -u-u-	iambic trimeter (tragic)	
οὕτως ἀτίμως καὶ πικρῶς αἰκίζεται·	-- u-- - u- --u-	iambic trimeter (tragic)	
δίδαξον ἡμᾶς, εἴ τι μὴ βλάπτει λόγῳ.	u-u -- - u - -- u-	iambic trimeter (tragic)	
ἀλγεινὰ μέν μοι καὶ λέγειν ἐστὶν τάδε,	--u - - - u- -- u-	iambic trimeter (tragic)	
ἄλγος δὲ σιγᾶν, πανταχῇ δὲ δύσποτμα.	-- u -- -u- u -u-	iambic trimeter (tragic)	
ἐπεὶ τάχιστʼ ἤρξαντο δαίμονες χόλου	u- u- --u -u- u-	iambic trimeter (tragic)	
στάσις τʼἐν ἀλλήλοισιν ὠροθύνετο,	u- u ---u -u-u-	iambic trimeter (tragic)	
οἱ μὲν θέλοντες ἐκβαλεῖν ἕδρας Κρόνον,	- - u-u -u- u- u-	iambic trimeter (tragic)	
ὡς Ζεὺς ἀνάσσοι δῆθεν, οἱ δὲ τοὔμπαλιν	- - u-- -u - u -u-	iambic trimeter (tragic)	
σπεύδοντες, ὡς Ζεὺς μήποτʼ ἄρξειεν θεῶν,	--u - - -u --- u-	iambic trimeter (tragic)	
ἐνταῦθʼ ἐγὼ τὰ λῷστα βουλεύων πιθεῖν	-- u- u -u --- u-	iambic trimeter (tragic)	
Τιτᾶνας, Οὐρανοῦ τε καὶ Χθονὸς τέκνα,	--u -u- u - u- u-	iambic trimeter (tragic)	
οὐκ ἠδυνήθην. αἱμύλας δὲ μηχανὰς	- -u-- -u- u -u-	iambic trimeter (tragic)	
ἀτιμάσαντες καρτεροῖς φρονήμασιν	u-u-- -u- u-u-	iambic trimeter (tragic)	
ᾤοντʼ ἀμοχθεὶ πρὸς βίαν τε δεσπόσειν·	-- u-- - u- u -u-	iambic trimeter (tragic)	
ἐμοὶ δὲ μήτηρ οὐχ ἅπαξ μόνον Θέμις,	u- u -- - u- u- u-	iambic trimeter (tragic)	
καὶ Γαῖα, πολλῶν ὀνομάτων μορφὴ μία,	- -u -- uuu- -- u-	lyric	
τὸ μέλλον ᾗ κραίνοιτο προυτεθεσπίκει,	u -u - --u -u-u-	iambic trimeter (tragic)	
ὡς οὐ κατʼ ἰσχὺν οὐδὲ πρὸς τὸ καρτερόν	- - u -- -u - u -u-	iambic trimeter (tragic)	
χρείη, δόλῳ δὲ τοὺς ὑπερσχόντας κρατεῖν.	-- u- u - u--- u-	iambic trimeter (tragic)	
τοιαῦτʼ ἐμοῦ λόγοισιν ἐξηγουμένου	-- u- u-u ---u-	iambic trimeter (tragic)	
οὐκ ἠξίωσαν οὐδὲ προσβλέψαι τὸ πᾶν.	- -u-u -u --- u -	iambic trimeter (tragic)	
κράτιστα δή μοι τῶν παρεστώτων τότε	u-u - - - u--- u-	iambic trimeter (tragic)	
ἐφαίνετʼ εἶναι προσλαβόντα μητέρα	u-u -- -u-u -u-	iambic trimeter (tragic)	
ἑκόνθʼ ἑκόντι Ζηνὶ συμπαραστατεῖν.	u- u-- -u -u-u-	iambic trimeter (tragic)	
ἐμαῖς δὲ βουλαῖς Ταρτάρου μελαμβαθὴς	u- u -- -u- u-u-	iambic trimeter (tragic)	
κευθμὼν καλύπτει τὸν παλαιγενῆ Κρόνον	-- u-- - u-u- u-	iambic trimeter (tragic)	
αὐτοῖσι συμμάχοισι. τοιάδʼ ἐξ ἐμοῦ	--u -u-u -u - u-	iambic trimeter (tragic)	
ὁ τῶν θεῶν τύραννος ὠφελημένος	u - u- u-u -u-u-	iambic trimeter (tragic)	
κακαῖσι ποιναῖς ταῖσδὲ μʼἐξημείψατο.	u-u -- -u ---u-	iambic trimeter (tragic)	
ἔνεστι γάρ πως τοῦτο τῇ τυραννίδι	u-u - - -u - u-u-	iambic trimeter (tragic)	
νόσημα, τοῖς φίλοισι μὴ πεποιθέναι.	u-u - u-u - u-u-	iambic trimeter (tragic)	
ὃ δʼοὖν ἐρωτᾶτʼ, αἰτίαν καθʼ ἥντινα	u - u-- -u- u -u-	iambic trimeter (tragic)	
αἰκίζεταί με, τοῦτο δὴ σαφηνιῶ.	--u- u -u - u-u-	iambic trimeter (tragic)	
ὅπως τάχιστα τὸν πατρῷον ἐς θρόνον	u- u-u - u-u - u-	iambic trimeter (tragic)	
καθέζετʼ, εὐθὺς δαίμοσιν νέμει γέρα	u-u -- -u- u- u-	iambic trimeter (tragic)	
ἄλλοισιν ἄλλα καὶ διεστοιχίζετο	--u -u - u---u-	iambic trimeter (tragic)	
ἀρχήν· βροτῶν δὲ τῶν ταλαιπώρων λόγον	-- u- u - u--- u-	iambic trimeter (tragic)	
οὐκ ἔσχεν οὐδένʼ, ἀλλʼ ἀιστώσας γένος	- -u -u - u--- u-	iambic trimeter (tragic)	
τὸ πᾶν ἔχρῃζεν ἄλλο φιτῦσαι νέον.	u - u-u -u --- u-	iambic trimeter (tragic)	
καὶ τοῖσιν οὐδεὶς ἀντέβαινε πλὴν ἐμοῦ.	- -u -- -u-u - u-	iambic trimeter (tragic)	
ἐγὼ δʼἐτόλμησʼ· ἐξελυσάμην βροτοὺς	u- u-- -u-u- u-	iambic trimeter (tragic)	
τὸ μὴ διαρραισθέντας εἰς Ἅιδου μολεῖν.	u - u---u - -- u-	iambic trimeter (tragic)	
τῷ τοι τοιαῖσδε πημοναῖσι κάμπτομαι,	- - u-u -u-u -u-	iambic trimeter (tragic)	
πάσχειν μὲν ἀλγειναῖσιν, οἰκτραῖσιν δʼἰδεῖν·	-- u ---u --- u-	iambic trimeter (tragic)	
θνητοὺς δʼἐν οἴκτῳ προθέμενος, τούτου τυχεῖν	-- u -- uuu- -- u-	lyric	
οὐκ ἠξιώθην αὐτός, ἀλλὰ νηλεῶς	- -u-- -u -u -u-	iambic trimeter (tragic)	
ὧδʼ ἐρρύθμισμαι, Ζηνὶ δυσκλεὴς θέα.	- -u-- -u -u- u-	iambic trimeter (tragic)	
σιδηρόφρων τε κἀκ πέτρας εἰργασμένος	u-u- u - u- --u-	iambic trimeter (tragic)	
ὅστις, Προμηθεῦ, σοῖσιν οὐ συνασχαλᾷ	-- u-- -u - u-u-	iambic trimeter (tragic)	
μόχθοις· ἐγὼ γὰρ οὔτʼ ἂν εἰσιδεῖν τάδε	-- u- u - u -u- u-	iambic trimeter (tragic)	
ἔχρῃζον εἰσιδοῦσά τʼἠλγύνθην κέαρ.	u-u -u-u --- u-	iambic trimeter (tragic)	
καὶ μὴν φίλοις γʼἐλεινὸς εἰσορᾶν ἐγώ.	- - u- u-u -u- u-	iambic trimeter (tragic)	
μή πού τι προύβης τῶνδε καὶ περαιτέρω;	- - u -- -u - u-u-	iambic trimeter (tragic)	
θνητούς γʼἔπαυσα μὴ προδέρκεσθαι μόρον.	-- u-u - u--- u-	iambic trimeter (tragic)	
τὸ ποῖον εὑρὼν τῆσδε φάρμακον νόσου;	u -u -- -u -u- u-	iambic trimeter (tragic)	
τυφλὰς ἐν αὐτοῖς ἐλπίδας κατῴκισα.	u- u -- -u- u-u-	iambic trimeter (tragic)	
μέγʼ ὠφέλημα τοῦτʼ ἐδωρήσω βροτοῖς.	u -u-u - u--- u-	iambic trimeter (tragic)	
πρὸς τοῖσδε μέντοι πῦρ ἐγώ σφιν ὤπασα.	- -u -- - u- u -u-	iambic trimeter (tragic)	
καὶ νῦν φλογωπὸν πῦρ ἔχουσʼ ἐφήμεροι;	- - u-- - u- u-u-	iambic trimeter (tragic)	
ἀφʼ οὗ γε πολλὰς ἐκμαθήσονται τέχνας.	u - u -- -u--- u-	iambic trimeter (tragic)	
τοιοῖσδε δή σε Ζεὺς ἐπʼ αἰτιάμασιν—	--u - - - u -u-u-	iambic trimeter (tragic)	
αἰκίζεταί τε κοὐδαμῇ χαλᾷ κακῶν.	--u- u -u- u- u-	iambic trimeter (tragic)	
οὐδʼ ἔστιν ἄθλου τέρμα σοι προκείμενον;	- -u -- -u - u-u-	iambic trimeter (tragic)	
οὐκ ἄλλο γʼοὐδέν, πλὴν ὅταν κείνῳ δοκῇ.	- -u -- - u- -- u-	iambic trimeter (tragic)	
δόξει δὲ πῶς; τίς ἐλπίς; οὐχ ὁρᾷς ὅτι	-- u - u -u - u- u-	iambic trimeter (tragic)	
ἥμαρτες; ὡς δʼἥμαρτες οὔτʼ ἐμοὶ λέγειν	--u - --u - u- u-	iambic trimeter (tragic)	
καθʼ ἡδονὴν σοί τʼἄλγος. ἀλλὰ ταῦτα μὲν	u -u- - -u -u -u -	iambic trimeter (tragic)	
μεθῶμεν, ἄθλου δʼἔκλυσιν ζήτει τινά.	u-u -- -u- -- u-	iambic trimeter (tragic)	
ἐλαφρὸν ὅστις πημάτων ἔξω πόδα	u-u -- -u- -- u-	iambic trimeter (tragic)	
ἔχει παραινεῖν νουθετεῖν τε τὸν κακῶς	u- u-- -u- u - u-	iambic trimeter (tragic)	
πράσσοντʼ· ἐγὼ δὲ ταῦθʼ ἅπαντʼ ἠπιστάμην.	-- u- u - u- --u-	iambic trimeter (tragic)	
ἑκὼν ἑκὼν ἥμαρτον, οὐκ ἀρνήσομαι·	u- u- --u - --u-	iambic trimeter (tragic)	
θνητοῖς ἀρήγων αὐτὸς ηὑρόμην πόνους.	-- u-- -u -u- u-	iambic trimeter (tragic)	
οὐ μήν τι ποιναῖς γʼᾠόμην τοίαισί με	- - u -- -u- --u -	iambic trimeter (tragic)	
κατισχνανεῖσθαι πρὸς πέτραις πεδαρσίοις,	u-u-- - u- u-u-	iambic trimeter (tragic)	
τυχόντʼ ἐρήμου τοῦδʼ ἀγείτονος πάγου.	u- u-- - u-u- u-	iambic trimeter (tragic)	
καί μοι τὰ μὲν παρόντα μὴ δύρεσθʼ ἄχη,	- - u - u-u - -- u-	iambic trimeter (tragic)	
πέδοι δὲ βᾶσαι τὰς προσερπούσας τύχας	u- u -- - u--- u-	iambic trimeter (tragic)	
ἀκούσαθʼ, ὡς μάθητε διὰ τέλους τὸ πᾶν.	u-u - u-u uu u- u -	lyric	
πίθεσθέ μοι πίθεσθε, συμπονήσατε	u-u - u-u -u-u-	iambic trimeter (tragic)	
τῷ νῦν μογοῦντι. ταὐτά τοι πλανωμένη	- - u-u -u - u-u-	iambic trimeter (tragic)	
πρὸς ἄλλοτʼ ἄλλον πημονὴ προσιζάνει.	u -u -- -u- u-u-	iambic trimeter (tragic)	
οὐκ ἁκούσαις ἐπεθώυξας τοῦτο, Προμηθεῦ.	- --- uu--- -u u--	anapaestic	
καὶ νῦν ἐλαφρῷ ποδὶ κραιπνόσυτον	- - uu- uu -uu-	anapaestic	
θᾶκον προλιποῦσʼ,	-- uu-	anapaestic	
αἰθέρα θʼἁγνὸν πόρον οἰωνῶν,	-uu -- uu ---	anapaestic	
ὀκριοέσσῃ χθονὶ τῇδε πελῶ,	-uu-- uu -u u-	anapaestic	
τοὺς σοὺς δὲ πόνους χρῄζω διὰ παντὸς ἀκοῦσαι.	- - u u- -- uu -u u--	lyric	
ἥκω δολιχῆς τέρμα κελεύθου	-- uu- -u u--	anapaestic	
διαμειψάμενος πρὸς σέ, Προμηθεῦ,	uu-uu- - u u--	anapaestic	
τὸν πτερυγωκῆ τόνδʼ οἰωνὸν	- uu-- - ---	anapaestic	
γνώμῃ στομίων ἄτερ εὐθύνων·	-- uu- uu ---	anapaestic	
ταῖς σαῖς δὲ τύχαις, ἴσθι, συναλγῶ.	- - u u- -u u--	anapaestic	
τὸ τε γάρ με, δοκῶ, συγγενὲς οὕτως ἐσαναγκάζει,	u u - u u- -uu -- uu---	anapaestic	
χωρίς τε γένους οὐκ ἔστιν ὅτῳ	-- u u- - -u u-	anapaestic	
μείζονα μοῖραν νείμαιμʼ ἢ σοί.	-uu -- -- - -	anapaestic	
γνώσῃ δὲ τάδʼ ὡς ἔτυμʼ, οὐδὲ μάτην	-- u u - uu -u u-	anapaestic	
χαριτογλωσσεῖν ἔνι μοι· φέρε γὰρ	uu--- uu - uu -	anapaestic	
σήμαινʼ ὅ τι χρή σοι συμπράσσειν·	-- u u - - ---	anapaestic	
οὐ γάρ ποτʼ ἐρεῖς ὡς Ὠκεανοῦ	- - u u- - -uu-	anapaestic	
φίλος ἐστὶ βεβαιότερός σοι.	uu -u u-uu- -	lyric	
ἔα· τί χρῆμα; καὶ σὺ δὴ πόνων ἐμῶν	u- u -u - u - u- u-	iambic trimeter (tragic)	
ἥκεις ἐπόπτης; πῶς ἐτόλμησας, λιπὼν	-- u-- - u--- u-	iambic trimeter (tragic)	
ἐπώνυμόν τε ῥεῦμα καὶ πετρηρεφῆ	u-u- u -u - u-u-	iambic trimeter (tragic)	
αὐτόκτιτʼ ἄντρα, τὴν σιδηρομήτορα	--u -u - u-u-u-	iambic trimeter (tragic)	
ἐλθεῖν ἐς αἶαν; ἦ θεωρήσων τύχας	-- u -u - u--- u-	iambic trimeter (tragic)	
ἐμὰς ἀφῖξαι καὶ συνασχαλῶν κακοῖς;	u- u-- - u-u- u-	iambic trimeter (tragic)	
δέρκου θέαμα, τόνδε τὸν Διὸς φίλον,	-- u-u -u - u- u-	iambic trimeter (tragic)	
τὸν συγκαταστήσαντα τὴν τυραννίδα,	- -u---u - u-u-	iambic trimeter (tragic)	
οἵαις ὑπʼ αὐτοῦ πημοναῖσι κάμπτομαι.	-- u -- -u-u -u-	iambic trimeter (tragic)	
ὁρῶ, Προμηθεῦ, καὶ παραινέσαι γέ σοι	u- u-- - u-u- u -	iambic trimeter (tragic)	
θέλω τὰ λῷστα, καίπερ ὄντι ποικίλῳ.	u- u -u -u -u -u-	iambic trimeter (tragic)	
γίγνωσκε σαυτὸν καὶ μεθάρμοσαι τρόπους	--u -- - u-u- u-	iambic trimeter (tragic)	
νέους· νέος γὰρ καὶ τύραννος ἐν θεοῖς.	u- u- - - u-u - u-	iambic trimeter (tragic)	
εἰ δʼὧδε τραχεῖς καὶ τεθηγμένους λόγους	- -u -- - u-u- u-	iambic trimeter (tragic)	
ῥίψεις, τάχʼ ἄν σου καὶ μακρὰν ἀνωτέρω	-- u - - - u- u-u-	iambic trimeter (tragic)	
θακῶν κλύοι Ζεύς, ὥστε σοι τὸν νῦν ὄχλον	-- u- - -u - - - u-	iambic trimeter (tragic)	
παρόντα μόχθων παιδιὰν εἶναι δοκεῖν.	u-u -- -u- -- u-	iambic trimeter (tragic)	
ἀλλʼ, ὦ ταλαίπωρʼ, ἃς ἔχεις ὀργὰς ἄφες,	- - u-- - u- -- u-	iambic trimeter (tragic)	
ζήτει δὲ τῶνδε πημάτων ἀπαλλαγάς.	-- u -u -u- u-u-	iambic trimeter (tragic)	
ἀρχαῖʼ ἴσως σοι φαίνομαι λέγειν τάδε·	-- u- - -u- u- u-	iambic trimeter (tragic)	
τοιαῦτα μέντοι τῆς ἄγαν ὑψηγόρου	--u -- - u- --u-	iambic trimeter (tragic)	
γλώσσης, Προμηθεῦ, τἀπίχειρα γίγνεται.	-- u-- -u-u -u-	iambic trimeter (tragic)	
σὺ δʼοὐδέπω ταπεινὸς οὐδʼ εἴκεις κακοῖς,	u -u- u-u - -- u-	iambic trimeter (tragic)	
πρὸς τοῖς παροῦσι δʼἄλλα προσλαβεῖν θέλεις.	- - u-u -u -u- u-	iambic trimeter (tragic)	
οὔκουν ἔμοιγε χρώμενος διδασκάλῳ	-- u-u -u- u-u-	iambic trimeter (tragic)	
πρὸς κέντρα κῶλον ἐκτενεῖς, ὁρῶν ὅτι	- -u -u -u- u- u-	iambic trimeter (tragic)	
τραχὺς μόναρχος οὐδʼ ὑπεύθυνος κρατεῖ.	-- u-u - u--- u-	iambic trimeter (tragic)	
καὶ νῦν ἐγὼ μὲν εἶμι καὶ πειράσομαι	- - u- u -u - --u-	iambic trimeter (tragic)	
ἐὰν δύνωμαι τῶνδέ σʼἐκλῦσαι πόνων.	u- u-- -u --- u-	iambic trimeter (tragic)	
σὺ δʼἡσύχαζε μηδʼ ἄγαν λαβροστόμει.	u -u-u - u- u-u-	iambic trimeter (tragic)	
ἢ οὐκ οἶσθʼ ἀκριβῶς ὢν περισσόφρων ὅτι	- - u-- - u-u- u-	iambic trimeter (tragic)	
γλώσσῃ ματαίᾳ ζημία προστρίβεται;	-- u-- -u- --u-	iambic trimeter (tragic)	
ζηλῶ σʼὁθούνεκʼ ἐκτὸς αἰτίας κυρεῖς	-- u-u -u -u- u-	iambic trimeter (tragic)	
τούτων μετασχεῖν καὶ τετολμηκὼς ἐμοί.	-- u-- - u--- u-	iambic trimeter (tragic)	
καὶ νῦν ἔασον μηδέ σοι μελησάτω.	- - u-- -u - u-u-	iambic trimeter (tragic)	
πάντως γὰρ οὐ πείσεις νιν· οὐ γὰρ εὐπιθής.	-- u - -- u - u -u-	iambic trimeter (tragic)	
πάπταινε δʼαὐτὸς μή τι πημανθῇς ὁδῷ.	--u -- - u --- u-	iambic trimeter (tragic)	
πολλῷ γʼἀμείνων τοὺς πέλας φρενοῦν ἔφυς	-- u-- - u- u- u-	iambic trimeter (tragic)	
ἢ σαυτόν· ἔργῳ κοὐ λόγῳ τεκμαίρομαι.	- -u -- - u- --u-	iambic trimeter (tragic)	
ὁρμώμενον δὲ μηδαμῶς ἀντισπάσῃς.	--u- u -u- --u-	iambic trimeter (tragic)	
αὐχῶ γὰρ αὐχῶ τήνδε δωρεὰν ἐμοὶ	-- u -- -u -u- u-	iambic trimeter (tragic)	
δώσειν Δίʼ, ὥστε τῶνδέ σʼἐκλῦσαι πόνων.	-- u -u -u --- u-	iambic trimeter (tragic)	
τὰ μὲν σʼἐπαινῶ κοὐδαμῇ λήξω ποτέ·	u - u-- -u- -- u-	iambic trimeter (tragic)	
προθυμίας γὰρ οὐδὲν ἐλλείπεις. ἀτὰρ	u-u- u -u --- u-	iambic trimeter (tragic)	
μηδὲν πόνει. μάτην γὰρ οὐδὲν ὠφελῶν	-- u- u- u -u -u-	iambic trimeter (tragic)	
ἐμοὶ πονήσεις, εἴ τι καὶ πονεῖν θέλεις.	u- u-- - u - u- u-	iambic trimeter (tragic)	
ἀλλʼ ἡσύχαζε σαυτὸν ἐκποδὼν ἔχων·	- -u-u -u -u- u-	iambic trimeter (tragic)	
ἐγὼ γὰρ οὐκ, εἰ δυστυχῶ, τοῦδʼ εἵνεκα	u- u - - -u- - -u-	iambic trimeter (tragic)	
θέλοιμʼ ἂν ὡς πλείστοισι πημονὰς τυχεῖν.	u- u - --u -u- u-	iambic trimeter (tragic)	
οὐ δῆτʼ ἐπεί με καὶ κασιγνήτου τύχαι	- - u- u - u--- u-	iambic trimeter (tragic)	
τείρουσʼ Ἄτλαντος, ὃς πρὸς ἑσπέρους τόπους	-- u-u - u -u- u-	iambic trimeter (tragic)	
ἕστηκε κίονʼ οὐρανοῦ τε καὶ χθονὸς	--u -u -u- u - u-	iambic trimeter (tragic)	
ὤμοις ἐρείδων, ἄχθος οὐκ εὐάγκαλον.	-- u-- -u - --u-	iambic trimeter (tragic)	
τὸν γηγενῆ τε Κιλικίων οἰκήτορα	- -u- u uuu- --u-	lyric	
ἄντρων ἰδὼν ᾤκτιρα, δάιον τέρας	-- u- --u -u- u-	iambic trimeter (tragic)	
ἑκατογκάρανον πρὸς βίαν χειρούμενον	uu-u-- - u- --u-	iambic trimeter (tragic)	
Τυφῶνα θοῦρον· πᾶσιν ἀντέστη θεοῖς,	--u -- -u --- u-	iambic trimeter (tragic)	
σμερδναῖσι γαμφηλαῖσι συρίζων φόβον·	--u ---u --- u-	iambic trimeter (tragic)	
ἐξ ὀμμάτων δʼἤστραπτε γοργωπὸν σέλας,	- -u- --u --- u-	iambic trimeter (tragic)	
ὡς τὴν Διὸς τυραννίδʼ ἐκπέρσων βίᾳ·	- - u- u-u --- u-	iambic trimeter (tragic)	
ἀλλʼ ἦλθεν αὐτῷ Ζηνὸς ἄγρυπνον βέλος,	- -u -- -u -u- u-	iambic trimeter (tragic)	
καταιβάτης κεραυνὸς ἐκπνέων φλόγα,	u-u- u-u -u- u-	iambic trimeter (tragic)	
ὃς αὐτὸν ἐξέπληξε τῶν ὑψηγόρων	u -u -u-u - --u-	iambic trimeter (tragic)	
κομπασμάτων. φρένας γὰρ εἰς αὐτὰς τυπεὶς	--u- u- u - -- u-	iambic trimeter (tragic)	
ἐφεψαλώθη κἀξεβροντήθη σθένος.	u-u-- -u--- u-	iambic trimeter (tragic)	
καὶ νῦν ἀχρεῖον καὶ παράορον δέμας	- - u-- - u-u- u-	iambic trimeter (tragic)	
κεῖται στενωποῦ πλησίον θαλασσίου	-- u-- -u- u-u-	iambic trimeter (tragic)	
ἰπούμενος ῥίζαισιν Αἰτναίαις ὕπο·	--u- --u --- u-	iambic trimeter (tragic)	
κορυφαῖς δʼἐν ἄκραις ἥμενος μυδροκτυπεῖ	uu- u -- -u- u-u-	iambic trimeter (tragic)	
Ἥφαιστος· ἔνθεν ἐκραγήσονταί ποτε	--u -u -u--- u-	iambic trimeter (tragic)	
ποταμοὶ πυρὸς δάπτοντες ἀγρίαις γνάθοις	uu- u- --u -u- u-	iambic trimeter (tragic)	
τῆς καλλικάρπου Σικελίας λευροὺς γύας·	- -u-- uuu- -- u-	lyric	
τοιόνδε Τυφὼς ἐξαναζέσει χόλον	--u -- -u-u- u-	iambic trimeter (tragic)	
θερμοῖς ἀπλάτου βέλεσι πυρπνόου ζάλης,	-- u-- uuu -u- u-	lyric	
καίπερ κεραυνῷ Ζηνὸς ἠνθρακωμένος.	-- u-- -u -u-u-	iambic trimeter (tragic)	
σὺ δʼοὐκ ἄπειρος, οὐδʼ ἐμοῦ διδασκάλου	u - u-u - u- u-u-	iambic trimeter (tragic)	
χρῄζεις· σεαυτὸν σῷζʼ ὅπως ἐπίστασαι·	-- u-- - u- u-u-	iambic trimeter (tragic)	
ἐγὼ δὲ τὴν παροῦσαν ἀντλήσω τύχην,	u- u - u-u --- u-	iambic trimeter (tragic)	
ἔστʼ ἂν Διὸς φρόνημα λωφήσῃ χόλου.	- - u- u-u --- u-	iambic trimeter (tragic)	
οὔκουν, Προμηθεῦ, τοῦτο γιγνώσκεις, ὅτι	-- u-- -u --- u-	iambic trimeter (tragic)	
ὀργῆς νοσούσης εἰσὶν ἰατροὶ λόγοι;	-- u-- -u --- u-	iambic trimeter (tragic)	
ἐάν τις ἐν καιρῷ γε μαλθάσσῃ κέαρ	u- u - -- u --- u-	iambic trimeter (tragic)	
καὶ μὴ σφριγῶντα θυμὸν ἰσχναίνῃ βίᾳ.	- - u-u -u --- u-	iambic trimeter (tragic)	
ἐν τῷ προθυμεῖσθαι δὲ καὶ τολμᾶν τίνα	- - u--- u - -- u-	iambic trimeter (tragic)	
ὁρᾷς ἐνοῦσαν ζημίαν; δίδασκέ με.	u- u-- -u- u-u -	iambic trimeter (tragic)	
μόχθον περισσὸν κουφόνουν τʼεὐηθίαν.	-- u-- -u- --u-	iambic trimeter (tragic)	
ἔα με τῇδε τῇ νόσῳ νοσεῖν, ἐπεὶ	u- u -u - u- u- u-	iambic trimeter (tragic)	
κέρδιστον εὖ φρονοῦντα μὴ φρονεῖν δοκεῖν.	--u - u-u - u- u-	iambic trimeter (tragic)	
ἐμὸν δοκήσει τἀμπλάκημʼ εἶναι τόδε.	u- u-- -u- -- u-	iambic trimeter (tragic)	
σαφῶς μʼἐς οἶκον σὸς λόγος στέλλει πάλιν.	u- u -- - u- -- u-	iambic trimeter (tragic)	
μὴ γάρ σε θρῆνος οὑμὸς εἰς ἔχθραν βάλῃ.	- - u -u -u - -- u-	iambic trimeter (tragic)	
ἦ τῷ νέον θακοῦντι παγκρατεῖς ἕδρας;	- - u- --u -u- u-	iambic trimeter (tragic)	
τούτου φυλάσσου μή ποτʼ ἀχθεσθῇ κέαρ.	-- u-- - u --- u-	iambic trimeter (tragic)	
ἡ σή, Προμηθεῦ, συμφορὰ διδάσκαλος.	- - u-- -u- u-u-	iambic trimeter (tragic)	
στέλλου, κομίζου, σῷζε τὸν παρόντα νοῦν.	-- u-- -u - u-u -	iambic trimeter (tragic)	
ὁρμωμένῳ μοι τόνδʼ ἐθώυξας λόγον.	--u- - - u--- u-	iambic trimeter (tragic)	
λευρὸν γὰρ οἷμον αἰθέρος ψαίρει πτεροῖς	-- u -u -u- -- u-	iambic trimeter (tragic)	
τετρασκελὴς οἰωνός· ἄσμενος δέ τἂν	u-u- --u -u- u -	iambic trimeter (tragic)	
σταθμοῖς ἐν οἰκείοισι κάμψειεν γόνυ.	-- u ---u --- u-	iambic trimeter (tragic)	
στένω σε τᾶς οὐλομένας τύχας, Προμηθεῦ·	u- u - -uu- u- u--	lyric	
δακρυσίστακτα δʼἀπʼ ὄσσων	uu--u u --	lyric	
ῥαδινὰν λειβομένα ῥέος παρειὰν	uu- -uu- u- u--	lyric	
νοτίοις ἔτεγξα παγαῖς·	uu- u-u --	lyric	
ἀμέγαρτα γὰρ τάδε Ζεὺς	uu-u - u- -	lyric	
ἰδίοις νόμοις κρατύνων	uu- u- u--	lyric	
ὑπερήφανον θεοῖς τοῖς	uu-u- u- -	lyric	
πάρος ἐνδείκνυσιν αἰχμάν.	uu ---u --	lyric	
πρόπασα δʼἤδη στονόεν λέλακε χώρα,	u-u -- uu- u-u --	lyric	
μεγαλοσχήμονα ἀρχαι-	uu--uu --	lyric	
-οπρεπῆ -uu- στένουσι τὰν σὰν	uu- -uu- u-u - -	lyric	
ξυνομαιμόνων τε τιμάν,	uu-u- u -u	lyric	
ὁπόσοι τʼἔποικον ἁγνᾶς	uu- u-u --	lyric	
Ἀσίας ἕδος νέμονται,	uu- u- u--	lyric	
μεγαλοστόνοισι σοῖς πή-	uu-u-u - -	lyric	
-μασι συγκάμνουσι θνατοί.	uu ---u --	lyric	
Κολχίδος τε γᾶς ἔνοικοι	-u- u - u--	lyric	
παρθένοι, μάχας ἄτρεστοι,	-u- u- u--	lyric	
καὶ Σκύθης ὅμιλος, οἳ γᾶς	- u- u-u - -	lyric	
ἔσχατον τόπον ἀμφὶ Μαι-	-u- uu -u -	lyric	
-ῶτιν ἔχουσι λίμναν,	-u u-u --	lyric	
Ἀραβίας τʼἄρειον ἄνθος,	uuu- u-u --	lyric	
ὑψίκρημνον οἳ πόλισμα	-u-u - u-u	lyric	
Καυκάσου πέλας νέμονται,	-u- u- u--	lyric	
δάιος στρατός, ὀξυπρῴ-	-u- uu -u-	lyric	
-ροισι βρέμων ἐν αἰχμαῖς.	-u u- u --	lyric	
μόνον δὴ πρόσθεν ἄλλον ἐν πόνοις	u- - -u -u - u-	lyric	
δαμέντʼ ἀδαμαντοδέτοις Τιτᾶνα λύ-	u- uu-uu- --u -	lyric	
-μαις ἐσειδόμαν, θεόν,	- u-u- u-	lyric	
Ἄτλαντος ὑπέροχον σθένος κραταιόν,	u-u uuu- u- u--	lyric	
ὃς γᾶν οὐράνιόν τε πόλον	- - -uu- u u-	lyric	
νώτοις ὑποστεγάζει.	-- u-u--	lyric	
Προμηθεῦ, σὰς δὲ γᾶ στένει τύχας	u-- - u - u- u-	lyric	
βοᾷ δὲ πόντιος κλύδων	u- u -u- u-	lyric	
ξυμπίτνων, στένει βυθός,	-u- u- u-	lyric	
κελαινὸς Ἄιδος ὑποβρέμει μυχὸς γᾶς,	u-u uuu uuu- u- -	lyric	
παγαί θʼἁγνορύτων ποταμῶν	-- -uu- uu-	lyric	
στένουσιν ἄλγος οἰκτρόν.	u-u -u --	lyric	
μή τοι χλιδῇ δοκεῖτε μηδʼ αὐθαδίᾳ	- - u- u-u - --u-	iambic trimeter (tragic)	
σιγᾶν με· συννοίᾳ δὲ δάπτομαι κέαρ,	-- u --- u -u- u-	iambic trimeter (tragic)	
ὁρῶν ἐμαυτὸν ὧδε προυσελούμενον.	u- u-u -u -u-u-	iambic trimeter (tragic)	
καίτοι θεοῖσι τοῖς νέοις τούτοις γέρα	-- u-u - u- -- u-	iambic trimeter (tragic)	
τίς ἄλλος ἢ ʼγὼ παντελῶς διώρισεν;	u -u - - -u- u-u-	iambic trimeter (tragic)	
ἀλλʼ αὐτὰ σιγῶ· καὶ γὰρ εἰδυίαισιν ἂν	- -u -- - u ---u -	iambic trimeter (tragic)	
ὑμῖν λέγοιμι· τἀν βροτοῖς δὲ πήματα	-- u-u - u- u -u-	iambic trimeter (tragic)	
ἀκούσαθʼ, ὥς σφας νηπίους ὄντας τὸ πρὶν	u-u - - -u- -- u -	iambic trimeter (tragic)	
ἔννους ἔθηκα καὶ φρενῶν ἐπηβόλους.	-- u-u - u- u-u-	iambic trimeter (tragic)	
λέξω δέ, μέμψιν οὔτινʼ ἀνθρώποις ἔχων,	-- u -u -u --- u-	iambic trimeter (tragic)	
ἀλλʼ ὧν δέδωκʼ εὔνοιαν ἐξηγούμενος·	- - u- --u ---u-	iambic trimeter (tragic)	
οἳ πρῶτα μὲν βλέποντες ἔβλεπον μάτην,	- -u - u-u -u- u-	iambic trimeter (tragic)	
κλύοντες οὐκ ἤκουον, ἀλλʼ ὀνειράτων	u-u - --u - u-u-	iambic trimeter (tragic)	
ἀλίγκιοι μορφαῖσι τὸν μακρὸν βίον	u-u- --u - u- u-	iambic trimeter (tragic)	
ἔφυρον εἰκῇ πάντα, κοὔτε πλινθυφεῖς	u-u -- -u -u -u-	iambic trimeter (tragic)	
δόμους προσείλους, ᾖσαν, οὐ ξυλουργίαν·	u- u-- -u - u-u-	iambic trimeter (tragic)	
κατώρυχες δʼἔναιον ὥστʼ ἀήσυροι	u-u- u-u - u-u-	iambic trimeter (tragic)	
μύρμηκες ἄντρων ἐν μυχοῖς ἀνηλίοις.	--u -- - u- u-u-	iambic trimeter (tragic)	
ἦν δʼοὐδὲν αὐτοῖς οὔτε χείματος τέκμαρ	- -u -- -u -u- u-	iambic trimeter (tragic)	
οὔτʼ ἀνθεμώδους ἦρος οὔτε καρπίμου	- -u-- -u -u -u-	iambic trimeter (tragic)	
θέρους βέβαιον, ἀλλʼ ἄτερ γνώμης τὸ πᾶν	u- u-u - u- -- u -	iambic trimeter (tragic)	
ἔπρασσον, ἔστε δή σφιν ἀντολὰς ἐγὼ	u-u -u - u -u- u-	iambic trimeter (tragic)	
ἄστρων ἔδειξα τάς τε δυσκρίτους δύσεις.	-- u-u - u -u- u-	iambic trimeter (tragic)	
καὶ μὴν ἀριθμόν, ἔξοχον σοφισμάτων,	- - u-u -u- u-u-	iambic trimeter (tragic)	
ἐξηῦρον αὐτοῖς, γραμμάτων τε συνθέσεις,	--u -- -u- u -u-	iambic trimeter (tragic)	
μνήμην ἁπάντων, μουσομήτορʼ ἐργάνην.	-- u-- -u-u -u-	iambic trimeter (tragic)	
κἄζευξα πρῶτος ἐν ζυγοῖσι κνώδαλα	--u -u - u-u -u-	iambic trimeter (tragic)	
ζεύγλαισι δουλεύοντα σάγμασὶν θʼ,ὅπως	--u ---u -u- u-	iambic trimeter (tragic)	
θνητοῖς μεγίστων διάδοχοι μοχθημάτων	-- u-- uuu- --u-	lyric	
γένοινθʼ, ὑφʼ ἅρμα τʼἤγαγον φιληνίους	u- u -u -u- u-u-	iambic trimeter (tragic)	
ἵππους, ἄγαλμα τῆς ὑπερπλούτου χλιδῆς.	-- u-u - u--- u-	iambic trimeter (tragic)	
θαλασσόπλαγκτα δʼοὔτις ἄλλος ἀντʼ ἐμοῦ	u-u-u -u -u - u-	iambic trimeter (tragic)	
λινόπτερʼ ηὗρε ναυτίλων ὀχήματα.	u-u -u -u- u-u-	iambic trimeter (tragic)	
τοιαῦτα μηχανήματʼ ἐξευρὼν τάλας	--u -u-u --- u-	iambic trimeter (tragic)	
βροτοῖσιν, αὐτὸς οὐκ ἔχω σόφισμʼ ὅτῳ	u-u -u - u- u- u-	iambic trimeter (tragic)	
τῆς νῦν παρούσης πημονῆς ἀπαλλαγῶ.	- - u-- -u- u-u-	iambic trimeter (tragic)	
πέπονθας αἰκὲς πῆμʼ· ἀποσφαλεὶς φρενῶν	u-u -- - u-u- u-	iambic trimeter (tragic)	
πλανᾷ, κακὸς δʼἰατρὸς ὥς τις ἐς νόσον	u- u- u-u - u - u-	iambic trimeter (tragic)	
πεσὼν ἀθυμεῖς καὶ σεαυτὸν οὐκ ἔχεις	u- u-- - u-u - u-	iambic trimeter (tragic)	
εὑρεῖν ὁποίοις φαρμάκοις ἰάσιμος.	-- u-- -u- --u-	iambic trimeter (tragic)	
τὰ λοιπά μου κλύουσα θαυμάσῃ πλέον,	u -u - u-u -u- u-	iambic trimeter (tragic)	
οἵας τέχνας τε καὶ πόρους ἐμησάμην.	-- u- u - u- u-u-	iambic trimeter (tragic)	
τὸ μὲν μέγιστον, εἴ τις ἐς νόσον πέσοι,	u - u-u - u - u- u-	iambic trimeter (tragic)	
οὐκ ἦν ἀλέξημʼ οὐδέν, οὔτε βρώσιμον,	- - u-- -u -u -u-	iambic trimeter (tragic)	
οὐ χριστόν, οὐδὲ πιστόν, ἀλλὰ φαρμάκων	- -u -u -u -u -u-	iambic trimeter (tragic)	
χρείᾳ κατεσκέλλοντο, πρίν γʼἐγώ σφισιν	-- u---u - u- u-	iambic trimeter (tragic)	
ἔδειξα κράσεις ἠπίων ἀκεσμάτων,	u-u -- -u- u-u-	iambic trimeter (tragic)	
αἷς τὰς ἁπάσας ἐξαμύνονται νόσους.	- - u-- -u--- u-	iambic trimeter (tragic)	
τρόπους τε πολλοὺς μαντικῆς ἐστοίχισα,	u- u -- -u- --u-	iambic trimeter (tragic)	
κἄκρινα πρῶτος ἐξ ὀνειράτων ἃ χρὴ	--u -u - u-u- u -	iambic trimeter (tragic)	
ὕπαρ γενέσθαι, κληδόνας τε δυσκρίτους	u- u-- -u- u -u-	iambic trimeter (tragic)	
ἐγνώρισʼ αὐτοῖς ἐνοδίους τε συμβόλους·	--u -- uuu- u -u-	lyric	
γαμψωνύχων τε πτῆσιν οἰωνῶν σκεθρῶς	--u- - -u --- u-	iambic trimeter (tragic)	
διώρισʼ, οἵτινές τε δεξιοὶ φύσιν	u-u -u- u -u- u-	iambic trimeter (tragic)	
εὐωνύμους τε, καὶ δίαιταν ἥντινα	--u- u - u-u -u-	iambic trimeter (tragic)	
ἔχουσʼ ἕκαστοι, καὶ πρὸς ἀλλήλους τίνες	u- u-- - u --- u-	iambic trimeter (tragic)	
ἔχθραι τε καὶ στέργηθρα καὶ συνεδρίαι·	-- u - --u - u-u-	iambic trimeter (tragic)	
σπλάγχνων τε λειότητα, καὶ χροιὰν τίνα	-- u -u-u - -- u-	iambic trimeter (tragic)	
ἔχουσʼ ἂν εἴη δαίμοσιν πρὸς ἡδονὴν	u- u -- -u- u -u-	iambic trimeter (tragic)	
χολή, λοβοῦ τε ποικίλην εὐμορφίαν.	u- u- u -u- --u-	iambic trimeter (tragic)	
κνίσῃ τε κῶλα συγκαλυπτὰ καὶ μακρὰν	-- u -u -u-u - u-	iambic trimeter (tragic)	
ὀσφῦν πυρώσας δυστέκμαρτον ἐς τέχνην	-- u-- -u-u - u-	iambic trimeter (tragic)	
ὥδωσα θνητούς, καὶ φλογωπὰ σήματα	--u -- - u-u -u-	iambic trimeter (tragic)	
ἐξωμμάτωσα, πρόσθεν ὄντʼ ἐπάργεμα.	--u-u -u - u-u-	iambic trimeter (tragic)	
τοιαῦτα μὲν δὴ ταῦτʼ· ἔνερθε δὲ χθονὸς	--u - - - u-u - u-	iambic trimeter (tragic)	
κεκρυμμένʼ, ἀνθρώποισιν ὠφελήματα,	u-u ---u -u-u-	iambic trimeter (tragic)	
χαλκόν, σίδηρον, ἄργυρον, χρυσόν τε τίς	-- u-u -u- -- u -	iambic trimeter (tragic)	
φήσειεν ἂν πάροιθεν ἐξευρεῖν ἐμοῦ;	--u - u-u --- u-	iambic trimeter (tragic)	
οὐδείς, σάφʼ οἶδα, μὴ μάτην φλύσαι θέλων.	-- u -u - u- -- u-	iambic trimeter (tragic)	
βραχεῖ δὲ μύθῳ πάντα συλλήβδην μάθε,	u- u -- -u --- u-	iambic trimeter (tragic)	
πᾶσαι τέχναι βροτοῖσιν ἐκ Προμηθέως.	-- u- u-u - u-u-	iambic trimeter (tragic)	
μή νυν βροτοὺς μὲν ὠφέλει καιροῦ πέρα,	- - u- u -u- -- u-	iambic trimeter (tragic)	
σαυτοῦ δʼἀκήδει δυστυχοῦντος. ὡς ἐγὼ	-- u-- -u-u - u-	iambic trimeter (tragic)	
εὔελπίς εἰμι τῶνδέ σʼἐκ δεσμῶν ἔτι	--u -u -u - -- u-	iambic trimeter (tragic)	
λυθέντα μηδὲν μεῖον ἰσχύσειν Διός.	u-u -- -u --- u-	iambic trimeter (tragic)	
οὐ ταῦτα ταύτῃ Μοῖρά πω τελεσφόρος	- -u -- -u - u-u-	iambic trimeter (tragic)	
κρᾶναι πέπρωται, μυρίαις δὲ πημοναῖς	-- u-- -u- u -u-	iambic trimeter (tragic)	
δύαις τε καμφθεὶς ὧδε δεσμὰ φυγγάνω·	u- u -- -u -u -u-	iambic trimeter (tragic)	
τέχνη δʼἀνάγκης ἀσθενεστέρα μακρῷ.	-- u-- -u-u- u-	iambic trimeter (tragic)	
τίς οὖν ἀνάγκης ἐστὶν οἰακοστρόφος;	u - u-- -u ---u-	iambic trimeter (tragic)	
Μοῖραι τρίμορφοι μνήμονές τʼἘρινύες	-- u-- -u- u-u-	iambic trimeter (tragic)	
τούτων ἄρα Ζεύς ἐστιν ἀσθενέστερος;	-- u- - -u -u-u-	iambic trimeter (tragic)	
οὔκουν ἂν ἐκφύγοι γε τὴν πεπρωμένην.	-- u -u- u - u-u-	iambic trimeter (tragic)	
τί γὰρ πέπρωται Ζηνὶ πλὴν ἀεὶ κρατεῖν;	u - u-- -u - u- u-	iambic trimeter (tragic)	
τοῦτʼ οὐκέτʼ ἂν πύθοιο μηδὲ λιπάρει.	- -u - u-u -u -u-	iambic trimeter (tragic)	
ἦ πού τι σεμνόν ἐστιν ὃ ξυναμπέχεις.	- - u -u -u - u-u-	iambic trimeter (tragic)	
ἄλλου λόγου μέμνησθε, τόνδε δʼοὐδαμῶς	-- u- --u -u -u-	iambic trimeter (tragic)	
καιρὸς γεγωνεῖν, ἀλλὰ συγκαλυπτέος	-- u-- -u -u-u-	iambic trimeter (tragic)	
ὅσον μάλιστα· τόνδε γὰρ σῴζων ἐγὼ	u- u-u -u - -- u-	iambic trimeter (tragic)	
δεσμοὺς ἀεικεῖς καὶ δύας ἐκφυγγάνω.	-- u-- - u- --u-	iambic trimeter (tragic)	
μηδάμʼ ὁ πάντα νέμων	-u u -u u-	lyric	
θεῖτʼ ἐμᾷ γνώμᾳ κράτος ἀντίπαλον Ζεύς,	- u- -- uu -uu- -	lyric	
μηδʼ ἐλινύσαιμι θεοὺς ὁσίαις	- u---u u- uu-	lyric	
θοίναις ποτινισομένα	-- uu-uu-	lyric	
βουφόνοις παρʼ Ὠκεανοῦ πατρὸς ἄσβεστον πόρον,	-u- u -uu- uu --- u-	lyric	
μηδʼ ἀλίτοιμι λόγοις·	- uu-u u-	lyric	
ἀλλά μοι τόδʼ ἐμμένοι	-u - u -u-	lyric	
καὶ μήποτʼ ἐκτακείη·	- -u -u--	lyric	
ἁδύ τι θαρσαλέαις	-u u -uu-	lyric	
τὸν μακρὸν τείνειν βίον ἐλπίσι, φαναῖς	- u- -- uu -uu --	lyric	
θυμὸν ἀλδαίνουσαν ἐν εὐφροσύναις.	-u ---u u -uu-	lyric	
φρίσσω δέ σε δερκομένα	-- u u -uu-	lyric	
μυρίοις μόχθοις διακναιόμενον --u-	-u- -- uu-uu- --u-	lyric	
Ζῆνα γὰρ οὐ τρομέων	-u u - uu-	lyric	
ῤαιδίᾳ γνώμᾳ σέβῃ	-u- -- u-	lyric	
θνατοὺς ἄγαν, Προμηθεῦ.	-- u- u--	lyric	
φέρʼ, ὅπως ἄχαρις χάρις, ὦ φίλος· εἰ-	u u- uu- uu - uu -	anapaestic	
-πὲ ποῦ τίς ἀλκά;	u - u --	lyric	
τίς ἐφαμερίων ἄρηξις; οὐδʼ ἐδέρχθης	u u-uu- u-u - u--	lyric	
ὀλιγοδρανίαν	uu-uu-	anapaestic	
ἄκικυν, ἰσόνειρον, ᾇ τὸ φωτῶν	u-u -u-u - u --	lyric	
ἀλαὸν γένος ἐμπεποδισμένον; οὔποτε	uu- uu -uu-uu -uu	lyric	
τὰν Διὸς ἁρμονίαν	- uu -uu-	lyric	
θνατῶν παρεξίασι βουλαί.	-- u-u-u --	lyric	
ἔμαθον τάδε σὰς προσιδοῦσʼ ὀλοὰς	uu- uu - uu- uu-	anapaestic	
τύχας, Προμηθεῦ.	u- u--	lyric	
τὸ διαμφίδιον δέ μοι μέλος προσέπτα	u u-uu- u - u- u--	lyric	
τόδʼ ἐκεῖνό θʼ, ὅ τʼἀμ-	u u-u u u -	lyric	
-φὶ λουτρὰ καὶ λέχος σὸν ὑμεναίουν	u -u - u- u -u--	lyric	
ἰότατι γάμων, ὅτε τὰν ὁμοπάτριον ἕδνοις	uu-u u- uu - uu-uu --	lyric	
ἄγαγες Ἡσιόναν	-uu -uu-	lyric	
πείθὼν δάμαρτα κοινόλεκτρον.	-- u-u -u--	lyric	
τίς γῆ; τί γένος; τίνα φῶ λεύσσειν	- - u u- uu - --	anapaestic	
τόνδε χαλινοῖς ἐν πετρίνοισιν	-u u-- - uu--	anapaestic	
χειμαζόμενον;	--uu-	anapaestic	
τίνος ἀμπλακίας ποινὰς ὀλέκῃ;	uu -uu- -- uu-	anapaestic	
σήμηνον ὅποι γῆς ἡ μογερὰ πεπλάνημαι.	--u u- - - uu- uu--	lyric	
ἆ ἆ, ἒ ἔ,	- - u u	lyric	
χρίει τις αὖ με τὰν τάλαιναν οἶστρος,	-- u - u - u-u --	lyric	
εἴδωλον Ἄργου γηγενοῦς, ἄλευʼ ἆ δᾶ· φοβοῦμαι	--u -- -u- u- - - u--	lyric	
τὸν μυριωπὸν εἰσορῶσα βούταν.	- -u-u -u-u --	lyric	
ὁ δὲ πορεύεται δόλιον ὄμμʼ ἔχων,	u u u-u- uuu - u-	lyric	
ὃν οὐδὲ κατθανόντα γαῖα κεύθει.	u -u -u-u -u --	lyric	
ἀλλʼ, ἐμὲ τὰν τάλαιναν	- uu - u--	lyric	
ἐξ ἐνέρων περῶν κυναγετεῖ, πλανᾷ	- uu- u- u-u- u-	lyric	
τε νῆστιν ἀνὰ τὰν παραλίαν ψάμμον.	u -u uu - uuu- --	lyric	
ὑπὸ δὲ κηρόπλαστος ὀτοβεῖ δόναξ	uu u -u-u uu- u-	lyric	
ἀχέτας ὑπνοδόταν νόμον·	-u- uuu- u-	lyric	
ἰὼ ἰὼ πόποι,	u- - u-	lyric	
ποῖ μʼἄγουσ᾽αἵδε τηλέπλαγκτοι πλάναι;	- u--u -u-- u-	lyric	
τί ποτέ μʼ,ὦ Κρόνιε παῖ, τί ποτε ταῖσδʼ	u uu - uuu - u uu -	lyric	
ἐνέζευξας εὑρὼν ἁμαρτοῦσαν ἐν πημοναῖσιν; ἓ ἕ,	u--u -- u--u - -u-u u u	lyric	
οἰστρηλάτῳ δὲ δείματι δειλαίαν	--u- u -uu ---	lyric	
παράκοπον ὧδε τείρεις;	uuuu -u --	lyric	
πυρί με φλέξον, ἢ χθονὶ κάλυψον, ἤ	uu u -u - uu u-u -	lyric	
ποντίοις δάκεσι δὸς βοράν,	-u- uuu - u-	lyric	
μηδέ μοι φθονήσῃς	-u - u--	lyric	
εὐγμάτων, ἄναξ.	-u- u-	lyric	
ἄδην με πολύπλανοι πλάναι	u- u uuu- u-	lyric	
γεγυμνάκασιν, οὐδʼ ἔχω μαθεῖν ὅπα	u-u-u - u- u- u-	iambic trimeter (tragic)	
πημονὰς ἀλύξω.	-u- u--	lyric	
κλύεις φθέγμα τᾶς βούκερω παρθένου;	u- -u - -u- -u-	lyric	
πῶς δʼοὐ κλύω τῆς οἰστροδινήτου κόρης,	- - u- - -u--- u-	iambic trimeter (tragic)	
τῆς Ἰναχείας; ἣ Διὸς θάλπει κέαρ	- -u-- - u- -- u-	iambic trimeter (tragic)	
ἔρωτι, καὶ νῦν τοὺς ὑπερμήκεις δρόμους	u-u - - - u--- u-	iambic trimeter (tragic)	
Ἥρᾳ στυγητὸς πρὸς βίαν γυμνάζεται.	-- u-- - u- --u-	iambic trimeter (tragic)	
πόθεν ἐμοῦ σὺ πατρὸς ὄνομʼ ἀπύεις;	uu u- u -u uu -u-	lyric	
εἰπέ μοι τᾷ μογερᾷ τίς ὤν;	-u - - uu- u -	lyric	
τίς ἄρα μʼ,ὦ τάλας,	u uu - u-	lyric	
τὰν ταλαίπωρον ὧδʼ ἔτυμα προσθροεῖς;	- u--u - uuu -u-	lyric	
θεόσυτόν τε νόσον ὠνόμασας, ἃ	uuu- u uu -uuu -	lyric	
μαραίνει με χρίουσα κέντροισι, φοιταλέοισιν ἓ ἕ·,	u-- u --u --u --u-- u -	lyric	
σκιρτημάτων δὲ νήστισιν αἰκείαις	--u- u -uu ---	lyric	
λαβρόσυτος ἦλθον, Ἥρας	uuuu -u --	lyric	
ἐπικότοισι μήδεσι δαμεῖσα. δυσ	uuu-u -uu u-u --	lyric	
δαιμόνων δὲ τίνες οἵ, ἓ ἕ,	-u- u uu - u -	lyric	
οἷʼ ἐγὼ μογοῦσιν;	- u- u--	lyric	
ἀλλά μοι τορῶς	-u - u-	lyric	
τέκμηρον ὅ τι μʼἐπαμμένει	--u u u u-u-	lyric	
παθεῖν, τί μῆχαρ, ἢ τί φάρμακον νόσου,	u- u -u - u -u- u-	iambic trimeter (tragic)	
δεῖξον, εἴπερ οἶσθα·	-u -u --	lyric	
θρόει, φράζε τᾷ δυσπλάνῳ παρθένῳ.	u- -u - -u- -u-	lyric	
λέξω τορῶς σοι πᾶν ὅπερ χρῄζεις μαθεῖν,	-- u- - - u- -- u-	iambic trimeter (tragic)	
οὐκ ἐμπλέκων αἰνίγματʼ, ἀλλʼ ἁπλῷ λόγῳ,	- -u- --u - u- u-	iambic trimeter (tragic)	
ὥσπερ δίκαιον πρὸς φίλους οἴγειν στόμα.	-- u-- - u- -- u-	iambic trimeter (tragic)	
πυρὸς βροτοῖς δοτῆρʼ ὁρᾷς Προμηθέα.	u- u- u- u- u-u-	iambic trimeter (tragic)	
ὦ κοινὸν ὠφέλημα θνητοῖσιν φανείς,	- -u -u-u --- u-	iambic trimeter (tragic)	
τλῆμον Προμηθεῦ, τοῦ δίκην πάσχεις τάδε;	-- u-- - u- -- u-	iambic trimeter (tragic)	
ἁρμοῖ πέπαυμαι τοὺς ἐμοὺς θρηνῶν πόνους.	-- u-- - u- -- u-	iambic trimeter (tragic)	
οὔκουν πόροις ἂν τήνδε δωρεὰν ἐμοί;	-- u- - -u -u- u-	iambic trimeter (tragic)	
λέγʼ ἥντινʼ αἰτῇ· πᾶν γὰρ ἂν πύθοιό μου.	u -u -- - u - u-u -	iambic trimeter (tragic)	
σήμηνον ὅστις ἐν φάραγγί σʼὤχμασεν.	--u -u - u-u -u-	iambic trimeter (tragic)	
βούλευμα μὲν τὸ Δῖον, Ἡφαίστου δὲ χείρ.	--u - u -u --- u -	iambic trimeter (tragic)	
ποινὰς δὲ ποίων ἀμπλακημάτων τίνεις;	-- u -- -u-u- u-	iambic trimeter (tragic)	
τοσοῦτον ἀρκῶ σοι σαφηνίσας μόνον.	u-u -- - u-u- u-	iambic trimeter (tragic)	
καὶ πρός γε τούτοις τέρμα τῆς ἐμῆς πλάνης	- - u -- -u - u- u-	iambic trimeter (tragic)	
δεῖξον, τίς ἔσται τῇ ταλαιπώρῳ χρόνος.	-- u -- - u--- u-	iambic trimeter (tragic)	
τὸ μὴ μαθεῖν σοι κρεῖσσον ἢ μαθεῖν τάδε.	u - u- - -u - u- u-	iambic trimeter (tragic)	
μήτοι με κρύψῃς τοῦθʼ ὅπερ μέλλω παθεῖν.	-- u -- - u- -- u-	iambic trimeter (tragic)	
ἀλλʼ οὐ μεγαίρω τοῦδέ σοι δωρήματος.	- - u-- -u - --u-	iambic trimeter (tragic)	
τί δῆτα μέλλεις μὴ_οὐ γεγωνίσκειν τὸ πᾶν;	u -u -- - u--- u -	iambic trimeter (tragic)	
φθόνος μὲν οὐδείς, σὰς δʼὀκνῶ θράξαι φρένας.	u- u -- - u- -- u-	iambic trimeter (tragic)	
μή μου προκήδου μᾶσσον ὡς ἐμοὶ γλυκύ.	- - u-- -u - u- u-	iambic trimeter (tragic)	
ἐπεὶ προθυμῇ, χρὴ λέγειν. ἄκουε δή.	u- u-- - u- u-u -	iambic trimeter (tragic)	
μήπω γε· μοῖραν δʼἡδονῆς κἀμοὶ πόρε.	-- u -- -u- -- u-	iambic trimeter (tragic)	
τὴν τῆσδε πρῶτον ἱστορήσωμεν νόσον,	- -u -u -u--- u-	iambic trimeter (tragic)	
αὐτῆς λεγούσης τὰς πολυφθόρους τύχας·	-- u-- - u-u- u-	iambic trimeter (tragic)	
τὰ λοιπὰ δʼἄθλων σοῦ διδαχθήτω πάρα.	u -u -- - u--- u-	iambic trimeter (tragic)	
σὸν ἔργον, Ἰοῖ, ταῖσδʼ ὑπουργῆσαι χάριν,	u -u -- - u--- u-	iambic trimeter (tragic)	
ἄλλως τε πάντως καὶ κασιγνήταις πατρός.	-- u -- - u--- u-	iambic trimeter (tragic)	
ὡς τἀποκλαῦσαι κἀποδύρασθαι τύχας	- -u-- -u--- u-	iambic trimeter (tragic)	
ἐνταῦθʼ, ὅπου μέλλοι τις οἴσεσθαι δάκρυ	-- u- -- u --- u-	iambic trimeter (tragic)	
πρὸς τῶν κλυόντων, ἀξίαν τριβὴν ἔχει.	- - u-- -u- u- u-	iambic trimeter (tragic)	
οὐκ οἶδʼ ὅπως ὑμῖν ἀπιστῆσαί με χρή,	- - u- -- u--- u -	iambic trimeter (tragic)	
σαφεῖ δὲ μύθῳ πᾶν ὅπερ προσχρῄζετε	u- u -- - u- --u-	iambic trimeter (tragic)	
πεύσεσθε· καίτοι καὶ λέγουσʼ αἰσχύνομαι	--u -- - u- --u-	iambic trimeter (tragic)	
θεόσσυτον χειμῶνα καὶ διαφθορὰν	u-u- --u - u-u-	iambic trimeter (tragic)	
μορφῆς, ὅθεν μοι σχετλίᾳ προσέπτατο.	-- u- - -u- u-u-	iambic trimeter (tragic)	
αἰεὶ γὰρ ὄψεις ἔννυχοι πωλεύμεναι	-- u -- -u- --u-	iambic trimeter (tragic)	
ἐς παρθενῶνας τοὺς ἐμοὺς παρηγόρουν	- -u-- - u- u-u-	iambic trimeter (tragic)	
λείοισι μύθοις ὦ μέγʼ εὔδαιμον κόρη,	--u -- - u --- u-	iambic trimeter (tragic)	
τί παρθενεύει δαρόν, ἐξόν σοι γάμου	u -u-- -u -- - u-	iambic trimeter (tragic)	Not Porson
τυχεῖν μεγίστου; Ζεὺς γὰρ ἱμέρου βέλει	u- u-- - u -u- u-	iambic trimeter (tragic)	
πρὸς σοῦ τέθαλπται καὶ συναίρεσθαι Κύπριν	- - u-- - u--- u-	iambic trimeter (tragic)	
θέλει· σὺ δʼ,ὦ παῖ, μὴ ʼπολακτίσῃς λέχος	u- u - - - u-u- u-	iambic trimeter (tragic)	
τὸ Ζηνός, ἀλλʼ ἔξελθε πρὸς Λέρνης βαθὺν	- -u - --u - -- u-	iambic trimeter (tragic)	
λειμῶνα, ποίμνας βουστάσεις τε πρὸς πατρός,	--u -- -u- u - u-	iambic trimeter (tragic)	
ὡς ἂν τὸ Δῖον ὄμμα λωφήσῃ πόθου.	- - u -u -u --- u-	iambic trimeter (tragic)	
τοιοῖσδε πάσας εὐφρόνας ὀνείρασι	--u -- -u- u-u-	iambic trimeter (tragic)	
συνειχόμην δύστηνος, ἔστε δὴ πατρὶ	u-u- --u -u - u-	iambic trimeter (tragic)	
ἔτλην γεγωνεῖν νυκτίφοιτʼ ὀνείρατα.	u- u-- -u- u-u-	iambic trimeter (tragic)	
ὁ δʼἔς τε Πυθὼ κἀπὶ Δωδώνης πυκνοὺς	u - u -- -u --- u-	iambic trimeter (tragic)	
θεοπρόπους ἴαλλεν, ὡς μάθοι τί χρὴ	u-u- u-u - u- u -	iambic trimeter (tragic)	
δρῶντʼ ἢ λέγοντα δαίμοσιν πράσσειν φίλα.	- - u-u -u- -- u-	iambic trimeter (tragic)	
ἧκον δʼἀναγγέλλοντες αἰολοστόμους	-- u---u -u-u-	iambic trimeter (tragic)	
χρησμοὺς ἀσήμους δυσκρίτως τʼεἰρημένους.	-- u-- -u- --u-	iambic trimeter (tragic)	
τέλος δʼἐναργὴς βάξις ἦλθεν Ἰνάχῳ	u- u-- -u -u -u-	iambic trimeter (tragic)	
σαφῶς ἐπισκήπτουσα καὶ μυθουμένη	u- u---u - --u-	iambic trimeter (tragic)	
ἔξω δόμων τε καὶ πάτρας ὠθεῖν ἐμέ,	-- u- u - u- -- u-	iambic trimeter (tragic)	
ἄφετον ἀλᾶσθαι γῆς ἐπʼ ἐσχάτοις ὅροις·	uuu u-- - u -u- u-	lyric	
κεἰ μὴ θέλοι, πυρωπὸν ἐκ Διὸς μολεῖν	- - u- u-u - u- u-	iambic trimeter (tragic)	
κεραυνόν, ὃς πᾶν ἐξαϊστώσοι γένος.	u-u - - -u--- u-	iambic trimeter (tragic)	
τοιοῖσδε πεισθεὶς Λοξίου μαντεύμασιν	--u -- -u- --u-	iambic trimeter (tragic)	
ἐξήλασέν με κἀπέκλῃσε δωμάτων	--u- u -u-u -u-	iambic trimeter (tragic)	
ἄκουσαν ἄκων· ἀλλʼ ἐπηνάγκαζέ νιν	--u -- - u---u -	iambic trimeter (tragic)	
Διὸς χαλινὸς πρὸς βίαν πράσσειν τάδε.	u- u-- - u- -- u-	iambic trimeter (tragic)	
εὐθὺς δὲ μορφὴ καὶ φρένες διάστροφοι	-- u -- - u- u-u-	iambic trimeter (tragic)	
ἦσαν, κεραστὶς δʼ,ὡς ὁρᾶτʼ, ὀξυστόμῳ	-- u-- - u- --u-	iambic trimeter (tragic)	
μύωπι χρισθεῖσʼ ἐμμανεῖ σκιρτήματι	u-u -- -u- --u-	iambic trimeter (tragic)	
ᾖσσον πρὸς εὔποτόν τε Κερχνείας ῥέος	-- u -u- u --- u-	iambic trimeter (tragic)	
Λέρνης τε κρήνην· βουκόλος δὲ γηγενὴς	-- u -- -u- u -u-	iambic trimeter (tragic)	
ἄκρατος ὀργὴν Ἄργος ὡμάρτει, πυκνοῖς	u-u -- -u --- u-	iambic trimeter (tragic)	
ὄσσοις δεδορκὼς τοὺς ἐμοὺς κατὰ στίβους.	-- u-- - u- u- u-	iambic trimeter (tragic)	
ἀπροσδόκητος δʼαὐτὸν ἀφνίδιος μόρος	u-u-- -u -uu- u-	iambic trimeter (tragic)	
τοῦ ζῆν ἀπεστέρησεν. οἰστροπλὴξ δʼἐγὼ	- - u-u-u -u- u-	iambic trimeter (tragic)	
μάστιγι θείᾳ γῆν πρὸ γῆς ἐλαύνομαι.	--u -- - u - u-u-	iambic trimeter (tragic)	
κλύεις τὰ πραχθέντʼ· εἰ δʼἔχεις εἰπεῖν ὅ τι	u- u -- - u- -- u -	iambic trimeter (tragic)	
λοιπὸν πόνων, σήμαινε· μηδέ μʼοἰκτίσας	-- u- --u -u -u-	iambic trimeter (tragic)	
ξύνθαλπε μύθοις ψευδέσιν· νόσημα γὰρ	--u -- -u- u-u -	iambic trimeter (tragic)	
αἴσχιστον εἶναί φημι συνθέτους λόγους.	--u -- -u -u- u-	iambic trimeter (tragic)	
ἔα ἔα, ἄπεχε, φεῦ·	uu u- uuu -	lyric	
οὔποτʼ ὧδ' οὔποτʼ ηὔχουν ξένους	-u - -u -- u-	lyric	
μολεῖσθαι λόγους εἰς ἀκοὰν ἐμάν,	u-- u- - uu- u-	lyric	
οὐδʼ ὧδε δυσθέατα καὶ δύσοιστα	- -u -uuu - u--	lyric	
πήματα, λύματα, δείματα ἀμφάκει	-uu -uu -uu -u-	lyric	
κέντρῳ ψύχειν ψυχὰν ἐμάν.	-- u- -- u-	lyric	
ἰὼ μοῖρα μοῖρα,	u- -u --	lyric	
πέφρικʼ εἰσιδοῦσα πρᾶξιν Ἰοῦς.	u- -u-u -u --	lyric	
πρῴ γε στενάζεις καὶ φόβου πλέα τις εἶ·	- - u-- - u- u- u -	iambic trimeter (tragic)	
ἐπίσχες ἔστʼ ἂν καὶ τὰ λοιπὰ προσμάθῃς.	u-u - - - u -u -u-	iambic trimeter (tragic)	
λέγʼ, ἐκδίδασκε· τοῖς νοσοῦσί τοι γλυκὺ	u -u-u - u-u - u-	iambic trimeter (tragic)	
τὸ λοιπὸν ἄλγος προυξεπίστασθαι τορῶς.	u -u -- -u--- u-	iambic trimeter (tragic)	
τὴν πρίν γε χρείαν ἠνύσασθʼ ἐμοῦ πάρα	- - u -u -u- u- u-	iambic trimeter (tragic)	
κούφως· μαθεῖν γὰρ τῆσδε πρῶτʼ ἐχρῄζετε	-- u- - -u - u-u-	iambic trimeter (tragic)	
τὸν ἀμφʼ ἑαυτῆς ἆθλον ἐξηγουμένης·	u - u-- -u ---u-	iambic trimeter (tragic)	
τὰ λοιπὰ νῦν ἀκούσαθʼ, οἷα χρὴ πάθη	u -u - u-u -u - u-	iambic trimeter (tragic)	
τλῆναι πρὸς Ἥρας τήνδε τὴν νεάνιδα.	-- u -- -u - u-u-	iambic trimeter (tragic)	
σύ τʼἸνάχειον σπέρμα, τοὺς ἐμοὺς λόγους	u -u-- -u - u- u-	iambic trimeter (tragic)	
θυμῷ βάλʼ, ὡς ἂν τέρματʼ ἐκμάθῃς ὁδοῦ.	-- u - - -u -u- u-	iambic trimeter (tragic)	
πρῶτον μὲν ἐνθένδʼ ἡλίου πρὸς ἀντολὰς	-- u -- -u- u -u-	iambic trimeter (tragic)	
στρέψασα σαυτὴν στεῖχʼ ἀνηρότους γύας·	--u -- - u-u- u-	iambic trimeter (tragic)	
Σκύθας δʼἀφίξῃ νομάδας, οἳ πλεκτὰς στέγας	u- u-- uuu - -- u-	lyric	
πεδάρσιοι ναίουσʼ ἐπʼ εὐκύκλοις ὄχοις	u-u- -- u -u- u-	iambic trimeter (tragic)	
ἑκηβόλοις τόξοισιν ἐξηρτυμένοι·	u-u- --u ---u-	iambic trimeter (tragic)	
οἷς μὴ πελάζειν, ἀλλʼ ἁλιστόνοις πόδας	- - u-- - u-u- u-	iambic trimeter (tragic)	
χρίμπτουσα ῥαχίαισιν ἐκπερᾶν χθόνα.	--u -u-u -u- u-	iambic trimeter (tragic)	
λαιᾶς δὲ χειρὸς οἱ σιδηροτέκτονες	-- u -u - u-u-u-	iambic trimeter (tragic)	
οἰκοῦσι Χάλυβες, οὓς φυλάξασθαί σε χρή.	--u uuu - u--- u -	lyric	
ἀνήμεροι γὰρ οὐδὲ πρόσπλατοι ξένοις.	u-u- u -u --- u-	iambic trimeter (tragic)	
ἥξεις δʼὙβριστὴν ποταμὸν οὐ ψευδώνυμον,	-- u-- uuu - --u-	lyric	
ὃν μὴ περάσῃς, οὐ γὰρ εὔβατος περᾶν,	- - u-- - u -u- u-	iambic trimeter (tragic)	
πρὶν ἂν πρὸς αὐτὸν Καύκασον μόλῃς, ὀρῶν	u - u -- -u- u- u-	iambic trimeter (tragic)	
ὕψιστον, ἔνθα ποταμὸς ἐκφυσᾷ μένος	--u -u uuu -u- u-	lyric	
κροτάφων ἀπʼ αὐτῶν. ἀστρογείτονας δὲ χρὴ	uu- u -- -u-u- u -	iambic trimeter (tragic)	
κορυφὰς ὑπερβάλλουσαν ἐς μεσημβρινὴν	uuu u---u - u-u-	lyric	
βῆναι κέλευθον, ἔνθʼ, Ἀμαζόνων στρατὸν	-- u-u - u-u- u-	iambic trimeter (tragic)	
ἥξεις στυγάνορʼ, αἳ Θεμίσκυράν ποτε	-- u-u - u-u- u-	iambic trimeter (tragic)	
κατοικιοῦσιν ἀμφὶ Θερμώδονθʼ, ἵνα	u-u-u -u --- u-	iambic trimeter (tragic)	
τραχεῖα πόντου Σαλμυδησσία γνάθος	--u -- -u-u- u-	iambic trimeter (tragic)	
ἐχθρόξενος ναύταισι, μητρυιὰ νεῶν·	--u- --u --- u-	iambic trimeter (tragic)	
αὗταί σʼὁδηγήσουσι καὶ μάλʼ ἀσμένως.	-- u---u - u -u-	iambic trimeter (tragic)	
ἰσθμὸν δʼἐπʼ αὐταῖς στενοπόροις λίμνης πύλαις	-- u -- uuu- -- u-	lyric	
Κιμμερικὸν ἥξεις, ὃν θρασυσπλάγχνως σε χρὴ	-uuu -- - u--- u -	lyric	
λιποῦσαν αὐλῶνʼ ἐκπερᾶν Μαιωτικόν·	u-u -- -u- --u-	iambic trimeter (tragic)	
ἔσται δὲ θνητοῖς εἰσαεὶ λόγος μέγας	-- u -- -u- u- u-	iambic trimeter (tragic)	
τῆς σῆς πορείας, Βόσπορος δʼἐπώνυμος	- - u-- -u- u-u-	iambic trimeter (tragic)	
κεκλήσεται. λιποῦσα δʼΕὐρώπης πέδον	u-u- u-u --- u-	iambic trimeter (tragic)	
ἤπειρον ἥξεις Ἀσιάδʼ·. ἆρʼ, ὑμῖν δοκεῖ	--u -- uuu - -- u-	lyric	
ὁ τῶν θεῶν τύραννος ἐς τὰ πάνθʼ ὁμῶς	u - u- u-u - u - u-	iambic trimeter (tragic)	
βίαιος εἶναι; τῇδε γὰρ θνητῇ θεὸς	u-u -- -u - -- u-	iambic trimeter (tragic)	
χρῄζων μιγῆναι τάσδʼ ἐπέρριψεν πλάνας.	-- u-- - u--- u-	iambic trimeter (tragic)	
πικροῦ δʼἔκυρσας, ὦ κόρη, τῶν σῶν γάμων	u- u-u - u- - - u-	iambic trimeter (tragic)	
μνηστῆρος. οὓς γὰρ νῦν ἀκήκοας λόγους,	--u - - - u-u- u-	iambic trimeter (tragic)	
εἶναι δόκει σοι μηδέπωʼν προοιμίοις.	-- u- - -u- u-u-	iambic trimeter (tragic)	
ἰώ μοί μοι, ἒ ἔ.	u- - - u -	lyric	
σὺ δʼαὖ κέκραγας κἀναμυχθίζῃ; τί που	u - u-- -u--- u -	iambic trimeter (tragic)	
δράσεις, ὅταν τὰ λοιπὰ πυνθάνῃ κακά;	-- u- u -u -u- u-	iambic trimeter (tragic)	
ἦ γάρ τι λοιπὸν τῇδε πημάτων ἐρεῖς;	- - u -- -u -u- u-	iambic trimeter (tragic)	
δυσχείμερόν γε πέλαγος ἀτηρᾶς δύης.	--u- u uuu --- u-	lyric	
τί δῆτʼ ἐμοὶ ζῆν κέρδος, ἀλλʼ οὐκ ἐν τάχει	u - u- - -u - - - u-	iambic trimeter (tragic)	
ἔρριψʼ ἐμαυτὴν τῆσδʼ ἀπὸ στύφλου πέτρας,	-- u-- - u- u- u-	iambic trimeter (tragic)	
ὅπως πέδοι σκήψασα τῶν πάντων πόνων	u- u- --u - -- u-	iambic trimeter (tragic)	
ἀπηλλάγην; κρεῖσσον γὰρ εἰσάπαξ θανεῖν	u-u- -- u -u- u-	iambic trimeter (tragic)	
ἢ τὰς ἁπάσας ἡμέρας πάσχειν κακῶς.	- - u-- -u- -- u-	iambic trimeter (tragic)	
ἦ δυσπετῶς ἂν τοὺς ἐμοὺς ἄθλους φέροις,	- -u- - - u- u- u-	iambic trimeter (tragic)	
ὅτῳ θανεῖν μέν ἐστιν οὐ πεπρωμένον·	u- u- u -u - u-u-	iambic trimeter (tragic)	
αὕτη γὰρ ἦν ἂν πημάτων ἀπαλλαγή·	-- u - - -u- u-u-	iambic trimeter (tragic)	
νῦν δʼοὐδέν ἐστι τέρμα μοι προκείμενον	- -u -u -u - u-u-	iambic trimeter (tragic)	
μόχθων, πρὶν ἂν Ζεὺς ἐκπέσῃ τυραννίδος.	-- u - - -u- u-u-	iambic trimeter (tragic)	
ἦ γάρ ποτʼ ἔστιν ἐκπεσεῖν ἀρχῆς Δία;	- - u -u -u- -- u-	iambic trimeter (tragic)	
ἥδοιʼ ἄν, οἶμαι, τήνδʼ ἰδοῦσα συμφοράν.	-- u -- - u-u -u-	iambic trimeter (tragic)	
πῶς δʼοὐκ ἄν, ἥτις ἐκ Διὸς πάσχω κακῶς;	- - u -u - u- -- u-	iambic trimeter (tragic)	
ὡς τοίνυν ὄντων τῶνδέ σοι μαθεῖν πάρα.	- -u -- -u - u- u-	iambic trimeter (tragic)	
πρὸς τοῦ τύραννα σκῆπτρα συληθήσεται;	- - u-- -u ---u-	iambic trimeter (tragic)	
πρὸς αὐτὸς αὑτοῦ κενοφρόνων βουλευμάτων.	u -u -- uuu- --u-	lyric	
ποίῳ τρόπῳ; σήμηνον, εἰ μή τις βλάβη.	-- u- --u - - - u-	iambic trimeter (tragic)	
γαμεῖ γάμον τοιοῦτον ᾧ ποτʼ ἀσχαλᾷ.	u- u- --u - u -u-	iambic trimeter (tragic)	
θέορτον, ἢ βρότειον; εἰ ῥητόν, φράσον.	u-u - u-u - -- u-	iambic trimeter (tragic)	
τί δʼὅντινʼ·; οὐ γὰρ ῥητὸν αὐδᾶσθαι τόδε.	u -u - u -u --- u-	iambic trimeter (tragic)	
ἦ πρὸς δάμαρτος ἐξανίσταται θρόνων;	- - u-u -u-u- u-	iambic trimeter (tragic)	
ἣ τέξεταί γε παῖδα φέρτερον πατρός.	- -u- u -u -u- u-	iambic trimeter (tragic)	
οὐδʼ ἔστιν αὐτῷ τῆσδʼ ἀποστροφὴ τύχης;	- -u -- - u-u- u-	iambic trimeter (tragic)	
οὐ δῆτα, πλὴν ἔγωγʼ ἂν ἐκ δεσμῶν λυθείς.	- -u - u- u - -- u-	iambic trimeter (tragic)	
τίς οὖν ὁ λύσων ἐστὶν ἄκοντος Διός;	u - u -- -u --- u-	iambic trimeter (tragic)	
τῶν σῶν τινʼ αὐτὸν ἐγγόνων εἶναι χρεών.	- - u -u -u- -- u-	iambic trimeter (tragic)	
πῶς εἶπας; ἦ ʼμὸς παῖς σʼἀπαλλάξει κακῶν;	- -u - - - u--- u-	iambic trimeter (tragic)	
τρίτος γε γένναν πρὸς δέκʼ ἄλλαισιν γοναῖς.	u- u -- - u --- u-	iambic trimeter (tragic)	
ἥδʼ οὐκέτʼ εὐξύμβλητος ἡ χρησμῳδία.	- -u ---u - --u-	iambic trimeter (tragic)	
καὶ μηδὲ σαυτῆς ἐκμαθεῖν ζήτει πόνους.	- -u -- -u- -- u-	iambic trimeter (tragic)	
μή μοι προτείνων κέρδος εἶτʼ ἀποστέρει.	- - u-- -u - u-u-	iambic trimeter (tragic)	
δυοῖν λόγοιν σε θατέρῳ δωρήσομαι.	u- u- u -u- --u-	iambic trimeter (tragic)	
ποίοιν; πρόδειξον, αἵρεσίν τʼἐμοὶ δίδου.	-- u-u -u- u- u-	iambic trimeter (tragic)	
δίδωμʼ· ἑλοῦ γάρ, ἢ πόνων τὰ λοιπά σοι	u- u- u - u- u -u -	iambic trimeter (tragic)	
φράσω σαφηνῶς, ἢ τὸν ἐκλύσοντʼ ἐμέ.	u- u-- - u --- u-	iambic trimeter (tragic)	
τούτων σὺ τὴν μὲν τῇδε, τὴν δʼἐμοὶ χάριν	-- u - - -u - u- u-	iambic trimeter (tragic)	
θέσθαι θέλησον, μηδʼ ἀτιμάσῃς λόγου·	-- u-- - u-u- u-	iambic trimeter (tragic)	
καὶ τῇδε μὲν γέγωνε τὴν λοιπὴν πλάνην,	- -u - u-u - -- u-	iambic trimeter (tragic)	
ἐμοὶ δὲ τὸν λύσοντα· τοῦτο γὰρ ποθῶ.	u- u - --u -u - u-	iambic trimeter (tragic)	
ἐπεὶ προθυμεῖσθʼ, οὐκ ἐναντιώσομαι	u- u-- - u-u-u-	iambic trimeter (tragic)	
τὸ μὴ_οὐ γεγωνεῖν πᾶν ὅσον προσχρῄζετε.	u - u-- - u- --u-	iambic trimeter (tragic)	
σοὶ πρῶτον, Ἰοῖ, πολύδονον πλάνην φράσω,	- -u -- uuu- u- u-	lyric	
ἣν ἐγγράφου σὺ μνήμοσιν δέλτοις φρενῶν.	- -u- - -u- -- u-	iambic trimeter (tragic)	
ὅταν περάσῃς ῥεῖθρον ἠπείροιν ὅρον,	u- u-- -u --- u-	iambic trimeter (tragic)	
πρὸς ἀντολὰς φλογῶπας ἡλιοστιβεῖς	u -u- u-u -u-u-	iambic trimeter (tragic)	
πόντου περῶσα φλοῖσβον, ἔστʼ ἂν ἐξίκῃ	-- u-u -u - u -u-	iambic trimeter (tragic)	
πρὸς Γοργόνεια πεδία Κισθήνης, ἵνα	- -u-u uuu --- u-	lyric	
αἱ Φορκίδες ναίουσι δηναιαὶ κόραι	- -u- --u --- u-	iambic trimeter (tragic)	
τρεῖς κυκνόμορφοι, κοινὸν ὄμμʼ ἐκτημέναι,	- -u-- -u - --u-	iambic trimeter (tragic)	
μονόδοντες, ἃς οὔθʼ ἥλιος προσδέρκεται	uu-u - - -u- --u-	iambic trimeter (tragic)	
ἀκτῖσιν οὔθʼ ἡ νύκτερος μήνη ποτέ.	--u - - -u- -- u-	iambic trimeter (tragic)	
πέλας δʼἀδελφαὶ τῶνδε τρεῖς κατάπτεροι,	u- u-- -u - u-u-	iambic trimeter (tragic)	
δρακοντόμαλλοι Γοργόνες βροτοστυγεῖς,	u-u-- -u- u-u-	iambic trimeter (tragic)	
ἃς θνητὸς οὐδεὶς εἰσιδὼν ἕξει πνοάς.	- -u -- -u- -- u-	iambic trimeter (tragic)	
τοιοῦτο μέν σοι τοῦτο φρούριον λέγω·	--u - - -u -u- u-	iambic trimeter (tragic)	
ἄλλην δʼἄκουσον δυσχερῆ θεωρίαν·	-- u-- -u- u-u-	iambic trimeter (tragic)	
ὀξυστόμους γὰρ Ζηνὸς ἀκραγεῖς κύνας	--u- - -u --- u-	iambic trimeter (tragic)	
γρῦπας φύλαξαι, τόν τε μουνῶπα στρατὸν	-- u-- - u --- u-	iambic trimeter (tragic)	
Ἀριμασπὸν ἱπποβάμονʼ, οἳ χρυσόρρυτον	uu-u -u-u - u-u-	iambic trimeter (tragic)	
οἰκοῦσιν ἀμφὶ νᾶμα Πλούτωνος πόρου·	--u -u -u --- u-	iambic trimeter (tragic)	
τούτοις σὺ μὴ πέλαζε. τηλουρὸν δὲ γῆν	-- u - u-u --- u -	iambic trimeter (tragic)	
ἥξεις, κελαινὸν φῦλον, οἳ πρὸς ἡλίου	-- u-- -u - u -u-	iambic trimeter (tragic)	
ναίουσι πηγαῖς, ἔνθα ποταμὸς Αἰθίοψ.	--u -- -u uuu -u-	lyric	
τούτου παρʼ ὄχθας ἕρφʼ, ἕως ἂν ἐξίκῃ	-- u -- - u- u -u-	iambic trimeter (tragic)	
καταβασμόν, ἔνθα Βιβλίνων ὀρῶν ἄπο	uu-u -u -u- u- u-	iambic trimeter (tragic)	
ἵησι σεπτὸν Νεῖλος εὔποτον ῥέος.	u-u -- -u -u- u-	iambic trimeter (tragic)	
οὗτός σʼὁδώσει τὴν τρίγωνον ἐς χθόνα	-- u-- - u-u - u-	iambic trimeter (tragic)	
Νειλῶτιν, οὗ δὴ τὴν μακρὰν ἀποικίαν,	--u - - - u- u-u-	iambic trimeter (tragic)	
Ἰοῖ, πέπρωται σοί τε καὶ τέκνοις κτίσαι.	-- u-- - u - u- u-	iambic trimeter (tragic)	
τῶν δʼεἴ τί σοι ψελλόν τε καὶ δυσεύρετον,	- - u - -- u - u-u-	iambic trimeter (tragic)	
ἐπανδίπλαζε καὶ σαφῶς ἐκμάνθανε·	u-u-u - u- --u-	iambic trimeter (tragic)	
σχολὴ δὲ πλείων ἢ θέλω πάρεστί μοι.	u- u -- - u- u-u -	iambic trimeter (tragic)	
εἰ μέν τι τῇδε λοιπὸν ἢ παρειμένον	- - u -u -u - u-u-	iambic trimeter (tragic)	
ἔχεις γεγωνεῖν τῆς πολυφθόρου πλάνης,	u- u-- - u-u- u-	iambic trimeter (tragic)	
λέγʼ· εἰ δὲ πάντʼ εἴρηκας, ἡμῖν αὖ χάριν	u - u - --u -- - u-	iambic trimeter (tragic)	Not Porson
δὸς ἥνπερ αἰτούμεσθα, μέμνησαι δέ που.	u -u ---u --- u -	iambic trimeter (tragic)	
τὸ πᾶν πορείας ἥδε τέρμʼ ἀκήκοεν.	u - u-- -u - u-u-	iambic trimeter (tragic)	
ὅπως δʼἂν εἰδῇ μὴ μάτην κλύουσά μου,	u- u -- - u- u-u -	iambic trimeter (tragic)	
ἃ πρὶν μολεῖν δεῦρʼ ἐκμεμόχθηκεν φράσω,	u - u- - -u--- u-	iambic trimeter (tragic)	
τεκμήριον τοῦτʼ αὐτὸ δοὺς μύθων ἐμῶν.	--u- - -u - -- u-	iambic trimeter (tragic)	
ὄχλον μὲν οὖν τὸν πλεῖστον ἐκλείψω λόγων,	u- u - - -u --- u-	iambic trimeter (tragic)	
πρὸς αὐτὸ δʼεἶμι τέρμα σῶν πλανημάτων.	u -u -u -u - u-u-	iambic trimeter (tragic)	
ἐπεὶ γὰρ ἦλθες πρὸς Μολοσσὰ γάπεδα,	u- u -- - u-u -u-	iambic trimeter (tragic)	
τὴν αἰπύνωτόν τʼἀμφὶ Δωδώνην, ἵνα	- -u-- -u --- u-	iambic trimeter (tragic)	
μαντεῖα θᾶκός τʼἐστὶ Θεσπρωτοῦ Διός,	--u -- -u --- u-	iambic trimeter (tragic)	
τέρας τʼἄπιστον, αἱ προσήγοροι δρύες,	u- u-u - u-u- u-	iambic trimeter (tragic)	
ὑφʼ ὧν σὺ λαμπρῶς κοὐδὲν αἰνικτηρίως	u - u -- -u ---u-	iambic trimeter (tragic)	
προσηγορεύθης ἡ Διὸς κλεινὴ δάμαρ	u-u-- - u- -- u-	iambic trimeter (tragic)	
μέλλουσʼ ἔσεσθαι. τῶνδε προσσαίνει σέ τι;	-- u-- -u --- u -	iambic trimeter (tragic)	
ἐντεῦθεν οἰστρήσασα τὴν παρακτίαν	--u ---u - u-u-	iambic trimeter (tragic)	
κέλευθον ᾖξας πρὸς μέγαν κόλπον Ῥέας,	u-u -- - u- -- u-	iambic trimeter (tragic)	
ἀφʼ οὗ παλιμπλάγκτοισι χειμάζῃ δρόμοις·	u - u---u --- u-	iambic trimeter (tragic)	
χρόνον δὲ τὸν μέλλοντα πόντιος μυχός,	u- u - --u -u- u-	iambic trimeter (tragic)	
σαφῶς ἐπίστασʼ, Ἰόνιος κεκλήσεται,.	u- u-- uuu- u-u-	lyric	
τῆς σῆς πορείας μνῆμα τοῖς πᾶσιν βροτοῖς.	- - u-- -u - -- u-	iambic trimeter (tragic)	
σημεῖά σοι τάδʼ ἐστὶ τῆς ἐμῆς φρενός,	--u - u -u - u- u-	iambic trimeter (tragic)	
ὡς δέρκεται πλέον τι τοῦ πεφασμένου.	- -u- u- u - u-u-	iambic trimeter (tragic)	
τὰ λοιπὰ δʼὑμῖν τῇδέ τʼἐς κοινὸν φράσω,	u -u -- -u - -- u-	iambic trimeter (tragic)	
ἐς ταὐτὸν ἐλθὼν τῶν πάλαι λόγων ἴχνος.	- -u -- - u- u- u-	iambic trimeter (tragic)	
ἔστιν πόλις Κάνωβος ἐσχάτη χθονός,	-- u- u-u -u- u-	iambic trimeter (tragic)	
Νείλου πρὸς αὐτῷ στόματι καὶ προσχώματι·	-- u -- uuu - --u-	lyric	
ἐνταῦθα δή σε Ζεὺς τίθησιν ἔμφρονα	--u - - - u-u -u-	iambic trimeter (tragic)	
ἐπαφῶν ἀταρβεῖ χειρὶ καὶ θιγὼν μόνον.	uu- u-- -u - u- u-	iambic trimeter (tragic)	
ἐπώνυμον δὲ τῶν Διὸς γεννημάτων	u-u- u - u- --u-	iambic trimeter (tragic)	
τέξεις κελαινὸν Ἔπαφον, ὃς καρπώσεται	-- u-u uuu - --u-	lyric	
ὅσην πλατύρρους Νεῖλος ἀρδεύει χθόνα·	u- u-- -u --- u-	iambic trimeter (tragic)	
πέμπτη δʼἀπʼ αὐτοῦ γέννα πεντηκοντάπαις	-- u -- -u ---u-	iambic trimeter (tragic)	
πάλιν πρὸς Ἄργος οὐχ ἑκοῦσʼ ἐλεύσεται	u- u -u - u- u-u-	iambic trimeter (tragic)	
θηλύσπορος, φεύγουσα συγγενῆ γάμον	--u- --u -u- u-	iambic trimeter (tragic)	
ἀνεψιῶν· οἱ δʼἐπτοημένοι φρένας,	u-u- - -u-u- u-	iambic trimeter (tragic)	
κίρκοι πελειῶν οὐ μακρὰν λελειμμένοι,	-- u-- - u- u-u-	iambic trimeter (tragic)	
ἥξουσι θηρεύοντες οὐ θηρασίμους	--u ---u - --u-	iambic trimeter (tragic)	
γάμους, φθόνον δὲ σωμάτων ἕξει θεός·	u- u- u -u- -- u-	iambic trimeter (tragic)	
Πελασγία δὲ δέξεται θηλυκτόνῳ	u-u- u -u- --u-	iambic trimeter (tragic)	
Ἄρει, δαμέντων νυκτιφρουρήτῳ θράσει.	u- u-- -u--- u-	iambic trimeter (tragic)	
γυνὴ γὰρ ἄνδρʼ ἕκαστον αἰῶνος στερεῖ,	u- u - u-u --- u-	iambic trimeter (tragic)	
δίθηκτον ἐν σφαγαῖσι βάψασα ξίφος·	u-u - u-u --- u-	iambic trimeter (tragic)	
τοιάδʼ ἐπʼ ἐχθροὺς τοὺς ἐμοὺς ἔλθοι Κύπρις.	-- u -- - u- -- u-	iambic trimeter (tragic)	
μίαν δὲ παίδων ἵμερος θέλξει τὸ μὴ	u- u -- -u- -- u -	iambic trimeter (tragic)	
κτεῖναι σύνευνον, ἀλλʼ ἀπαμβλυνθήσεται	-- u-u - u---u-	iambic trimeter (tragic)	
γνώμην· δυοῖν δὲ θάτερον βουλήσεται,	-- u- u -u- --u-	iambic trimeter (tragic)	
κλύειν ἄναλκις μᾶλλον ἢ μιαιφόνος·	u- u-- -u - u-u-	iambic trimeter (tragic)	
αὕτη κατʼ Ἄργος βασιλικὸν τέξει γένος.	-- u -- uuu- -- u-	lyric	
μακροῦ λόγου δεῖ ταῦτʼ ἐπεξελθεῖν τορῶς.	u- u- - - u--- u-	iambic trimeter (tragic)	
σπορᾶς γε μὴν ἐκ τῆσδε φύσεται θρασὺς	u- u - - -u -u- u-	iambic trimeter (tragic)	
τόξοισι κλεινός, ὃς πόνων ἐκ τῶνδʼ ἐμὲ	--u -u - u- - - u-	iambic trimeter (tragic)	
λύσει. τοιόνδε χρησμὸν ἡ παλαιγενὴς	-- u-u -u - u-u-	iambic trimeter (tragic)	
μήτηρ ἐμοὶ διῆλθε Τιτανὶς Θέμις·	-- u- u-u --- u-	iambic trimeter (tragic)	
ὅπως δὲ χὤπη, ταῦτα δεῖ μακροῦ λόγου	u- u -- -u - u- u-	iambic trimeter (tragic)	
εἰπεῖν, σύ τʼοὐδὲν ἐκμαθοῦσα κερδανεῖς.	-- u -u -u-u -u-	iambic trimeter (tragic)	
ἐλελεῦ ἐλελεῦ,	uu- uu-	anapaestic	
ὑπό μʼαὖ σφάκελος καὶ φρενοπληγεῖς	uu - uu- - uu--	anapaestic	
μανίαι θάλπουσʼ, οἴστρου δʼἄρδις	uu- -- -- --	anapaestic	
χρίει μʼἄπυρος·	-- uu-	anapaestic	
κραδία δὲ φόβῳ φρένα λακτίζει.	uu- u u- uu ---	anapaestic	
τροχοδινεῖται δʼὄμμαθʼ ἑλίγδην,	uu--- -u u--	anapaestic	
ἔξω δὲ δρόμου φέρομαι λύσσης	-- u u- uu- --	anapaestic	
πνεύματι μάργῳ, γλώσσης ἀκρατής·	-uu -- -- uu-	anapaestic	
θολεροὶ δὲ λόγοι παίουσʼ εἰκῆ	uu- u u- -- --	anapaestic	
στυγνῆς πρὸς κύμασιν ἄτης.	-- - -uu --	lyric	
ἦ σοφὸς ἦ σοφὸς ἦν	- uu - uu -	lyric	
ὃς πρῶτος ἐν γνώμᾳ τόδʼ ἐβάστασε καὶ	- -u - -- u u-uu -	lyric	
γλώσσᾳ διεμυθολόγησεν,	-- uu-uu--	lyric	
ὡς τὸ κηδεῦσαι καθʼ ἑαυτὸν ἀριστεύει μακρῷ,	- u --- u u-u u--- u-	lyric	
καὶ μήτε τῶν πλούτῳ διαθρυπτομένων	- -u - -- uu-uu-	lyric	
μήτε τῶν γέννᾳ μεγαλυνομένων	-u - -- uu-uu-	lyric	
ὄντα χερνήταν ἐραστεῦσαι γάμων.	-u --- u--- u-	lyric	
μήποτε μήποτέ ἔμʼ, ὦ	-uu -uu u -	lyric	
Μοῖραι u---, λεχέων Διὸς εὐ-	-- u--- uu- uu -	lyric	
νάτειραν ἴδοισθε πέλουσαν·	--u u-u u--	lyric	
μηδὲ πλαθείην γαμέτᾳ τινὶ τῶν ἐξ οὐρανοῦ.	-u --- uu- uu - - -u-	lyric	
ταρβῶ γὰρ ἀστεργάνορα παρθενίαν	-- u ---uu -uu-	lyric	
εἰσορῶσʼ Ἰοῦς ἀμαλαπτομέναν	-u- -- uu-uu-	lyric	
δυσπλάνοις Ἥρας ἀλατείαις πόνων.	-u- -- u--- u-	lyric	
ἐμοὶ δʼὁπόθι μὲν ὁμαλὸς ὁ γάμος ἄφοβος οὐ-	u- uuu u uuu u uu uuu -	lyric	
-δὲ δέδια μηδὲ κρεισσόνων θεῶν ἔρως	u uuu -u -u- u- u-	lyric	
ἄφυκτον ὄμμα προσδράκοι.	u-u -u -u-	lyric	
ἀπόλεμος ὅδε γʼὁ πόλεμος, ἄπορα πόριμος· οὐδʼ	uuuu uu u uuu uuu uuu -	lyric	
ἔχω τίς ἂν γενοίμαν.	u- u - u--	lyric	
τὰν Διὸς γὰρ οὐχ ὁρῶ μῆτιν ὅπαι φύγοιμʼ ἄν.	- u- u - u- -u u- u- -	lyric	
ἦ μὴν ἔτι Ζεύς, καίπερ αὐθάδης φρενῶν,	- - u- - -u -u- u-	iambic trimeter (tragic)	
ἔσται ταπεινός, οἷον ἐξαρτύεται	-- u-u -u ---u-	iambic trimeter (tragic)	
γάμον γαμεῖν, ὃς αὐτὸν ἐκ τυραννίδος	u- u- u -u - u-u-	iambic trimeter (tragic)	
θρόνων τʼἄιστον ἐκβαλεῖ· πατρὸς δʼἀρὰ	u- u-u -u- u- u-	iambic trimeter (tragic)	
Κρόνου τότʼ ἤδη παντελῶς κρανθήσεται,	u- u -- -u- --u-	iambic trimeter (tragic)	
ἣν ἐκπίτνων ἠρᾶτο δηναιῶν θρόνων.	- -u- --u --- u-	iambic trimeter (tragic)	
τοιῶνδε μόχθων ἐκτροπὴν οὐδεὶς θεῶν	--u -- -u- -- u-	iambic trimeter (tragic)	
δύναιτʼ ἂν αὐτῷ πλὴν ἐμοῦ δεῖξαι σαφῶς.	u- u -- - u- -- u-	iambic trimeter (tragic)	
ἐγὼ τάδʼ οἶδα χᾦ τρόπῳ. πρὸς ταῦτά νυν	u- u -u - u- - -u -	iambic trimeter (tragic)	
θαρσῶν καθήσθω τοῖς πεδαρσίοις κτύποις	-- u-- - u-u- u-	iambic trimeter (tragic)	
πιστός, τινάσσων τʼἐν χεροῖν πύρπνουν βέλος.	-- u-- - u- -- u-	iambic trimeter (tragic)	
οὐδὲν γὰρ αὐτῷ ταῦτʼ ἐπαρκέσει τὸ μὴ_οὐ	-- u -- - u-u- u -	iambic trimeter (tragic)	
πεσεῖν ἀτίμως πτώματʼ οὐκ ἀνασχετά·	u- u-- -u - u-u-	iambic trimeter (tragic)	
τοῖον παλαιστὴν νῦν παρασκευάζεται	-- u-- - u---u-	iambic trimeter (tragic)	
ἐπʼ αὐτὸς αὑτῷ, δυσμαχώτατον τέρας·	u -u -- -u-u- u-	iambic trimeter (tragic)	
ὃς δὴ κεραυνοῦ κρείσσονʼ εὑρήσει φλόγα,	- - u-- -u --- u-	iambic trimeter (tragic)	
βροντῆς θʼὑπερβάλλοντα καρτερὸν κτύπον·	-- u---u -u- u-	iambic trimeter (tragic)	
θαλασσίαν τε γῆς τινάκτειραν νόσον	u-u- u - u--- u-	iambic trimeter (tragic)	
τρίαιναν, αἰχμὴν τὴν Ποσειδῶνος, σκεδᾷ.	u-u -- - u--- u-	iambic trimeter (tragic)	
πταίσας δὲ τῷδε πρὸς κακῷ μαθήσεται	-- u -u - u- u-u-	iambic trimeter (tragic)	
ὅσον τό τʼἄρχειν καὶ τὸ δουλεύειν δίχα.	u- u -- - u --- u-	iambic trimeter (tragic)	
σύ θην ἃ χρῄζεις, ταῦτʼ ἐπιγλωσσᾷ Διός.	u - u -- - u--- u-	iambic trimeter (tragic)	
ἅπερ τελεῖται, πρὸς δʼἃ βούλομαι λέγω.	u- u-- - u -u- u-	iambic trimeter (tragic)	
καὶ προσδοκᾶν χρὴ δεσπόσειν Ζηνός τινα;	- -u- - -u- -- u-	iambic trimeter (tragic)	
καὶ τῶνδέ γʼ,ἕξει δυσλοφωτέρους πόνους.	- -u -- -u-u- u-	iambic trimeter (tragic)	
πῶς δʼοὐχὶ ταρβεῖς τοιάδʼ ἐκρίπτων ἔπη;	- -u -- -u --- u-	iambic trimeter (tragic)	
τί δʼἂν φοβοίμην ᾧ θανεῖν οὐ μόρσιμον;	u - u-- - u- - -u-	iambic trimeter (tragic)	
ἀλλʼ ἆθλον ἄν σοι τοῦδʼ ἔτʼ ἀλγίω πόροι.	- -u - - - u -u- u-	iambic trimeter (tragic)	
ὁ δʼοὖν ποιείτω· πάντα προσδοκητά μοι.	u - u-- -u -u-u -	iambic trimeter (tragic)	
οἱ προσκυνοῦντες τὴν Ἀδράστειαν σοφοί.	- -u-- - u--- u-	iambic trimeter (tragic)	
σέβου, προσεύχου, θῶπτε τὸν κρατοῦντʼ ἀεί.	u- u-- -u - u- u-	iambic trimeter (tragic)	
ἐμοὶ δʼἔλασσον Ζηνὸς ἢ μηδὲν μέλει.	u- u-- -u - -- u-	iambic trimeter (tragic)	
δράτω, κρατείτω τόνδε τὸν βραχὺν χρόνον,	u- u-- -u - u- u-	iambic trimeter (tragic)	
ὅπως θέλει· δαρὸν γὰρ οὐκ ἄρξει θεοῖς.	u- u- -- u - -- u-	iambic trimeter (tragic)	
ἀλλʼ εἰσορῶ γὰρ τόνδε τὸν Διὸς τρόχιν,	- -u- - -u - u- u-	iambic trimeter (tragic)	
τὸν τοῦ τυράννου τοῦ νέου διάκονον·	- - u-- - u- u-u-	iambic trimeter (tragic)	
πάντως τι καινὸν ἀγγελῶν ἐλήλυθεν.	-- u -u -u- u-u-	iambic trimeter (tragic)	
σὲ τὸν σοφιστήν, τὸν πικρῶς ὑπέρπικρον,	u - u-- - u- u-u-	iambic trimeter (tragic)	
τὸν ἐξαμαρτόντʼ εἰς θεοὺς ἐφημέροις	u -u-- - u- u-u-	iambic trimeter (tragic)	
πορόντα τιμάς, τὸν πυρὸς κλέπτην λέγω·	u-u -- - u- -- u-	iambic trimeter (tragic)	
πατὴρ ἄνωγέ σʼοὕστινας κομπεῖς γάμους	u- u-u -u- -- u-	iambic trimeter (tragic)	
αὐδᾶν, πρὸς ὧν ἐκεῖνος ἐκπίπτει κράτους.	-- u - u-u --- u-	iambic trimeter (tragic)	
καὶ ταῦτα μέντοι μηδὲν αἰνικτηρίως,	- -u -- -u ---u-	iambic trimeter (tragic)	
ἀλλʼ αὔθʼ ἕκαστα φράζε· μηδέ μοι διπλᾶς	- - u-u -u -u - u-	iambic trimeter (tragic)	
ὁδούς, Προμηθεῦ, προσβάλῃς· ὁρᾷς δʼὅτι	u- u-- -u- u- u-	iambic trimeter (tragic)	
Ζεὺς τοῖς τοιούτοις οὐχὶ μαλθακίζεται.	- - u-- -u -u-u-	iambic trimeter (tragic)	
σεμνόστομός γε καὶ φρονήματος πλέως	--u- u - u-u- u-	iambic trimeter (tragic)	
ὁ μῦθός ἐστιν, ὡς θεῶν ὑπηρέτου.	u -u -u - u- u-u-	iambic trimeter (tragic)	
νέον νέοι κρατεῖτε καὶ δοκεῖτε δὴ	u- u- u-u - u-u -	iambic trimeter (tragic)	
ναίειν ἀπενθῆ πέργαμʼ· οὐκ ἐκ τῶνδʼ ἐγὼ	-- u-- -u - - - u-	iambic trimeter (tragic)	
δισσοὺς τυράννους ἐκπεσόντας ᾐσθόμην;	-- u-- -u-u -u-	iambic trimeter (tragic)	
τρίτον δὲ τὸν νῦν κοιρανοῦντʼ ἐπόψομαι	u- u - - -u- u-u-	iambic trimeter (tragic)	
αἴσχιστα καὶ τάχιστα. μή τί σοι δοκῶ	--u - u-u - u - u-	iambic trimeter (tragic)	
ταρβεῖν ὑποπτήσσειν τε τοὺς νέους θεούς;	-- u--- u - u- u-	iambic trimeter (tragic)	
πολλοῦ γε καὶ τοῦ παντὸς ἐλλείπω. σὺ δὲ	-- u - - -u --- u -	iambic trimeter (tragic)	
κέλευθον ἥνπερ ἦλθες ἐγκόνει πάλιν·	u-u -u -u -u- u-	iambic trimeter (tragic)	
πεύσῃ γὰρ οὐδὲν ὧν ἀνιστορεῖς ἐμέ.	-- u -u - u-u- u-	iambic trimeter (tragic)	
τοιοῖσδε μέντοι καὶ πρὶν αὐθαδίσμασιν	--u -- - u -u-u-	iambic trimeter (tragic)	
ἐς τάσδε σαυτὸν πημονὰς καθώρμισας.	- -u -- -u- u-u-	iambic trimeter (tragic)	
τῆς σῆς λατρείας τὴν ἐμὴν δυσπραξίαν,	- - u-- - u- --u-	iambic trimeter (tragic)	
σαφῶς ἐπίστασʼ, οὐκ ἂν ἀλλάξαιμʼ ἐγώ.	u- u-- - u --- u-	iambic trimeter (tragic)	
κρεῖσσον γὰρ οἶμαι τῇδε λατρεύειν πέτρᾳ	-- u -- -u --- u-	iambic trimeter (tragic)	
ἢ πατρὶ φῦναι Ζηνὶ πιστὸν ἄγγελον.	- -u -- -u -u -u-	iambic trimeter (tragic)	
οὕτως ὑβρίζειν τοὺς ὑβρίζοντας χρεών.	-- u-- - u--- u-	iambic trimeter (tragic)	
χλιδᾶν ἔοικας τοῖς παροῦσι πράγμασι.	u- u-- - u-u -u-	iambic trimeter (tragic)	
χλιδῶ; χλιδῶντας ὧδε τοὺς ἐμοὺς ἐγὼ	u- u-u -u - u- u-	iambic trimeter (tragic)	
ἐχθροὺς ἴδοιμι· καὶ σὲ δʼἐν τούτοις λέγω.	-- u-u - u - -- u-	iambic trimeter (tragic)	
ἦ κἀμὲ γάρ τι συμφοραῖς ἐπαιτιᾷ;	- -u - u -u- u-u-	iambic trimeter (tragic)	
ἁπλῷ λόγῳ τοὺς πάντας ἐχθαίρω θεούς,	u- u- - -u --- u-	iambic trimeter (tragic)	
ὅσοι παθόντες εὖ κακοῦσί μʼἐκδίκως.	u- u-u - u-u -u-	iambic trimeter (tragic)	
κλύω σʼἐγὼ μεμηνότʼ οὐ σμικρὰν νόσον.	u- u- u-u - u- u-	iambic trimeter (tragic)	
νοσοῖμʼ ἄν, εἰ νόσημα τοὺς ἐχθροὺς στυγεῖν.	u- u - u-u - -- u-	iambic trimeter (tragic)	
εἴης φορητὸς οὐκ ἄν, εἰ πράσσοις καλῶς.	-- u-u - u - -- u-	iambic trimeter (tragic)	
ὤμοι.	--	lyric	
ὤμοι; τόδε Ζεὺς τοὔπος οὐκ ἐπίσταται.	-- u- - -u - u-u-	iambic trimeter (tragic)	
ἀλλʼ ἐκδιδάσκει πάνθʼ ὁ γηράσκων χρόνος.	- -u-- - u --- u-	iambic trimeter (tragic)	
καὶ μὴν σύ γʼοὔπω σωφρονεῖν ἐπίστασαι.	- - u -- -u- u-u-	iambic trimeter (tragic)	
σὲ γὰρ προσηύδων οὐκ ἂν ὄνθʼ ὑπηρέτην.	u - u-- - u - u-u-	iambic trimeter (tragic)	
ἐρεῖν ἔοικας οὐδὲν ὧν χρῄζει πατήρ.	u- u-u -u - -- u-	iambic trimeter (tragic)	
καὶ μὴν ὀφείλων γʼἂν τίνοιμʼ αὐτῷ χάριν.	- - u-- - u- -- u-	iambic trimeter (tragic)	
ἐκερτόμησας δῆθεν ὡς παῖδʼ ὄντα με.	u-u-- -u - - -u -	iambic trimeter (tragic)	
οὐ γὰρ σὺ παῖς τε κἄτι τοῦδʼ ἀνούστερος	- - u - u -u - u-u-	iambic trimeter (tragic)	
εἰ προσδοκᾷς ἐμοῦ τι πεύσεσθαι πάρα;	- -u- u- u --- u-	iambic trimeter (tragic)	
οὐκ ἔστιν αἴκισμʼ οὐδὲ μηχάνημʼ ὅτῳ	- -u -- -u -u- u-	iambic trimeter (tragic)	
προτρέψεταί με Ζεὺς γεγωνῆσαι τάδε,	u-u- - - u--- u-	iambic trimeter (tragic)	
πρὶν ἂν χαλασθῇ δεσμὰ λυμαντήρια.	u - u-- -u ---u-	iambic trimeter (tragic)	
πρὸς ταῦτα ῥιπτέσθω μὲν αἰθαλοῦσσα φλόξ,	- -u --- u -u-u -	iambic trimeter (tragic)	
λευκοπτέρῳ δὲ νιφάδι καὶ βροντήμασι	--u- u uuu - --u-	lyric	
χθονίοις κυκάτω πάντα καὶ ταρασσέτω.	uu- u-- -u - u-u-	iambic trimeter (tragic)	
γνάμψει γὰρ οὐδὲν τῶνδέ μʼὥστε καὶ φράσαι	-- u -- -u -u - u-	iambic trimeter (tragic)	
πρὸς οὗ χρεών νιν ἐκπεσεῖν τυραννίδος.	u - u- u -u- u-u-	iambic trimeter (tragic)	
ὅρα νυν εἴ σοι ταῦτʼ ἀρωγὰ φαίνεται.	u- u - - - u-u -u-	iambic trimeter (tragic)	
ὦπται πάλαι δὴ καὶ βεβούλευται τάδε.	-- u- - - u--- u-	iambic trimeter (tragic)	
τόλμησον, ὦ μάταιε, τόλμησόν ποτε	--u - u-u --- u-	iambic trimeter (tragic)	
πρὸς τὰς παρούσας πημονὰς ὀρθῶς φρονεῖν,	- - u-- -u- -- u-	iambic trimeter (tragic)	
ὀχλεῖς μάτην με κῦμʼ ὅπως παρηγορῶν.	u- u- u - u- u-u-	iambic trimeter (tragic)	
εἰσελθέτω σε μήποθʼ ὡς ἐγὼ Διὸς	--u- u -u - u- u-	iambic trimeter (tragic)	
γνώμην φοβηθεὶς θηλύνους γενήσομαι,	-- u-- -u- u-u-	iambic trimeter (tragic)	
καὶ λιπαρήσω τὸν μέγα στυγούμενον	- -u-- - u- u-u-	iambic trimeter (tragic)	
γυναικομίμοις ὑπτιάσμασιν χερῶν	u-u-- -u-u- u-	iambic trimeter (tragic)	
λῦσαί με δεσμῶν τῶνδε· τοῦ παντὸς δέω.	-- u -- -u - -- u-	iambic trimeter (tragic)	
λέγων ἔοικα πολλὰ καὶ μάτην ἐρεῖν·	u- u-u -u - u- u-	iambic trimeter (tragic)	
τέγγῃ γὰρ οὐδὲν οὐδὲ μαλθάσσῃ λιταῖς	-- u -u -u --- u-	iambic trimeter (tragic)	
ἐμαῖς· δακὼν δὲ στόμιον ὡς νεοζυγὴς	u- u- - uuu - u-u-	lyric	
πῶλος βιάζῃ καὶ πρὸς ἡνίας μάχῃ.	-- u-- - u -u- u-	iambic trimeter (tragic)	
ἀτὰρ σφοδρύνῃ γʼἀσθενεῖ σοφίσματι·	u- u-- -u- u-u-	iambic trimeter (tragic)	
αὐθαδία γὰρ τῷ φρονοῦντι μὴ καλῶς	--u- - - u-u - u-	iambic trimeter (tragic)	
αὐτὴ καθʼ αὑτὴν οὐδενὸς μεῖζον σθένει.	-- u -- -u- -- u-	iambic trimeter (tragic)	
σκέψαι δʼ,ἐὰν μὴ τοῖς ἐμοῖς πεισθῇς λόγοις,	-- u- - - u- -- u-	iambic trimeter (tragic)	
οἷός σε χειμὼν καὶ κακῶν τρικυμία	-- u -- - u- u-u-	iambic trimeter (tragic)	
ἔπεισʼ ἄφυκτος· πρῶτα μὲν γὰρ ὀκρίδα	u- u-- -u - u -u-	iambic trimeter (tragic)	
φάραγγα βροντῇ καὶ κεραυνίᾳ φλογὶ	u-u -- - u-u- u-	iambic trimeter (tragic)	
πατὴρ σπαράξει τήνδε, καὶ κρύψει δέμας	u- u-- -u - -- u-	iambic trimeter (tragic)	
τὸ σόν, πετραία δʼἀγκάλη σε βαστάσει.	u - u-u -u- u -u-	iambic trimeter (tragic)	
μακρὸν δὲ μῆκος ἐκτελευτήσας χρόνου	u- u -u -u--- u-	iambic trimeter (tragic)	
ἄψορρον ἥξεις εἰς φάος· Διὸς δέ τοί	--u -- - u- u- u -	iambic trimeter (tragic)	
πτηνὸς κύων, δαφοινὸς αἰετός, λάβρως	-- u- u-u -u- u-	iambic trimeter (tragic)	
διαρταμήσει σώματος μέγα ῥάκος,	u-u-- -u- u- u-	iambic trimeter (tragic)	
ἄκλητος ἕρπων δαιταλεὺς πανήμερος,	u-u -- -u- u-u-	iambic trimeter (tragic)	
κελαινόβρωτον δʼἧπαρ ἐκθοινήσεται.	u-u-- -u ---u-	iambic trimeter (tragic)	
τοιοῦδε μόχθου τέρμα μή τι προσδόκα,	--u -- -u - u -u-	iambic trimeter (tragic)	
πρὶν ἂν θεῶν τις διάδοχος τῶν σῶν πόνων	u - u- - uuu- - - u-	lyric	
φανῇ, θελήσῃ τʼεἰς ἀναύγητον μολεῖν	u- u-- - u--- u-	iambic trimeter (tragic)	
Ἅιδην κνεφαῖά τʼἀμφὶ Ταρτάρου βάθη.	-- u-u -u -u- u-	iambic trimeter (tragic)	
πρὸς ταῦτα βούλευʼ· ὡς ὅδʼ οὐ πεπλασμένος	- -u -- - u - u-u-	iambic trimeter (tragic)	
ὁ κόμπος, ἀλλὰ καὶ λίαν εἰρημένος	u -u -u - u- --u-	iambic trimeter (tragic)	
ψευδηγορεῖν γὰρ οὐκ ἐπίσταται στόμα	--u- u - u-u- u-	iambic trimeter (tragic)	
τὸ Δῖον, ἀλλὰ πᾶν ἔπος τελεῖ· σὺ δὲ	u -u -u - u- u- u -	iambic trimeter (tragic)	
πάπταινε καὶ φρόντιζε, μηδʼ αὐθαδίαν	--u - --u - --u-	iambic trimeter (tragic)	
εὐβουλίας ἀμείνονʼ ἡγήσῃ ποτέ.	--u- u-u --- u-	iambic trimeter (tragic)	
ἡμῖν μὲν Ἑρμῆς οὐκ ἄκαιρα φαίνεται	-- u -- - u-u -u-	iambic trimeter (tragic)	
λέγειν. ἄνωγε γάρ σε τὴν αὐθαδίαν	u- u-u - u - --u-	iambic trimeter (tragic)	
μεθέντʼ ἐρευνᾶν τὴν σοφὴν εὐβουλίαν.	u- u-- - u- --u-	iambic trimeter (tragic)	
πιθοῦ· σοφῷ γὰρ αἰσχρὸν ἐξαμαρτάνειν.	u- u- u -u -u-u-	iambic trimeter (tragic)	
εἰδότι τοί μοι τάσδʼ ἀγγελίας	-uu - - - -uu-	anapaestic	
ὅδʼ ἐθώυξεν· πάσχειν δὲ κακῶς	u u--- -- u u-	anapaestic	
ἐχθρὸν ὑπʼ ἐχθρῶν οὐδὲν ἀεικές.	-u u -- -u u--	anapaestic	
πρὸς ταῦτʼ ἐπʼ ἐμοὶ ῥιπτέσθω μὲν	- - u u- --- -	anapaestic	
πυρὸς ἀμφήκης βόστρυχος, αἰθὴρ δʼ	uu --- -uu --	anapaestic	
ἐρεθιζέσθω βροντῇ σφακέλῳ τʼ	uu--- -- uu-	anapaestic	
ἀγρίων ἀνέμων· χθόνα δʼἐκ πυθμένων	uu- uu- uu - uu-	anapaestic	
αὐταῖς ῥίζαις πνεῦμα κραδαίνοι,	-- -- -u u--	anapaestic	
κῦμα δὲ πόντου τραχεῖ ῥοθίῳ	-u u -- -- uu-	anapaestic	
συγχώσειεν τῶν οὐρανίων	---- - -uu-	anapaestic	
ἄστρων διόδους· εἴς τε κελαινὸν	-- uu- - u u--	anapaestic	
Τάρταρον ἄρδην ῥίψειε δέμας	-uu -- --u u-	anapaestic	
τοὐμὸν ἀνάγκης στερραῖς δίναις·	-u u-- -- --	anapaestic	
πάντως ἐμέ γʼοὐ θανατώσει.	-- uu - uu--	lyric	
τοιάδε μέντοι τῶν φρενοπλήκτων	-uu -- - uu--	anapaestic	
βουλεύματʼ ἔπη τʼἔστιν ἀκοῦσαι.	--u u- -u u--	anapaestic	
τί γὰρ ἐλλείπει μὴ_οὐ παραπαίειν	u u --- - uu--	anapaestic	
ἡ τοῦδʼ εὐχή; τί χαλᾷ μανιῶν;	- - -- u u- uu-	anapaestic	
ἀλλʼ οὖν ὑμεῖς γʼαἱ πημοσύναις	- - -- - -uu-	anapaestic	
συγκάμνουσαι ταῖς τοῦδε τόπων	---- - -u u-	anapaestic	
μετά ποι χωρεῖτʼ ἐκ τῶνδε θοῶς,	uu - -- - -u u-	anapaestic	
μὴ φρένας ὑμῶν ἠλιθιώσῃ	- uu -- -uu--	anapaestic	
βροντῆς μύκημʼ ἀτέραμνον.	-- -- uu--	lyric	
ἄλλο τι φώνει καὶ παραμυθοῦ μʼ	-u u -- - uu--	anapaestic	
ὅ τι καὶ πείσεις· οὐ γὰρ δή που	u u - -- - - - -	anapaestic	
τοῦτό γε τλητὸν παρέσυρας ἔπος.	-u u -- uu-u u-	anapaestic	
πῶς με κελεύεις κακότητʼ ἀσκεῖν;	- u u-- uu- --	anapaestic	
μετὰ τοῦδʼ ὅ τι χρὴ πάσχειν ἐθέλω·	uu - u u - -- uu-	anapaestic	
τοὺς προδότας γὰρ μισεῖν ἔμαθον,	- uu- - -- uu-	anapaestic	
κοὐκ ἔστι νόσος	- -u u-	anapaestic	
τῆσδʼ ἥντινʼ ἀπέπτυσα μᾶλλον.	- -u u-uu --	lyric	
ἀλλʼ οὖν μέμνησθʼ ἁγὼ προλέγω	- - -- -- uu-	anapaestic	
μηδὲ πρὸς ἄτης θηραθεῖσαι	-u u -- ----	anapaestic	
μέμψησθε τύχην, μηδέ ποτʼ εἴπηθʼ	--u u- -u u --	anapaestic	
ὡς Ζεὺς ὑμᾶς εἰς ἀπρόοπτον	- - -- - uu--	anapaestic	
πῆμʼ εἰσέβαλεν· μὴ δῆτʼ αὐταὶ δʼ	- -uu- - - --	anapaestic	
ὑμᾶς αὐτάς. εἰδυῖαι γὰρ	-- -- --- -	anapaestic	
κοὐκ ἐξαίφνης οὐδὲ λαθραίως	- --- -u u--	anapaestic	
εἰς ἀπέρατον δίκτυον ἄτης	- uu-- -uu --	anapaestic	
ἐμπλεχθήσεσθʼ ὑπʼ ἀνοίας.	---- u u--	lyric	
καὶ μὴν ἔργῳ κοὐκέτι μύθῳ	- - -- -uu --	anapaestic	
χθὼν σεσάλευται·	- uu--	anapaestic	
βρυχία δʼἠχὼ παραμυκᾶται	uu- -- uu---	anapaestic	
βροντῆς, ἕλικες δʼἐκλάμπουσι	-- uu- ----	anapaestic	
στεροπῆς ζάπυροι, στρόμβοι δὲ κόνιν	uu- uu- -- u u-	anapaestic	
εἱλίσσουσι· σκιρτᾷ δʼἀνέμων	---- -- uu-	anapaestic	
πνεύματα πάντων εἰς ἄλληλα	-uu -- - ---	anapaestic	
στάσιν ἀντίπνουν ἀποδεικνύμενα·	uu --- uu-uu-	anapaestic	
ξυντετάρακται δʼαἰθὴρ πόντῳ.	-uu-- -- --	anapaestic	
τοιάδʼ ἐπʼ ἐμοὶ ῥιπὴ Διόθεν	-- u u- -- uu-	anapaestic	
τεύχουσα φόβον στείχει φανερῶς.	--u u- -- uu-	anapaestic	
ὦ μητρὸς ἐμῆς σέβας, ὦ πάντων	- -u u- uu - --	anapaestic	
αἰθὴρ κοινὸν φάος εἱλίσσων,	-- -- uu ---	anapaestic	
ἐσορᾷς μʼὡς ἔκδικα πάσχω.	uu- - -uu --	lyric	
