χρυσέα φόρμιγξ, Ἀπόλλωνος καὶ ἰοπλοκάμων	-u- -- u--- u u-uu-	lyric	
σύνδικον Μοισᾶν κτέανον· τᾶς ἀκούει μὲν βάσις, ἀγλαΐας ἀρχά,	-u- -- uu- - u-- - uu -uu- --	lyric	
πείθονται δ᾽ἀοιδοὶ σάμασιν,	--- u-- -u-	lyric	
ἁγησιχόρων ὁπόταν προοιμίων ἀμβολὰς τεύχῃς ἐλελιζομένα.	--uu- uu- u-u- -u- -- uu-uu-	lyric	
καὶ τὸν αἰχματὰν κεραυνὸν σβεννύεις	- u --- u-- -u-	lyric	
ἀενάου πυρός. εὕδει δ᾽ἀνὰ σκάπτῳ Διὸς αἰετός, ὠκεῖαν πτέρυγʼ ἀμφοτέρωθεν χαλάξαις,	-uu- uu -- u- -- uu -uu --- uu -uu-- u--	lyric	
ἀρχὸς οἰωνῶν, κελαινῶπιν δ᾽ἐπί οἱ νεφέλαν	-u --- u--- uu - uu-	lyric	
ἀγκύλῳ κρατί, γλεφάρων ἁδὺ κλαΐστρον, κατέχευας· ὁ δὲ κνώσσων	-u- -- uu- -u --- uu-u u - --	lyric	
ὑγρὸν νῶτον αἰωρεῖ, τεαῖς	-- -u --- u-	lyric	
ῥιπαῖσι κατασχόμενος. καὶ γὰρ βιατὰς Ἄρης, τραχεῖαν ἄνευθε λιπὼν	--u u-uu- - - u-- u- --u u-u u-	lyric	
ἐγχέων ἀκμάν, ἰαίνει καρδίαν	-u- -- u-- -u-	lyric	
κώματι, κῆλα δὲ καὶ δαιμόνων θέλγει φρένας, ἀμφί τε Λατοίδα σοφίᾳ βαθυκόλπων τε Μοισᾶν.	-uu -u u - -u- -- uu -u u --- uu- uu-- u --	lyric	
ὅσσα δὲ μὴ πεφίληκε Ζεύς, ἀτύζονται βοὰν	-u u - uu-- - u--- u-	lyric	
Πιερίδων ἀΐοντα, γᾶν τε καὶ πόντον κατʼ ἀμαιμάκετον,	-uu- uu-u - u - -- u u-uu-	lyric	
ὅς τ᾽ἐν αἰνᾷ Ταρτάρῳ κεῖται, θεῶν πολέμιος,	- u -- -u- -- u- uuu-	lyric	
Τυφὼς ἑκατοντακάρανος· τόν ποτε	-- uu-uu-- - u-	lyric	
Κιλίκιον θρέψεν πολυώνυμον ἄντρον· νῦν γε μὰν	uuu- -- uu-uu -- - u -	lyric	
ταί θ᾽ὑπὲρ Κύμας ἁλιερκέες ὄχθαι	- u- -- uu-uu --	lyric	
Σικελία τ᾽αὐτοῦ πιέζει στέρνα λαχνάεντα· κίων δ᾽οὐρανία συνέχει,	uuu- -- u-- -u ---u -- -uu- uu-	lyric	
νιφόεσσʼ Αἴτνα, πάνετες χιόνος ὀξείας τιθήνα·	uu- -- uu- uuu --- u--	lyric	
τᾶς ἐρεύγονται μὲν ἀπλάτου πυρὸς ἁγνόταται	- u--- u --- uu -uu-	lyric	
ἐκ μυχῶν παγαί· ποταμοὶ δ᾽ἁμέραισιν μὲν προχέοντι ῥόον καπνοῦ	- u- -- uu- -u-- - uu-u u- --	lyric	
αἴθωνʼ· ἀλλʼ ἐν ὄρφναισιν πέτρας	-- - u --- u-	lyric	
φοίνισσα κυλινδομένα φλὸξ ἐς βαθεῖαν φέρει πόντου πλάκα σὺν πατάγῳ.	--u u-uu- - - u-- u- -- uu - uu-	lyric	
κεῖνο δ᾽Ἁφαίστοιο κρουνοὺς ἑρπετὸν	-u ---u -- -u-	lyric	
δεινοτάτους ἀναπέμπει· τέρας μὲν θαυμάσιον προσιδέσθαι, θαῦμα δὲ καὶ παρεόντων ἀκοῦσαι,	-uu- uu-- u- - -uu- uu-- -u u - uu-- u--	lyric	
οἷον Αἴτνας ἐν μελαμφύλλοις δέδεται κορυφαῖς	-u -- - u--- uu- uu-	lyric	
καὶ πέδῳ, στρωμνὰ δὲ χαράσσοισʼ ἅπαν νῶτον ποτικεκλιμένον κεντεῖ.	- u- -- u u-- u- -- uu-uu- --	lyric	
εἴη, Ζεῦ, τὶν εἴη ἁνδάνειν,	-- - u -- -u-	lyric	
ὃς τοῦτʼ ἐφέπεις ὄρος, εὐκάρποιο γαίας μέτωπον, τοῦ μὲν ἐπωνυμίαν	- - uu- uu ---u -- u-- - u u-uu-	lyric	
κλεινὸς οἰκιστὴρ ἐκύδανεν πόλιν	-u --- u--- u-	lyric	
γείτονα, Πυθιάδος δ᾽ἐν δρόμῳ κάρυξ ἀνέειπέ νιν ἀγγέλλων Ἱέρωνος ὑπὲρ καλλινίκου	-uu -uu- - u- -- uu-u u --- uu-u u- -u--	lyric	
ἅρμασι. ναυσιφορήτοις δ᾽ἀνδράσι πρώτα χάρις	-uu -uu-- -u- -- u-	lyric	
ἐς πλόον ἀρχομένοις πομπαῖον ἐλθεῖν οὖρον· ἐοικότα γὰρ	- uu -uu- --u -- -u u-uu -	lyric	
καὶ τελευτᾷ φερτέρου νόστου τυχεῖν. ὁ δὲ λόγος	- u-- -u- -- u- u u u-	lyric	
ταύταις ἐπὶ συντυχίαις δόξαν φέρει	-- uu -uu- -- u-	lyric	
λοιπὸν ἔσσεσθαι στεφάνοισί νιν ἵπποις τε κλυτὰν	-u --- uu-u u -- - u-	lyric	
καὶ σὺν εὐφώνοις θαλίαις ὀνυμαστάν.	- u --- uu- uu--	lyric	
Λύκιε καὶ Δάλου ἀνάσσων Φοῖβε, Παρνασσοῦ τε κράναν Κασταλίαν φιλέων,	uuu - -- u-- -u --- u -- -uu- uu-	lyric	
ἐθελήσαις ταῦτα νόῳ τιθέμεν εὔανδρόν τε χώραν.	uu-- -u u- uuu --- u --	lyric	
ἐκ θεῶν γὰρ μαχαναὶ πᾶσαι βροτέαις ἀρεταῖς,	- u- - -u- -- uu- uu-	lyric	
καὶ σοφοὶ καὶ χερσὶ βιαταὶ περίγλωσσοί τ᾽ἔφυν. ἄνδρα δ᾽ἐγὼ κεῖνον	- u- - -u u-- u--- uu -u u- --	lyric	
αἰνῆσαι μενοινῶν ἔλπομαι	--- u-- -u-	lyric	
μὴ χαλκοπάρᾳον ἄκονθʼ ὡσείτʼ ἀγῶνος βαλεῖν ἔξω παλάμᾳ δονέων,	- -uu-u u- -- u-- u- -- uu- uu-	lyric	
μακρὰ δὲ ῥίψαις ἀμεύσασθʼ ἀντίους·	-u - -- u-- -u-	lyric	
εἰ γὰρ ὁ πᾶς χρόνος ὄλβον μὲν οὕτω καὶ κτεάνων δόσιν εὐθύνοι, καμάτων δ᾽ἐπίλασιν παράσχοι.	- u u - uu -- u -- - uu- uu --- uu- uu-- u--	lyric	
ἦ κεν ἀμνάσειεν, οἵαις ἐν πολέμοισι μάχαις	- u ---u -- - uu-u u-	lyric	
τλάμονι ψυχᾷ παρέμεινʼ, ἁνίχʼ εὑρίσκοντο θεῶν παλάμαις τιμάν,	-u- -- uu- -u ---u u- uu- --	lyric	
οἵαν οὔτις Ἑλλάνων δρέπει,	-- -u --- u-	lyric	
πλούτου στεφάνωμʼ ἀγέρωχον. νῦν γε μὰν τὰν Φιλοκτήταο δίκαν ἐφέπων	-- uu- uu-- - u - - u---u u- uu-	lyric	
ἐστρατεύθη· σὺν δ᾽ἀνάγκᾳ νιν φίλον	-u-- - u-- - u-	lyric	
καί τις ἐὼν μεγαλάνωρ ἔσανεν. φαντὶ δὲ Λαμνόθεν ἕλκει τειρόμενον μεταβάσοντας ἐλθεῖν	- u u- uu-- u-- -u u -uu -- -uu- uu--u --	lyric	
ἥροας ἀντιθέους Ποίαντος υἱὸν τοξόταν·	-uu -uu- --u -- -u-	lyric	
ὃς Πριάμοιο πόλιν πέρσεν, τελεύτασέν τε πόνους Δαναοῖς,	- uu-u u- -- u--- u u- uu-	lyric	
ἀσθενεῖ μὲν χρωτὶ βαίνων, ἀλλὰ μοιρίδιον ἦν.	-u- - -u -- -u -uuu -	lyric	
οὕτω δ᾽Ἱέρωνι θεὸς ὀρθωτὴρ πέλοι	-- uu-u u --- u-	lyric	
τὸν προσέρποντα χρόνον, ὧν ἔραται καιρὸν διδούς.	- u--- uu - uu- -- u-	lyric	
Μοῖσα, καὶ πὰρ Δεινομένει κελαδῆσαι	-u - - -uu- uu--	lyric	
πίθεό μοι ποινὰν τεθρίππων. χάρμα δ᾽οὐκ ἀλλότριον νικαφορία πατέρος.	uuu - -- u-- -u - --u- --uu- uu-	lyric	
ἄγʼ ἔπειτʼ Αἴτνας βασιλεῖ φίλιον ἐξεύρωμεν ὕμνον·	u u- -- uu- uuu ---u --	lyric	
τῷ πόλιν κείναν θεοδμάτῳ σὺν ἐλευθερίᾳ	- u- -- u--- u u-uu-	lyric	
Ὑλλίδος στάθμας Ἱέρων ἐν νόμοις ἔκτισσʼ. ἐθέλοντι δὲ Παμφύλου	-u- -- uu- - u- -- uu-u u ---	lyric	
καὶ μὰν Ἡρακλειδᾶν ἔκγονοι	- - -u-- -u-	lyric	
ὄχθαις ὕπο Ταϋγέτου ναίοντες αἰεὶ μένειν τεθμοῖσιν ἐν Αἰγιμιοῦ	-- uu -uu- --u -- u- --u u -uu-	lyric	
Δωριεῖς. ἔσχον δ᾽Ἀμύκλας ὄλβιοι,	-u- -- u-- -u-	lyric	
Πινδόθεν ὀρνύμενοι, λευκοπώλων Τυνδαριδᾶν βαθύδοξοι γείτονες, ὧν κλέος ἄνθησεν αἰχμᾶς.	-uu -uu- -u-- -uu- uu-- -uu - uu --u --	lyric	
Ζεῦ τέλειʼ, αἰεὶ δὲ τοιαύταν Ἀμένα παρʼ ὕδωρ	- u- -- u --- uu- u u-	lyric	
αἶσαν ἀστοῖς καὶ βασιλεῦσιν διακρίνειν ἔτυμον λόγον ἀνθρώπων,	-u -- - uu-- u--- uu- uu ---	lyric	
σύν τοι τίν κεν ἁγητὴρ ἀνήρ,	- - - u --- u-	lyric	
υἱῷ τ᾽ἐπιτελλόμενος, δᾶμον γεραίρων τράποι σύμφωνον ἐς ἁσυχίαν.	-- uu-uu- -- u-- u- --u u -uu-	lyric	
λίσσομαι νεῦσον, Κρονίων, ἅμερον	-u- -- u-- -u-	lyric	
ὄφρα κατʼ οἶκον ὁ Φοίνιξ ὁ Τυρσανῶν τ᾽ἀλαλατὸς ἔχῃ, ναυσίστονον ὕβριν ἰδὼν τὰν πρὸ Κύμας·	-u u -u u -- u --- uu-u u- --uu -u u- - u --	lyric	
οἷα Συρακοσίων ἀρχῷ δαμασθέντες πάθον,	-u u-uu- -- u--- u-	lyric	
ὠκυπόρων ἀπὸ ναῶν ὅ σφιν ἐν πόντῳ βάλεθʼ ἁλικίαν,	-uu- uu -- - u - -- uu -uu-	lyric	
Ἑλλάδʼ ἐξέλκων βαρείας δουλίας. ἀρέομαι	-u --- u-- -u- uuu-	lyric	
πὰρ μὲν Σαλαμῖνος, Ἀθαναίων χάριν,	- - uu-u u--- u-	lyric	
μισθόν, ἐν Σπάρτᾳ δ᾽ἀπὸτᾶν πρὸ Κιθαιρῶνος μαχᾶν,	-u - -- uu- u u--- u-	lyric	
ταῖσι Μήδειοι κάμον ἀγκυλότοξοι,	-u --- uu -uu--	lyric	
παρὰ δὲ τὰν εὔυδρον ἀκτὰν Ἱμέρα παίδεσσιν ὕμνον Δεινομένευς τελέσαις,	uu u - --u -- -u- --u -- -uu- uu-	lyric	
τὸν ἐδέξαντʼ ἀμφʼ ἀρετᾷ, πολεμίων ἀνδρῶν καμόντων.	u u-- - uu- uuu- -- u--	lyric	
καιρὸν εἰ φθέγξαιο, πολλῶν πείρατα συντανύσαις	-u - --u -- -uu -uu-	lyric	
ἐν βραχεῖ, μείων ἕπεται μῶμος ἀνθρώπων. ἀπὸ γὰρ κόρος ἀμβλύνει	- u- -- uu- -u --- uu - uu ---	lyric	
αἰανὴς ταχείας ἐλπίδας·	--- u-- -u-	lyric	
ἀστῶν δ᾽ἀκοὰ κρύφιον θυμὸν βαρύνει μάλιστʼ ἐσλοῖσιν ἐπʼ ἀλλοτρίοις.	-- uu- uu- -- u-- u- --u u -uu-	lyric	
ἀλλʼ ὅμως, κρέσσων γὰρ οἰκτιρμοῦ φθόνος,	- u- -- u --- u-	lyric	
μὴ παρίει καλά. νώμα δικαίῳ πηδαλίῳ στρατόν· ἀψευδεῖ δὲ πρὸς ἄκμονι χάλκευε γλῶσσαν.	- uu- uu -- u-- -uu- uu --- u u -uu --u --	lyric	
εἴ τι καὶ φλαῦρον παραιθύσσει, μέγα τοι φέρεται	- u - -- u--- uu - uu-	lyric	
πὰρ σέθεν. πολλῶν ταμίας ἐσσί· πολλοὶ μάρτυρες ἀμφοτέροις πιστοί.	- u- -- uu- -u -- -uu -uu- --	lyric	
εὐανθεῖ δ᾽ἐν ὀργᾷ παρμένων,	--- u -- -u-	lyric	
εἴπερ τι φιλεῖς ἀκοὰν ἁδεῖαν αἰεὶ κλύειν, μὴ κάμνε λίαν δαπάναις·	-- u u- uu- --u -- u- - -u u- uu-	lyric	
ἐξίει δ᾽ὥσπερ κυβερνάτας ἀνὴρ	-u- -- u--- u-	lyric	
ἱστίον ἀνεμόεν. μὴ δολωθῇς, ὦ φίλε, κέρδεσιν εὐτραπέλοις· ὀπιθόμβροτον αὔχημα δόξας	-uu -uu- - u-- - uu -uu -uu- uu-uu --u --	lyric	
οἶον ἀποιχομένων ἀνδρῶν δίαιταν μανύει	-u u-uu- -- u-- -u-	lyric	
καὶ λογίοις καὶ ἀοιδοῖς· οὐ φθίνει Κροίσου φιλόφρων ἀρετά·	- uu- u u-- - u- -- uu- uu-	lyric	
τὸν δὲ ταύρῳ χαλκέῳ καυτῆρα νηλέα νόον	- u -- -u- --u -uu u-	lyric	
ἐχθρὰ Φάλαριν κατέχει παντᾷ φάτις,	-- uu- uu- -- u-	lyric	
οὐδέ νιν φόρμιγγες ὑπωρόφιαι κοινωνίαν	-u - --u u-uu- --u-	lyric	
μαλθακὰν παίδων ὀάροισι δέκονται.	-u- -- uu-u u--	lyric	
τὸ δὲ παθεῖν εὖ πρῶτον ἄθλων· εὖ δ᾽ἀκούειν δευτέρα μοῖρʼ· ἀμφοτέροισι δ᾽ἀνὴρ	u u u- - -u -- - u-- -u- - -uu-u u-	lyric	
ὃς ἂν ἐγκύρσῃ, καὶ ἕλῃ, στέφανον ὕψιστον δέδεκται.	u u --- u u- uuu --- u--	lyric	
μεγαλοπόλιες ὦ Συράκοσαι, βαθυπολέμου	uuuuuu - u-u- uuuu-	lyric	
τέμενος Ἄρεος, ἀνδρῶν ἵππων τε σιδαροχαρμᾶν δαιμόνιαι τροφοί,	uuu -uu -- -- u u-u-- -uu- u-	lyric	
ὔμμιν τόδε τᾶν λιπαρᾶν ἀπὸ Θηβᾶν φέρων	-- uu - uu- uu -- u-	lyric	
μέλος ἔρχομαι ἀγγελίαν τετραορίας ἐλελίχθονος,	uu -uu -uu- u-uu- uu-u-	lyric	
εὐάρματος Ἱέρων ἐν ᾇ κρατέων	--uu uu- u - uu-	lyric	
τηλαυγέσιν ἀνέδησεν Ὀρτυγίαν στεφάνοις,	--uu uu-u -uu- uu-	lyric	
ποταμίας ἕδος Ἀρτέμιδος, ἇς οὐκ ἄτερ	uuu- uu -uuu - - u-	lyric	
κείνας ἀγαναῖσιν ἐν χερσὶ ποικιλανίους ἐδάμασσε πώλους.	-- uu-u - -u -u-u- uu-u --	lyric	
ἐπὶ γὰρ ἰοχέαιρα παρθένος χερὶ διδύμᾳ	uu u uuu-u -u- uu uu-	lyric	
ὅ τ᾽ἐναγώνιος Ἑρμᾶς αἰγλᾶντα τίθησι κόσμον, ξεστὸν ὅταν δίφρον	u uu-uu -- --u u-u -- -u u- u-	lyric	
ἔν θ᾽ἅρματα πεισιχάλινα καταζευγνύῃ	- -uu -uu-u u--u-	lyric	
σθένος ἵππιον, ὀρσοτρίαιναν εὐρυβίαν καλέων θεόν.	uu -uu -uu-u -uu- uu- u-	lyric	
ἄλλοις δέ τις ἐτέλεσσεν ἄλλος ἀνὴρ	-- u u uu-u -u u-	lyric	
εὐαχέα βασιλεῦσιν ὕμνον, ἄποινʼ ἀρετᾶς.	--uu uu-u -u u- uu-	lyric	
κελαδέοντι μὲν ἀμφὶ Κινύραν πολλάκις	uuu-u u -u uu- -u-	lyric	
φᾶμαι Κυπρίων, τὸν ὁ χρυσοχαῖτα προφρόνως ἐφίλησʼ Ἀπόλλων,	-- uu- u - -u-u -u- uu- u--	lyric	
ἱερέα κτίλον Ἀφροδίτας· ἄγει δὲ χάρις	uuu- uu -u-- u- u u-	lyric	
φίλων ποίνιμος ἀντὶ ἔργων ὀπιζομένα·	u- -uu -u -- u-uu-	lyric	
σὲ δ᾽,ὦ Δεινομένειε παῖ, Ζεφυρία πρὸ δόμων	u - -uu-u - uuu- u u-	lyric	
Λοκρὶς παρθένος ἀπύει, πολεμίων καμάτων ἐξ ἀμαχάνων	u- -uu -u- uuu- uu- - u-u-	lyric	
διὰ τεὰν δύναμιν δρακεῖσʼ ἀσφαλές.	uu u- uu- u- -u-	lyric	
θεῶν δ᾽ἐφετμαῖς Ἰξίονα φαντὶ ταῦτα βροτοῖς	u- u-- --uu -u -- u-	lyric	
λέγειν ἐν πτερόεντι τροχῷ	u- - uu-- u-	lyric	
παντᾷ κυλινδόμενον·	-- u-uu-	lyric	
τὸν εὐεργέταν ἀγαναῖς ἀμοιβαῖς ἐποιχομένους τίνεσθαι.	u --u- uu- u-- u-uu- u--	lyric	
ἔμαθε δὲ σαφές. εὐμενέσσι γὰρ παρὰ Κρονίδαις	uuu u uu -u-u - uu uu-	lyric	
γλυκὺν ἑλὼν βίοτον, μακρὸν οὐχ ὑπέμεινεν ὄλβον, μαινομέναις φρασὶν	uu u- uu- -u - uu-u -- -uu- u-	lyric	
Ἥρας ὅτʼ ἐράσσατο, τὰν Διὸς εὐναὶ λάχον	-- u u-uu - uu -- u-	lyric	
πολυγαθέες· ἀλλά νιν ὕβρις εἰς ἀυάταν ὑπεράφανον	uu-uu -u u -u - uu- uu-u-	lyric	
ὦρσεν· τάχα δὲ παθὼν ἐοικότʼ ἀνὴρ	-- uu u u- u-u u-	lyric	
ἐξαίρετον ἕλε μόχθον. αἱ δύο δ᾽ἀμπλακίαι	--uu uu -u - uu -uu-	lyric	
φερέπονοι τελέθοντι· τὸ μὲν ἥρως ὅτι	uuu- uu-u u u -- u-	lyric	
ἐμφύλιον αἷμα πρώτιστος οὐκ ἄτερ τέχνας ἐπέμιξε θνατοῖς,	--uu -u --u - u- u- uu-u --	lyric	
ὅτι τε μεγαλοκευθέεσσιν ἔν ποτε θαλάμοις	uu u uuu-u-u - uu uu-	lyric	
Διὸς ἄκοιτιν ἐπειρᾶτο. χρὴ δὲ κατʼ αὐτὸν αἰεὶ παντὸς ὁρᾶν μέτρον.	uu u-u u--u - u u -u -- -u u- u-	lyric	
εὐναὶ δὲ παράτροποι ἐς κακότατʼ ἀθρόαν	-- u u-uu - uu- -u-	lyric	
ἔβαλον· ποτὶ καὶ τὸν ἵκοντʼ· ἐπεὶ νεφέλᾳ παρελέξατο,	uu- uu - u u- u- uu- uu-u-	lyric	
ψεῦδος γλυκὺ μεθέπων, ἄϊδρις ἀνήρ·	-- uu uu- u-u u-	lyric	
εἶδος γὰρ ὑπεροχωτάτᾳ πρέπεν οὐρανιᾶν	-- u uuu-u- uu -uu-	lyric	
θυγατέρι Κρόνου· ἅντε δόλον αὐτῷ θέσαν	uuu- uu -u uu -- u-	lyric	
Ζηνὸς παλάμαι, καλὸν πῆμα. τὸν δὲ τετράκναμον ἔπραξε δεσμόν,	-- uu- u- -u - u -u-u u-u --	lyric	
ἑὸν ὄλεθρον ὅγʼ· ἐν δ᾽ἀφύκτοισι γυιοπέδαις	uu u-u u - u--u -uu-	lyric	
πεσὼν τὰν πολύκοινον ἀνδέξατʼ ἀγγελίαν.	u- - uu-u --u -uu-	lyric	
ἄνευ οἱ Χαρίτων τέκεν γόνον ὑπερφίαλον,	u- - uu- u- uu u-uu-	lyric	
μόνα καὶ μόνον, οὔτʼ ἐν ἀνδράσι γερασφόρον οὔτʼ ἐν θεῶν νόμοις·	u- - uu - u -uu u-uu - - u- u-	lyric	
τὸν ὀνύμαξε τράφοισα Κένταυρον, ὃς	u uu-u u-u --u -	lyric	
ἵπποισι Μαγνητίδεσσι ἐμίγνυτʼ ἐν Παλίου	--u --u-u u-u - -u-	lyric	
σφυροῖς, ἐκ δ᾽ἐγένοντο στρατὸς	u- - uu-- u-	lyric	
θαυμαστός, ἀμφοτέροις	--u -uu-	lyric	
ὁμοῖοι τοκεῦσι, τὰ ματρόθεν μὲν κάτω, τὰ δ᾽ὕπερθε πατρός.	u-- u-u u -u- - u- u u-u --	lyric	
θεὸς ἅπαν ἐπὶ ἐλπίδεσσι τέκμαρ ἀνύεται,	uu uu uu -u-u -u uuu-	lyric	
θεός, ὃ καὶ πτερόεντʼ αἰετὸν κίχε, καὶ θαλασσαῖον παραμείβεται	uu u - uu- -u- uu - u--- uu-u-	lyric	
δελφῖνα, καὶ ὑψιφρόνων τινʼ ἔκαμψε βροτῶν,	--u u -uu- u u-- u-	lyric	
ἑτέροισι δὲ κῦδος ἀγήραον παρέδωκʼ. ἐμὲ δὲ χρεὼν	uu-u u -u u-u- uu- uu - u-	lyric	
φεύγειν δάκος ἀδινὸν κακαγοριᾶν.	-- uu uu- u-uu-	lyric	
εἶδον γὰρ ἑκὰς ἐὼν τὰ πόλλʼ ἐν ἀμαχανίᾳ	-- u uu u- u - u u-uu-	lyric	
ψογερὸν Ἀρχίλοχον βαρυλόγοις ἔχθεσιν	uuu -uu- uuu- -u-	lyric	
πιαινόμενον· τὸ πλουτεῖν δὲ σὺν τύχᾳ πότμου σοφίας ἄριστον.	--uu- u -- u - u- u- uu- u--	lyric	
τὺ δὲ σάφα νιν ἔχεις, ἐλευθέρᾳ φρενὶ πεπαρεῖν,	u u uu u u- u-u- uu uu-	lyric	
πρύτανι κύριε πολλᾶν μὲν εὐστεφάνων ἀγυιᾶν καὶ στρατοῦ. εἰ δέ τις	uuu -uu -- u -uu- u-- - uu - u -	lyric	
ἤδη κτεάτεσσί τε καὶ περὶ τιμᾷ λέγει	-- uu-u u - uu -- u-	lyric	
ἕτερόν τινʼ ἀνʼ Ἑλλάδα τῶν πάροιθε γενέσθαι ὑπέρτερον,	uu- u u -uu - u-u u-u u-u-	lyric	
χαύνα πραπίδι παλαιμονεῖ κενεά.	-- uuu u-u- uu-	lyric	
εὐανθέα δ᾽ἀναβάσομαι στόλον ἀμφʼ ἀρετᾷ	--uu uu-u- uu - uu-	lyric	
κελαδέων. νεότατι μὲν ἀρήγει θράσος	uuu- uu-u u u-- u-	lyric	
δεινῶν πολέμων· ὅθεν φαμὶ καὶ σὲ τὰν ἀπείρονα δόξαν εὑρεῖν,	-- uu- u- -u - u - u-uu -u --	lyric	
τὰ μὲν ἐν ἱπποσόαισιν ἄνδρεσσι μαρνάμενον,	u u u -uu-u --u -uu-	lyric	
τὰ δ᾽ἐν πεζομάχαισι· βουλαὶ δὲ πρεσβύτεραι	u - -uu-u -- u -uu-	lyric	
ἀκίνδυνον ἐμοὶ ἔπος σὲποτὶ πάντα λόγον	u--u u- u- uuu -u u-	lyric	
ἐπαινεῖν παρέχοντι. χαῖρε. τόδε μὲν κατὰ Φοίνισσαν ἐμπολὰν	u-- uu-u -u uu - uu --u -u-	lyric	
μέλος ὑπὲρ πολιᾶς ἁλὸς πέμπεται·	uu u- uu- u- -u-	lyric	
τὸ Καστόρειον δ᾽ἐν Αἰολίδεσσι χορδαῖς ἑκὼν	u -u-- u -uu-u -- u-	lyric	
ἄθρησον χάριν ἑπτακτύπου	u-- uu --u-	lyric	
φόρμιγγος ἀντόμενος.	--u -uu-	lyric	
γένοιʼ οἷος ἐσσὶ μαθών· καλός τοι πίθων παρὰ παισίν, αἰεὶ	u- -u -u u- u- - u- uu -u --	lyric	
καλός. ὁ δὲ Ῥαδάμανθυς εὖ πέπραγεν, ὅτι φρενῶν	uu u u uu-u - u-u uu u-	lyric	
ἔλαχε καρπὸν ἀμώμητον, οὐδʼ ἀπάταισι θυμὸν τέρπεται ἔνδοθεν·	uuu -u u--u - uu-u -- -uu -u-	lyric	
οἷα ψιθύρων παλάμαις ἕπετʼ αἰεὶ βροτῷ.	-- uu- uu- uu -- u-	lyric	
ἄμαχον κακὸν ἀμφοτέροις διαβολιᾶν ὑποφάτιες,	uu- uu -uu- u-uu- uu-u-	lyric	
ὀργαῖς ἀτενὲς ἀλωπέκων ἴκελοι.	-- uuu u-u- uu-	lyric	
κερδοῖ δὲ τί μάλα τοῦτο κερδαλέον τελέθει;	-- u u uu -u -uu- uu-	lyric	
ἅτε γὰρ εἰνάλιον πόνον ἐχοίσας βαθὺν	uu u -uu- uu u-- u-	lyric	
σκευᾶς ἑτέρας, ἀβάπτιστός εἰμι, φελλὸς ὣς ὑπὲρ ἕρκος ἅλμας.	-- uu- u--u -u -u - uu -u --	lyric	
ἀδύνατα δ᾽ἔπος ἐκβαλεῖν κραταιὸν ἐν ἀγαθοῖς	uuuu uu -u- u-u u uu-	lyric	
δόλιον ἀστόν· ὅμως μὰν σαίνων ποτὶ πάντας, ἄταν πάγχυ διαπλέκει.	uuu -u u- - -- uu -u -- -u u-u-	lyric	
οὔ οἱ μετέχω θράσεος· φίλον εἴη φιλεῖν·	- - uu- uu- uu -- u-	lyric	
ποτὶ δ᾽ἐχθρὸν ἅτʼ ἐχθρὸς ἐὼν λύκοιο δίκαν ὑποθεύσομαι,	uu -u u -u u- u-u u- uu-u-	lyric	
ἄλλʼ ἄλλοτε πατέων ὁδοῖς σκολιαῖς.	- -uu uu- u- uu-	lyric	
ἐν πάντα δὲ νόμον εὐθύγλωσσος ἀνὴρ προφέρει,	- -u u uu -u-u u- uu-	lyric	
παρὰ τυραννίδι, χὠπόταν ὁ λάβρος στρατός,	uu u-uu -uu u -- u-	lyric	
χὤταν πόλιν οἱ σοφοὶ τηρέωντι. χρὴ δὲ πρὸς θεὸν οὐκ ἐρίζειν,	-- uu - u- -u-u - u - uu - u--	lyric	
ὃς ἀνέχει τοτὲ μὲν τὰ κείνων, τότʼ αὖθʼ ἑτέροις	u uu- uu - u -- u - uu-	lyric	
ἔδωκεν μέγα κῦδος. ἀλλʼ οὐδὲ ταῦτα νόον	u-- uu -u - -u -u u-	lyric	
ἰαίνει φθονερῶν· στάθμας δέ τινος ἑλκόμενοι	u-- uu- u- u uu -uu-	lyric	
περισσᾶς ἐνέπαξαν ἕλκος ὀδυναρὸν ἑᾷ πρόσθε καρδίᾳ,	u-- uu-u -u uu-u u- -u -u-	lyric	
πρὶν ὅσα φροντίδι μητίονται τυχεῖν.	u uu -uu -u-- u-	lyric	
φέρειν δ᾽ἐλαφρῶς ἐπαυχένιον λαβόντα ζυγὸν	u- u-- u-uu- u-- u-	lyric	
ἀρήγει· ποτὶ κέντρον δέ τοι	u-- uu -- u -	lyric	
λακτιζέμεν τελέθει	--u- uu-	lyric	
ὀλισθηρὸς οἶμος· ἁδόντα δ᾽εἴη με τοῖς ἀγαθοῖς ὁμιλεῖν.	u--u -u u-u -- u - uu- u--	lyric	
ἤθελον Χείρωνά κε Φιλλυρίδαν,	-u- --u u -uu-	lyric	
εἰ χρεὼν τοῦθʼ ἁμετέρας ἀπὸ γλώσσας κοινὸν εὔξασθαι ἔπος,	- u- - -uu- uu -- -u --- u-	lyric	
ζώειν τὸν ἀποιχόμενον,	-- u u-uu-	lyric	
Οὐρανίδα γόνον εὐρυμέδοντα Κρόνου, βάσσαισί τ᾽ἄρχειν Παλίου Φῆρʼ ἀγρότερον,	-uu- uu -uu-u u- --u -- -u- - -uu-	lyric	
νοῦν ἔχοντʼ ἀνδρῶν φίλον· οἷος ἐὼν θρέψεν ποτὲ	- u- -- uu -u u- -- u-	lyric	
τέκτονα νωδυνίας ἅμερον γυιαρκέος Ἀσκλήπιον,	-uu -uu- -u- --u- --u-	lyric	
ἥροα παντοδαπᾶν ἀλκτῆρα νούσων.	-uu -uu- --u --	lyric	
τὸν μὲν εὐΐππου Φλεγύα θυγάτηρ	- u --- uu- uu-	lyric	
πρὶν τελέσσαι ματροπόλῳ σὺν Ἐλειθυίᾳ, δαμεῖσα χρυσέοις	- u-- -uu- u u--- u-- -u-	lyric	
τόξοισιν ὕπʼ Ἀρτέμιδος,	--u u -uu-	lyric	
εἰς Ἀΐδα δόμον ἐν θαλάμῳ κατέβα τέχναις Ἀπόλλωνος. χόλος δ᾽οὐκ ἀλίθιος	- uu- uu - uu- uu- -- u--- u- - -uu-	lyric	
γίνεται παίδων Διός. ἁ δ᾽ἀποφλαυρίξαισά νιν	-u- -- uu - uu---u -	lyric	
ἀμπλακίαισι φρενῶν, ἄλλον αἴνησεν γάμον κρύβδαν πατρός,	-uu-u u- -u --- u- -- u-	lyric	
πρόσθεν ἀκειρεκόμᾳ μιχθεῖσα Φοίβῳ,	-u u-uu- --u --	lyric	
καὶ φέροισα σπέρμα θεοῦ καθαρόν.	- u-- -u u- uu-	lyric	
οὐδʼ ἔμεινʼ ἐλθεῖν τράπεζαν νυμφίαν	- u- -- u-- -u-	lyric	
οὐδὲ παμφώνων ἰαχὰν ὑμεναίων, ἅλικες	-u --- uu- uu-- -u-	lyric	
οἷα παρθένοι φιλέοισιν ἑταίρᾳ	-u -u- uu-u u--	lyric	
ἑσπερίαις ὑποκουρίζεσθʼ ἀοιδαῖς· ἀλλά τοι	-uu- uu--- u-- -u -	lyric	
ἤρατο τῶν ἀπεόντων· οἷα καὶ πολλοὶ πάθον.	-uu - uu-- -u - -- u-	lyric	
ἔστι δὲ φῦλον ἐν ἀνθρώποισι ματαιότατον,	-u u -u u ---u u-uu-	lyric	
ὅστις αἰσχύνων ἐπιχώρια παπταίνει τὰ πόρσω,	-u --- uu-uu --- u --	lyric	
μεταμώνια θηρεύων ἀκράντοις ἐλπίσιν.	uu-uu --- u-- -u-	iambic trimeter (anapaestic)	Not Porson
ἔσχε τοιαύταν μεγάλαν ἀυάταν	-u --- uu- uu-	lyric	
καλλιπέπλου λῆμα Κορωνίδος. ἐλθόντος γὰρ εὐνάσθη ξένου	-u-- -u u-uu --- u --- u-	lyric	
λέκτροισιν ἀπʼ Ἀρκαδίας.	--u u -uu-	lyric	
οὐδʼ ἔλαθε σκοπόν· ἐν δ᾽ἄρα μηλοδόκῳ Πυθῶνι τόσσαις ἄϊεν ναοῦ βασιλεὺς	- uu- uu - uu -uu- --u -- -u- -- uu-	lyric	
Λοξίας, κοινᾶνι παρʼ εὐθυτάτῳ γνώμαν πιθών,	-u- --u u -uu- -- u-	lyric	
πάντα ἰσάντι νόῳ· ψευδέων δ᾽οὐχ ἅπτεται· κλέπτει τέ νιν	-u u-u u- -u- - -u- -- u -	lyric	
οὐ θεὸς οὐ βροτὸς ἔργοις οὔτε βουλαῖς.	- uu - uu -- -u --	lyric	
καὶ τότε γνοὺς Ἴσχυος Εἰλατίδα	- u- - -uu -uu-	lyric	
ξεινίαν κοίταν ἄθεμίν τε δόλον, πέμψεν κασιγνήταν μένει	-u- -- uu- u u- -- u--- u-	lyric	
θύοισαν ἀμαιμακέτῳ	--u u-uu-	lyric	
ἐς Λακέρειαν. ἐπεὶ παρὰ Βοιβιάδος κρημνοῖσιν ᾤκει παρθένος. δαίμων δ᾽ἕτερος	- uu-u u- uu -uu- --u -- -u- -- uu-	lyric	
ἐς κακὸν τρέψαις ἐδαμάσσατό νιν· καὶ γειτόνων	- u- -- uu-uu - - -u-	lyric	
πολλοὶ ἐπαῦρον, ἁμᾷ δ᾽ἔφθαρεν, πολλὰν δ᾽ὄρει πῦρ ἐξ ἑνὸς	-u u-u u- -u- -- u- - - u-	lyric	
σπέρματος ἐνθορὸν ἀΐστωσεν ὕλαν.	-uu -uu ---u --	lyric	
ἀλλʼ ἐπεὶ τείχει θέσαν ἐν ξυλίνῳ	- u- -- uu - uu-	lyric	
σύγγονοι κούραν, σέλας δ᾽ἀμφέδραμεν	-u- -- u- --u-	lyric	
λάβρον Ἁφαίστου, τότʼ ἔειπεν Ἀπόλλων· "οὐκέτι	-u --- u u-u u-- -u-	lyric	
τλάσομαι ψυχᾷ γένος ἀμὸν ὀλέσσαι	-u- -- uu -u u--	lyric	
οἰκτροτάτῳ θανάτῳ ματρὸς βαρείᾳ σὺν πάθᾳ."	-uu- uu- -- u-- - u-	lyric	
ὣς φάτο· βάματι δ᾽ἐν πρώτῳ κιχὼν παῖδʼ ἐκ νεκροῦ	- uu -uu - -- u- - - u-	lyric	
ἅρπασε· καιομένα δ᾽αὐτῷ διέφαινε πυρά·	-uu -uu- -- uu-u u-	lyric	
καί ῥά νιν Μάγνητι φέρων πόρε Κενταύρῳ διδάξαι	- u - --u u- uu --- u--	lyric	
πολυπήμονας ἀνθρώποισιν ἰᾶσθαι νόσους.	uu-uu ---u --- u-	iambic trimeter (anapaestic)	
τοὺς μὲν ὦν, ὅσσοι μόλον αὐτοφύτων	- u - -- uu -uu-	lyric	
ἑλκέων ξυνάονες, ἢ πολιῷ χαλκῷ μέλη τετρωμένοι	-u- --uu - uu- -- u- --u-	lyric	
ἢ χερμάδι τηλεβόλῳ,	- -uu -uu-	lyric	
ἢ θερινῷ πυρὶ περθόμενοι δέμας ἢ χειμῶνι, λύσαις ἄλλον ἀλλοίων ἀχέων	- uu- uu -uu- uu - --u -- -u --- uu-	lyric	
ἔξαγεν, τοὺς μὲν μαλακαῖς ἐπαοιδαῖς ἀμφέπων,	-u- - - uu- uu-- -u-	lyric	
τοὺς δὲ προσανέα πίνοντας, ἢ γυίοις περάπτων πάντοθεν	- u u-uu --u - -- u-- -u-	lyric	
φάρμακα, τοὺς δὲ τομαῖς ἔστασεν ὀρθούς.	-uu - u u- --u --	lyric	
ἀλλὰ κέρδει καὶ σοφία δέδεται.	-u -- - uu- uu-	lyric	
ἔτραπεν καὶ κεῖνον ἀγάνορι μισθῷ χρυσὸς ἐν χερσὶν φανεὶς	-u- - -u u-uu -- -u - -- u-	lyric	
ἄνδρʼ ἐκ θανάτου κομίσαι	- - uu- uu-	lyric	
ἤδη ἁλωκότα· χερσὶ δ᾽ἄρα Κρονίων ῥίψαις διʼ ἀμφοῖν ἀμπνοὰν στέρνων κάθελεν	-u u-uu -u u- uu- -- u -- -u- -- uu-	lyric	
ὠκέως, αἴθων δὲ κεραυνὸς ἐνέσκιμψεν μόρον.	-u- -- u u-u u--- u-	lyric	
χρὴ τὰ ἐοικότα πὰρ δαιμόνων μαστευέμεν θναταῖς φρασίν,	- u u-uu - -u- --u- -- u-	lyric	
γνόντα τὸ πὰρ ποδός, οἵας εἰμὲν αἴσας.	-u u - uu -- -u --	lyric	
μή, φίλα ψυχά, βίον ἀθάνατον	- u- -- uu -uu-	lyric	
σπεῦδε, τὰν δ᾽ἔμπρακτον ἄντλει μαχανάν.	-u - --u -- -u-	lyric	
εἰ δὲ σώφρων ἄντρον ἔναιʼ ἔτι Χείρων, καί τί οἱ	- u -- -u u- uu -- - u -	lyric	
φίλτρον ἐν θυμῷ μελιγάρυες ὕμνοι	-u - -- uu-uu --	lyric	
ἁμέτεροι τίθεν· ἰατῆρά τοί κέν νιν πίθον	-uu- uu ---u - - - u-	lyric	
καί νυν ἐσλοῖσι παρασχεῖν ἀνδράσιν θερμᾶν νόσων	- u u-u u-- -u- -- u-	lyric	
ἤ τινα Λατοΐδα κεκλημένον ἢ πατέρος.	- uu -uu- --uu - uu-	lyric	
καί κεν ἐν ναυσὶν μόλον Ἰονίαν τάμνων θάλασσαν	- u - -- uu -uu- -- u--	lyric	
Ἀρέθοισαν ἐπὶ κράναν παρʼ Αἰτναῖον ξένον,	uu-u u- -- u --- u-	iambic trimeter (anapaestic)	
ὃς Συρακόσσαισι νέμει βασιλεὺς	- u---u u- uu-	lyric	
πραῢς ἀστοῖς, οὐ φθονέων ἀγαθοῖς, ξείνοις δὲ θαυμαστὸς πατήρ.	-u -- - uu- uu- -- u --- u-	lyric	
τῷ μὲν διδύμας χάριτας,	- - uu- uu-	lyric	
εἰ κατέβαν ὑγίειαν ἄγων χρυσέαν κῶμόν τ᾽ἀέθλων Πυθίων αἴγλαν στεφάνοις.	- uu- uu-u u- uu- -- u-- -u- -- uu-	lyric	
τοὺς ἀριστεύων Φερένικος ἕλʼ ἐν Κίρρᾳ ποτέ,	- u--- uu-u u - -- u-	lyric	
ἀστέρος οὐρανίου φαμὶ τηλαυγέστερον κείνῳ φάος	-uu -uu- -u ---u- -- u-	lyric	
ἐξικόμαν κε βαθὺν πόντον περάσαις.	-uu- u u- -- u--	lyric	
ἀλλʼ ἐπεύξασθαι μὲν ἐγὼν ἐθέλω	- u--- u u- uu-	lyric	
Ματρί, τὰν κοῦραι παρʼ ἐμὸν πρόθυρον σὺν Πανὶ μέλπονται θαμὰ	-u - -- u u- uu- - -u --- u-	lyric	
σεμνὰν θεὸν ἐννύχιαι.	-- uu -uu-	lyric	
εἰ δὲ λόγων συνέμεν κορυφάν, Ἱέρων, ὀρθὰν ἐπίστᾳ, μανθάνων οἶσθα προτέρων·	- u u- uu- uu- uu- -- u-- -u- -- uu-	lyric	
"ἓν παρʼ ἐσλὸν πήματα σύνδυο δαίονται βροτοῖς	- u -- -uu -uu --- u-	lyric	
ἀθάνατοι." τὰ μὲν ὦν οὐ δύνανται νήπιοι κόσμῳ φέρειν,	-uu- u u - - u-- -u- -- u-	lyric	
ἀλλʼ ἀγαθοί, τὰ καλὰ τρέψαντες ἔξω.	- uu- u u- --u --	lyric	
τὶν δὲ μοῖρʼ εὐδαιμονίας ἕπεται.	- u - --uu- uu-	lyric	
λαγέταν γάρ τοι τύραννον δέρκεται,	-u- - - u-- -u-	lyric	
εἴ τινʼ ἀνθρώπων, ὁ μέγας πότμος. αἰὼν δ᾽ἀσφαλὴς	- u --- u u- uu -- -u-	lyric	
οὐκ ἔγεντʼ οὔτʼ Αἰακίδᾳ παρὰ Πηλεῖ	- u- - -uu- uu --	lyric	
οὔτε παρʼ ἀντιθέῳ Κάδμῳ· λέγονται μὰν βροτῶν	-u u -uu- -- u-- - u-	lyric	
ὄλβον ὑπέρτατον οἳ σχεῖν, οἵτε καὶ χρυσαμπύκων	-u u-uu - - -u - --u-	lyric	
μελπομενᾶν ἐν ὄρει Μοισᾶν καὶ ἐν ἑπταπύλοις	-uu- u u- -- u u -uu-	lyric	
ἄϊον Θήβαις, ὁπόθʼ Ἁρμονίαν γᾶμεν βοῶπιν,	-u- -- uu -uu- -- u--	lyric	
ὁ δὲ Νηρέος εὐβούλου Θέτιν παῖδα κλυτάν.	u u -uu --- u- -- u-	iambic trimeter (anapaestic)	
καὶ θεοὶ δαίσαντο παρʼ ἀμφοτέροις,	- u- --u u -uu-	lyric	
καὶ Κρόνου παῖδας βασιλῆας ἴδον χρυσέαις ἐν ἕδραις, ἕδνα τε	- u- -- uu-u u- -- u -- -u -	lyric	
δέξαντο· Διὸς δὲ χάριν	--u u- u u-	lyric	
ἐκ προτέρων μεταμειψάμενοι καμάτων ἔστασαν ὀρθὰν καρδίαν. ἐν δ᾽αὖτε χρόνῳ	- uu- uu-uu- uu- --u -- -u- - -u u-	lyric	
τὸν μὲν ὀξείαισι θύγατρες ἐρήμωσαν πάθαις	- u ---u u-u u--- u-	lyric	
εὐφροσύνας μέρος αἱ τρεῖς· ἀτὰρ λευκωλένῳ γε Ζεὺς πατὴρ	-uu- uu - - u- --u- - - u-	lyric	
ἤλυθεν ἐς λέχος ἱμερτὸν Θυώνᾳ.	-uu - uu --- u--	lyric	
τοῦ δὲ παῖς, ὅνπερ μόνον ἀθανάτα	- u - -- uu -uu-	lyric	
τίκτεν ἐν Φθίᾳ Θέτις, ἐν πολέμῳ τόξοις ἀπὸ ψυχὰν λιπὼν	-u - -- uu - uu- -- u- -- u-	lyric	
ὦρσεν πυρὶ καιόμενος	-- uu -uu-	lyric	
ἐκ Δαναῶν γόον. εἰ δὲ νόῳ τις ἔχει θνατῶν ἀλαθείας ὁδόν, χρὴ πρὸς μακάρων	- uu- uu - u u- u u- -- u--- u- - - uu-	lyric	
τυγχάνοντʼ εὖ πασχέμεν. ἄλλοτε δ᾽ἀλλοῖαι πνοαὶ	-u- - -uu -uu --- u-	lyric	
ὑψιπετᾶν ἀνέμων. ὄλβος οὐκ ἐς μακρὸν ἀνδρῶν ἔρχεται	-uu- uu- -u - - -u -- -u-	lyric	
σάος, πολὺς εὖτʼ ἂν ἐπιβρίσαις ἕπηται.	- uu - u u--- u--	lyric	
σμικρὸς ἐν σμικροῖς, μέγας ἐν μεγάλοις	-u - -- uu - uu-	lyric	
ἔσσομαι· τὸν δ᾽ἀμφέποντʼ αἰεὶ φρασὶν	-u- - -u- -- u-	lyric	
δαίμονʼ ἀσκήσω κατʼ ἐμὰν θεραπεύων μαχανάν.	-u --- u u- uu-- -u-	lyric	
εἰ δέ μοι πλοῦτον θεὸς ἁβρὸν ὀρέξαι,	- u - -- uu -u u--	lyric	
ἐλπίδʼ ἔχω κλέος εὑρέσθαι κεν ὑψηλὸν πρόσω.	-u u- uu --- u --- u-	lyric	
Νέστορα καὶ Λύκιον Σαρπηδόνʼ, ἀνθρώπων φάτις,	-uu - uu- --u --- u-	lyric	
ἐξ ἐπέων κελαδεννῶν, τέκτονες οἷα σοφοὶ	- uu- uu-- -uu -u u-	lyric	
ἅρμοσαν, γιγνώσκομεν. ἁ δ᾽ἀρετὰ κλειναῖς ἀοιδαῖς	-u- --uu - uu- -- u--	lyric	
χρονία τελέθει. παύροις δὲ πράξασθʼ εὐμαρές.	uu- uu- -- u -- -u-	iambic trimeter (anapaestic)	Not Porson
σάμερον μὲν χρή σε παρʼ ἀνδρὶ φίλῳ	-u- - - u u -u u-	lyric	
στᾶμεν, εὐΐππου βασιλῆϊ Κυράνας, ὄφρα κωμάζοντι σὺν Ἀρκεσίλᾳ,	-u --- uu-u u-- -u ---u u -uu-	lyric	
Μοῖσα, Λατοίδαισιν ὀφειλόμενον Πυθῶνί τ᾽αὔξῃς οὖρον ὕμνων,	-u ---u u-uu- --u -- -u --	lyric	
ἔνθα ποτὲ χρυσέων Διὸς αἰετῶν πάρεδρος,	-u u- uu- uu -u- u--	lyric	
οὐκ ἀποδάμου Ἀπόλλωνος τυχόντος, ἱέρεα	- uu-u u--- u-- -u-	lyric	
χρῆσεν οἰκιστῆρα Βάττον καρποφόρου Λιβύας, ἱερὰν	-u ---u -- -uu- uu- uu-	lyric	
νᾶσον ὡς ἤδη λιπὼν κτίσσειεν εὐάρματον	-u - -- u- --u --u-	lyric	
πόλιν ἐν ἀργεννόεντι μαστῷ,	uu u ---u --	lyric	
καὶ τὸ Μηδείας ἔπος ἀγκομίσαι	- u --- uu -uu-	lyric	
ἑβδόμᾳ καὶ σὺν δεκάτᾳ γενεᾷ Θήραιον, Αἰήτα τό ποτε ζαμενὴς	-u- - - uu- uu- --u --- u u- uu-	lyric	
παῖς ἀπέπνευσʼ ἀθανάτου στόματος, δέσποινα Κόλχων. εἶπε δ᾽οὕτως	- u-- -uu- uu- --u -- -u --	lyric	
ἡμιθέοισιν Ἰάσονος αἰχματᾶο ναύταις·	-uu-u u-uu ---u --	lyric	
"κέκλυτε, παῖδες ὑπερθύμων τε φωτῶν καὶ θεῶν·	-uu -u u--- u -- - u-	lyric	
φαμὶ γὰρ τᾶσδʼ ἐξ ἁλιπλάκτου ποτὲ γᾶς Ἐπάφοιο κόραν	-u - - - u--- uu - uu-u u-	lyric	
ἀστέων ῥίζαν φυτεύσεσθαι μελησιμβρότων	-u- -- u--- u--u-	lyric	
Διὸς ἐν Ἄμμωνος θεμέθλοις.	uu u --- u--	lyric	
ἀντὶ δελφίνων δ᾽ἐλαχυπτερύγων ἵππους ἀμείψαντες θοάς,	-u --- uu-uu- -- u--- u-	lyric	
ἁνία τ᾽ἀντʼ ἐρετμῶν δίφρους τε νωμάσοισιν ἀελλόποδας.	-uu - uu- -- u ---u u-uu-	lyric	
κεῖνος ὄρνις ἐκτελευτάσει μεγαλᾶν πολίων	-u -u -u--- uu- uu-	lyric	
ματρόπολιν Θήραν γενέσθαι, τόν ποτε Τριτωνίδος ἐν προχοαῖς	-uu- -- u-- - u- --uu - uu-	lyric	
λίμνας θεῷ ἀνέρι εἰδομένῳ γαῖαν διδόντι	-- uu -uu -uu- -- u--	lyric	
ξείνια πρῴραθεν Εὔφαμος καταβὰς	-u- --u --- uu-	lyric	
δέξατʼ· αἴσιον δ᾽ἐπί οἱ Κρονίων Ζεὺς πατὴρ ἔκλαγξε βροντάν·	-u -u- uu - uu- - u- --u --	lyric	
ἁνίκʼ ἄγκυραν ποτὶ χαλκόγενυν	-u --- uu -uu-	lyric	
ναῒ κρημνάντων ἐπέτοσσε, θοᾶς Ἀργοῦς χαλινόν. δώδεκα δὲ πρότερον	-u --- uu-u u- -- u-- -uu - uu-	lyric	
ἁμέρας ἐξ Ωκεανοῦ φέρομεν νώτων ὕπερ γαίας ἐρήμων	-u- - -uu- uu- -- u- -- u--	lyric	
εἰνάλιον δόρυ, μήδεσιν ἀνσπάσσαντες ἀμοῖς.	-uu- uu -uu ---u --	lyric	
τουτάκι δ᾽οἰοπόλος δαίμων ἐπῆλθεν, φαιδίμαν	-uu -uu- -- u-- -u-	lyric	
ἀνδρὸς αἰδοίου πρόσοψιν θηκάμενος· φιλίων δ᾽ἐπέων	-u --- u-- -uu- uu- uu-	lyric	
ἄρχετο, ξείνοις ἅτʼ ἐλθόντεσσιν εὐεργέται	-u- -- u ---u --u-	lyric	
δεῖπνʼ ἐπαγγέλλοντι πρῶτον.	- u---u --	lyric	
ἀλλὰ γὰρ νόστου πρόφασις γλυκεροῦ	-u - -- uu- uu-	lyric	
κώλυεν μεῖναι. φάτο δ᾽Εὐρύπυλος Γαιαόχου παῖς ἀφθίτου Ἐννοσίδα	-u- -- uu -uu- --u- - -uu -uu-	lyric	
ἔμμεναι· γίγνωσκε δ᾽ἐπειγομένους· ἂν δ᾽εὐθὺς ἁρπάξαις ἀρούρας	-u- --u u-uu- - -u --- u--	lyric	
δεξιτερᾷ προτυχὸν ξένιον μάστευσε δοῦναι.	-uu- uu- uu- --u --	lyric	
οὐδʼ ἀπίθησέ νιν, ἀλλʼ ἥρως ἐπʼ ἀκταῖσιν θορὼν	- uu-u u - -- u --- u-	lyric	
χειρί οἱ χεῖρʼ ἀντερείσαις δέξατο βώλακα δαιμονίαν.	-u - - -u-- -uu -uu -uu-	lyric	
πεύθομαι δ᾽αὐτὰν κατακλυσθεῖσαν ἐκ δούρατος	-u- -- u---u - -u-	lyric	
ἐναλίαν βᾶμεν σὺν ἅλμᾳ	uuu- -- u --	lyric	
ἑσπέρας, ὑγρῷ πελάγει σπομέναν. ἦ μάν νιν ὤτρυνον θαμὰ	-u- -- uu- uu- - - u --- u-	lyric	
λυσιπόνοις θεραπόντεσσιν φυλάξαι· τῶν δ᾽ἐλάθοντο φρένες·	-uu- uu--- u-- - uu-u u-	lyric	
καί νυν ἐν τᾷδʼ ἄφθιτον νάσῳ κέχυται Λιβύας	- u - - -u- -- uu- uu-	lyric	
εὐρυχόρου σπέρμα πρὶν ὥρας· εἰ γὰρ οἴκοι νιν βάλε πὰρ χθόνιον	-uu- -- u -- - u -- - uu - uu-	lyric	
Ἄιδα στόμα, Ταίναρον εἰς ἱερὰν Εὔφαμος ἐλθών,	-- uu -uu - uu- --u --	lyric	
υἱὸς ἱππάρχου Ποσειδάωνος ἄναξ,	-u --- u---u u-	lyric	
τόν ποτʼ Εὐρώπα Τιτυοῦ θυγάτηρ τίκτε Καφισοῦ παρʼ ὄχθαις·	- u --- uu- uu- -u --- u --	lyric	
τετράτων παίδων κ᾽ἐπιγινομένων	-u- -- uu-uu-	lyric	
αἷμά οἱ κείναν λάβε σὺν Δαναοῖς εὐρεῖαν ἄπειρον. τότε γὰρ μεγάλας	-u - -- uu - uu- --u --- uu - uu-	lyric	
ἐξανίστανται Λακεδαίμονος Ἀργείου τε κόλπου καὶ Μυκηνᾶν.	-u--- uu-uu --- u -- - u--	lyric	
νῦν γε μὲν ἀλλοδαπᾶν κριτὸν εὑρήσει γυναικῶν	- u u -uu- uu --- u--	lyric	
ἐν λέχεσιν γένος, οἵ κεν τάνδε σὺν τιμᾷ θεῶν	- uu- uu - - -u - -- u-	lyric	
νᾶσον ἐλθόντες τέκωνται φῶτα κελαινεφέων πεδίων	-u --- u-- -u u-uu- uu-	lyric	
δεσπόταν· τὸν μὲν πολυχρύσῳ ποτʼ ἐν δώματι	-u- - - u--- u - -u-	lyric	
Φοῖβος ἀμνάσει θέμισσιν	-u --- u--	lyric	
Πύθιον ναὸν καταβάντα χρόνῳ	-u- -- uu-u u-	lyric	
ὑστέρῳ, νάεσσι πολεῖς ἀγαγὲν Νείλοιο πρὸς πῖον τέμενος Κρονίδα."	-u- --u u- uu- --u - -- uu- uu-	lyric	
ἦ ῥα Μηδείας ἐπέων στίχες. ἔπταξαν δ᾽ἀκίνητοι σιωπᾷ	- u --- uu- uu --- u--- u--	lyric	
ἥροες ἀντίθεοι πυκινὰν μῆτιν κλύοντες.	-uu -uu- uu- -- u--	lyric	
ὦ μάκαρ υἱὲ Πολυμνάστου, σὲ δ᾽ἐν τούτῳ λόγῳ	- uu -u u--- u - -- u-	lyric	
χρησμὸς ὤρθωσεν μελίσσας Δελφίδος αὐτομάτῳ κελάδῳ·	-u --- u-- -uu -uu- uu-	lyric	
ἅ σε χαίρειν ἐς τρὶς αὐδάσαισα πεπρωμένον	- u -- - u ---u --u-	lyric	
βασιλέʼ ἄμφανεν Κυράνᾳ,	uuu --- u--	lyric	
δυσθρόου φωνᾶς ἀνακρινόμενον ποινὰ τίς ἔσται πρὸς θεῶν.	-u- -- uu-uu- -- u -- - u-	lyric	
ἦ μάλα δὴ μετὰ καὶ νῦν, ὥστε φοινικανθέμου ἦρος ἀκμᾷ,	- uu - uu - - -u ---uu -u u-	lyric	
παισὶ τούτοις ὄγδοον θάλλει μέρος Ἀρκεσίλας·	-u -- -u- -- uu -uu-	lyric	
τῷ μὲν Ἀπόλλων ἅ τε Πυθὼ κῦδος ἐξ ἀμφικτιόνων ἔπορεν	- u u-- - u -- -u - --uu- uu-	lyric	
ἱπποδρομίας. ἀπὸ δ᾽αὐτὸν ἐγὼ Μοίσαισι δώσω	--uu- uu -u u- --u --	lyric	
καὶ τὸ πάγχρυσον νάκος κριοῦ· μετὰ γὰρ	- u --- u- -- uu -	lyric	
κεῖνο πλευσάντων Μινυᾶν, θεόπομποί σφισιν τιμαὶ φύτευθεν.	-u --- uu- uu-- u- -- u--	lyric	
τίς γὰρ ἀρχὰ δέξατο ναυτιλίας;	- u -- -uu -uu-	lyric	
τίς δὲ κίνδυνος κρατεροῖς ἀδάμαντος δῆσεν ἅλοις; θέσφατον ἦν Πελίαν	- u --- uu- uu-- -u -- -uu - uu-	lyric	
ἐξ ἀγαυῶν Αἰολιδᾶν θανέμεν χείρεσσιν ἢ βουλαῖς ἀκάμπτοις.	- u-- -uu- uu- --u - -- u--	lyric	
ἦλθε δέ οἱ κρυόεν πυκινῷ μάντευμα θυμῷ,	-u u - uu- uu- --u --	lyric	
πὰρ μέσον ὀμφαλὸν εὐδένδροιο ῥηθὲν ματέρος·	- uu -uu ---u -- -u-	lyric	
τὸν μονοκρήπιδα πάντως ἐν φυλακᾷ σχεθέμεν μεγάλᾳ,	- u---u -- - uu- uu- uu-	lyric	
εὖτʼ ἂν αἰπεινῶν ἀπὸ σταθμῶν ἐς εὐδείελον	- u --- u- -- u --u-	lyric	
χθόνα μόλῃ κλειτᾶς Ἰωλκοῦ,	uu u- -- u--	lyric	
ξεῖνος αἴτʼ ὦν ἀστός. ὁ δ᾽ἆρα χρόνῳ	-u - - -u u -u u-	lyric	
ἵκετʼ αἰχμαῖσιν διδύμαισιν ἀνὴρ ἔκπαγλος· ἐσθὰς δ᾽ἀμφοτέρα νιν ἔχεν,	-u --- uu-u u- --u -- -uu- u u-	lyric	
ἅ τε Μαγνήτων ἐπιχώριος ἁρμόζοισα θαητοῖσι γυίοις,	- u --- uu-uu ---u ---u --	lyric	
ἀμφὶ δὲ παρδαλέᾳ στέγετο φρίσσοντας ὄμβρους·	-u u -uu- uu- --u --	lyric	
οὐδὲ κομᾶν πλόκαμοι κερθέντες ᾤχοντʼ ἀγλαοί,	-u u- uu- --u -- -u-	lyric	
ἀλλʼ ἅπαν νῶτον καταίθυσσον. τάχα δ᾽εὐθὺς ἰὼν σφετέρας	- u- -- u--- uu -u u- uu-	lyric	
ἐστάθη γνώμας ἀταρμύκτοιο πειρώμενος	-u- -- u---u --u-	lyric	
ἐν ἀγορᾷ πλήθοντος ὄχλου.	u uu- --u --	lyric	
τὸν μὲν οὐ γίγνωσκον· ὀπιζομένων δ᾽ἔμπας τις εἶπεν καὶ τόδε·	- u - --u u-uu- -- u -- - u-	lyric	
"οὔτι που οὗτος Ἀπόλλων, οὐδὲ μὰν χαλκάρματός ἐστι πόσις	-u u -u u-- -u - --uu -u u-	lyric	
Ἀφροδίτας· ἐν δὲ Νάξῳ φαντὶ θανεῖν λιπαρᾷ	-u-- - u -- -u u- uu-	lyric	
Ἰφιμεδείας παῖδας, Ὦτον καὶ σέ, τολμάεις Ἐφιάλτα ἄναξ.	-uu-- -u -- - u --- uu-u u-	lyric	
καὶ μὰν Τιτυὸν βέλος Ἀρτέμιδος θήρευσε κραιπνόν	- - uu- uu -uu- --u --	lyric	
ἐξ ἀνικάτου φαρέτρας ὀρνύμενον,	- u--- u-- -uu-	lyric	
ὄφρα τις τᾶν ἐν δυνατῷ φιλοτάτων ἐπιψαύειν ἔραται."	-u - - - uu- uu-- u--- u--	lyric	
τοὶ μὲν ἀλλάλοισιν ἀμειβόμενοι	- u ---u u-uu-	lyric	
γάρυον τοιαῦτʼ· ἀνὰ δ᾽ἡμιόνοις ξεστᾷ τ᾽ἀπήνᾳ προτροπάδαν Πελίας	-u- -- uu -uu- -- u-- -uu- uu-	lyric	
ἵκετο σπεύδων· τάφε δ᾽αὐτίκα παπτάναις ἀρίγνωτον πέδιλον	-u- -- uu -uu --- u--- u--	lyric	
δεξιτερῷ μόνον ἀμφὶ ποδί. κλέπτων δὲ θυμῷ	-uu- uu -u u- -- u --	lyric	
δεῖμα προσέννεπε· "ποίαν γαῖαν, ὦ ξεῖνʼ, εὔχεαι	-u u-uu -- -u - - -u-	lyric	
πατρίδʼ ἔμμεν; καὶ τίς ἀνθρώπων σε χαμαιγενέων πολιᾶς	-u -- - u --- u u-uu- uu-	lyric	
ἐξανῆκεν γαστρός; ἐχθίστοισι μὴ ψεύδεσιν	-u-- -u ---u - -u-	lyric	
καταμιάναις εἰπὲ γένναν.	uuu-- -u --	lyric	
τὸν δὲ θαρσήσαις ἀγανοῖσι λόγοις	- u --- uu-u u-	lyric	
ὧδʼ ἀμείφθη· "φαμὶ διδασκαλίαν Χείρωνος οἴσειν. ἀντρόθε γὰρ νέομαι	- u-- -u u-uu- --u -- -uu - uu-	lyric	
πὰρ Χαρικλοῦς καὶ Φιλύρας, ἵνα Κενταύρου με κοῦραι θρέψαν ἁγναί.	- u-- - uu- uu --- u -- -u --	lyric	
εἴκοσι δ᾽ἐκτελέσαις ἐνιαυτοὺς οὔτε ἔργον	-uu -uu- uu-- -u --	lyric	
οὔτʼ ἔπος ἐντράπελον κείνοισιν εἰπὼν ἱκόμαν	- uu -uu- --u -- -u-	lyric	
οἴκαδʼ, ἀρχαίαν κομίζων πατρὸς ἐμοῦ βασιλευομέναν	-u --- u-- -u u- uu-uu-	lyric	
οὐ κατʼ αἶσαν, τάν ποτε Ζεὺς ὤπασεν λαγέτᾳ	- u -- - u- - -u- -u-	lyric	
Αἰόλῳ καὶ παισί, τιμάν.	-u- - -u --	lyric	
πεύθομαι γάρ νιν Πελίαν ἄθεμιν λευκαῖς πιθήσαντα φρασὶν	-u- - - uu- uu- -- u--- u-	lyric	
ἁμετέρων ἀποσυλᾶσαι βιαίως ἀρχεδικᾶν τοκέων·	-uu- uu--- u-- -uu- uu-	lyric	
τοί μ᾽,ἐπεὶ πάμπρωτον εἶδον φέγγος, ὑπερφιάλου	- u- --u -- -u u-uu-	lyric	
ἁγεμόνος δείσαντες ὕβριν, κᾶδος ὡσείτε φθιμένου δνοφερὸν	-uu- --u -- -u --- uu- uu-	lyric	
ἐν δώμασι θηκάμενοι, μίγα κωκυτῷ γυναικῶν	- -uu -uu- uu --- u--	lyric	
κρύβδα πέμπον σπαργάνοις ἐν πορφυρέοις,	-u -- -u- - -uu-	lyric	
νυκτὶ κοινάσαντες ὁδόν, Κρονίδᾳ δὲ τράφεν Χείρωνι δῶκαν.	-u ---u u- uu- - u- --u --	lyric	
ἀλλὰ τούτων μὲν κεφάλαια λόγων	-u -- - uu-u u-	lyric	
ἴστε. λευκίππων δὲ δόμους πατέρων, κεδνοὶ πολῖται, φράσσατέ μοι σαφέως·	-u --- u u- uu- -- u-- -uu - uu-	lyric	
Αἴσονος γὰρ παῖς ἐπιχώριος οὐ ξείναν ἱκάνω γαῖαν ἄλλων.	-u- - - uu-uu - -- u-- -u --	lyric	
Φὴρ δέ με θεῖος Ἰάσονα κικλήσκων προσηύδα."	- u u -u u-uu --- u--	lyric	
ὣς φάτο. τὸν μὲν ἐσελθόντʼ ἔγνον ὀφθαλμοὶ πατρός.	- uu - u u-- -u --- u-	lyric	
ἐκ δ᾽ἄρʼ αὐτοῦ πομφόλυξαν δάκρυα γηραλέων γλεφάρων,	- u -- -u-- -uu -uu- uu-	lyric	
ἃν περὶ ψυχὰν ἐπεὶ γάθησεν ἐξαίρετον	- u- -- u- --u --u-	lyric	
γόνον ἰδὼν κάλλιστον ἀνδρῶν.	uu u- --u --	lyric	
καὶ κασίγνητοί σφισιν ἀμφότεροι	- u--- uu -uu-	lyric	
ἤλυθον κείνου γε κατὰ κλέος· ἐγγὺς μὲν Φέρης κράναν Υπερῇδα λιπών,	-u- -- u u- uu -- - u- -- uu-u u-	lyric	
ἐκ δὲ Μεσσάνας Ἀμυθάν· ταχέως δ᾽Ἄδματος ἷκεν καὶ Μέλαμπος,	- u --- uu- uu- --u -- - u--	lyric	
εὐμενέοντες ἀνεψιόν. ἐν δαιτὸς δὲ μοίρᾳ	-uu-u u-uu - -- u --	lyric	
μειλιχίοισι λόγοις αὐτοὺς Ἰάσων δέγμενος,	-uu-u u- -- u-- -u-	lyric	
ξείνιʼ ἁρμόζοντα τεύχων, πᾶσαν ἐυφροσύναν τάνυεν,	-u ---u -- -u u-uu- uu-	lyric	
ἀθρόαις πέντε δραπὼν νύκτεσσιν ἔν θ᾽ἁμέραις	-u- -- u- --u - -u-	lyric	
ἱερὸν εὐζοίας ἄωτον.	uuu --- u--	lyric	
ἀλλʼ ἐν ἕκτᾳ πάντα, λόγον θέμενος σπουδαῖον, ἐξ ἀρχᾶς ἀνὴρ	- u -- -u u- uu- --u - -- u-	lyric	
συγγενέσιν παρεκοινᾶθʼ· οἱ δ᾽ἐπέσποντʼ· αἶψα δ᾽ἀπὸ κλισιᾶν	-uu- uu-- - u-- -u u- uu-	lyric	
ὦρτο σὺν κείνοισι. καί ῥ᾽ἦλθον Πελία μέγαρον·	-u - --u - -- uu- uu-	lyric	
ἐσσύμενοι δ᾽εἴσω κατέσταν. τῶν δ᾽ἀκούσαις αὐτὸς ὑπαντίασεν	-uu- -- u-- - u-- -u u-uu-	lyric	
Τυροῦς ἐρασιπλοκάμου γενεά· πραῢν δ᾽Ἰάσων	-- uu-uu- uu- -- u--	lyric	
μαλθακᾷ φωνᾷ ποτιστάζων ὄαρον	-u- -- u--- uu-	lyric	
βάλλετο κρηπῖδα σοφῶν ἐπέων· "παῖ Ποσειδᾶνος Πετραίου,	-u- --u u- uu- - u--- u--	lyric	
ἐντὶ μὲν θνατῶν φρένες ὠκύτεραι	-u - -- uu -uu-	lyric	
κέρδος αἰνῆσαι πρὸ δίκας δόλιον, τραχεῖαν ἑρπόντων πρὸς ἔπιβδαν ὅμως·	-u --- u u- uu- --u --- u u-u u-	lyric	
ἀλλʼ ἐμὲ χρὴ καὶ σὲ θεμισσαμένους ὀργὰς ὑφαίνειν λοιπὸν ὄλβον.	- u- - - u u-uu- -- u-- -u --	lyric	
εἰδότι τοι ἐρέω· μία βοῦς Κρηθεῖ τε μάτηρ	-uu - uu- uu - -- u --	lyric	
καὶ θρασυμήδεϊ Σαλμωνεῖ· τρίταισιν δ᾽ἐν γοναῖς	- uu-uu --- u-- - u-	lyric	
ἄμμες αὖ κείνων φυτευθέντες σθένος ἀελίου χρύσεον	-u - -- u--- uu -uu- uu-	lyric	
λεύσσομεν. Μοῖραι δ᾽ἀφίσταντʼ, εἴ τις ἔχθρα πέλει	-u- -- u-- - u -- u-	lyric	
ὁμογόνοις, αἰδῶ καλύψαι.	uuu- -- u--	lyric	
οὐ πρέπει νῷν χαλκοτόροις ξίφεσιν	- u- - -uu- uu-	lyric	
οὐδʼ ἀκόντεσσιν μεγάλαν προγόνων τιμὰν δάσασθαι. μῆλά τε γάρ τοι ἐγὼ	- u--- uu- uu- -- u-- -u u - u u-	lyric	
καὶ βοῶν ξανθὰς ἀγέλας ἀφίημʼ ἀγρούς τε πάντας, τοὺς ἀπούραις	- u- -- uu- uu- -- u -- - u--	lyric	
ἁμετέρων τοκέων νέμεαι, πλοῦτον πιαίνων·	-uu- uu- uu- -- u--	lyric	
κοὔ με πονεῖ τεὸν οἶκον ταῦτα πορσύνοντʼ ἄγαν·	- u u- uu -- -u --- u-	lyric	
ἀλλὰ καὶ σκᾶπτον μόναρχον καὶ θρόνος, ᾧ ποτε Κρηθεΐδας	-u - -- u-- - uu - uu -uu-	lyric	
ἐγκαθίζων ἱππόταις εὔθυνε λαοῖς δίκας,	-u-- -u- --u -- u-	lyric	
τὰ μὲν ἄνευ ξυνᾶς ἀνίας	u u u- -- u--	lyric	
λῦσον ἄμμιν, μή τι νεώτερον ἐξ αὐτῶν ἀναστάῃ κακόν.	-u -- - u u-uu - -- u--- u-	lyric	
ὣς ἄρʼ ἔειπεν. ἀκᾷ δ᾽ἀνταγόρευσεν καὶ Πελίας· 'ἔσομαι	- u u-u u- --u-- - uu- uu-	lyric	
τοῖος· ἀλλʼ ἤδη με γηραιὸν μέρος ἁλικίας	-u - -- u --- uu -uu-	lyric	
ἀμφιπολεῖ· σὸν δ᾽ἄνθος ἥβας ἄρτι κυμαίνει· δύνασαι δ᾽ἀφελεῖν	-uu- - -u -- -u --- uu- uu-	lyric	
μᾶνιν χθονίων. κέλεται γὰρ ἑὰν ψυχὰν κομίξαι	-- uu- uu- u u- -- u--	lyric	
Φρίξος ἐλθόντας πρὸς Αἰήτα θαλάμους,	-u --- u --- uu-	lyric	
δέρμα τε κριοῦ βαθύμαλλον ἄγειν, τῷ ποτʼ ἐκ πόντου σαώθη	-u - -- uu-u u- - u - -- u--	lyric	
ἔκ τε ματρυιᾶς ἀθέων βελέων.	- u --- uu- uu-	lyric	
ταῦτά μοι θαυμαστὸς ὄνειρος ἰὼν φωνεῖ. μεμάντευμαι δ᾽ἐπὶ Κασταλίᾳ,	-u - --u u-u u- -- u--- uu -uu-	lyric	
εἰ μετάλλατόν τι. καὶ ὡς τάχος ὀτρύνει με τεύχειν ναὶ πομπάν.	- u--- u u - uu --- u -- -u --	lyric	
τοῦτον ἄεθλον ἑκὼν τέλεσον· καί τοι μοναρχεῖν	-u u-u u- uu- - - u--	lyric	
καὶ βασιλευέμεν ὄμνυμι προήσειν. καρτερὸς	- uu-uu --- u-- -u-	lyric	
ὅρκος ἄμμιν μάρτυς ἔστω Ζεὺς ὁ γενέθλιος ἀμφοτέροις.""	-u -- -u -- - u u-uu -uu-	lyric	
σύνθεσιν ταύταν ἐπαινήσαντες οἱ μὲν κρίθεν·	-u- -- u---u - - u-	lyric	
ἀτὰρ Ἰάσων αὐτὸς ἤδη	uu u-- -u --	lyric	
ὤρνυεν κάρυκας ἐόντα πλόον	-u- --u u-u u-	lyric	
φαινέμεν παντᾷ. τάχα δὲ Κρονίδαο Ζηνὸς υἱοὶ τρεῖς ἀκαμαντομάχαι	-u- -- uu - uu-- -u -- - uu-uu-	lyric	
ἦλθον Ἀλκμήνας θ᾽ἑλικοβλεφάρου Λήδας τε, δοιοὶ δ᾽ὑψιχαῖται	-u --- uu-uu- -- u -- -u--	lyric	
ἀνέρες, Ἐννοσίδα γένος, αἰδεσθέντες ἀλκάν,	-uu -uu- uu ---u --	lyric	
ἔκ τε Πύλου καὶ ἀπʼ ἄκρας Ταινάρου· τῶν μὲν κλέος	- u u- u u -- -u- - - u-	lyric	
ἐσλὸν Εὐφάμου τ᾽ἐκράνθη σόν τε, Περικλύμενʼ εὐρυβία.	-u --- u-- - u u-uu -uu-	lyric	
ἐξ Ἀπόλλωνος δὲ φορμικτὰς ἀοιδᾶν πατὴρ	- u--- u --- u-- u-	lyric	
ἔμολεν, εὐαίνητος, Ὀρφεύς.	uuu ---u --	lyric	
πέμπε δ᾽Ἑρμᾶς χρυσόραπις διδύμους υἱοὺς ἐπʼ ἄτρυτον πόνον,	-u -- -uu- uu- -- u --- u-	lyric	
τὸν μὲν Ἐχίονα, κεχλάδοντας ἥβᾳ, τὸν δ᾽Ἔρυτον. ταχέες	- u u-uu ---u -- - uu- uu-	lyric	
ἀμφὶ Παγγαίου θεμέθλοις ναιετάοντες ἔβαν·	-u --- u-- -uu-u u-	lyric	
καὶ γὰρ ἑκὼν θυμῷ γελανεῖ θᾶσσον ἔντυνεν βασιλεὺς ἀνέμων	- u u- -- u-- -u --- uu- uu-	lyric	
Ζήταν Κάλαΐν τε πατὴρ Βορέας, ἄνδρας πτεροῖσιν	-- uu- u u- uu- -- u--	lyric	
νῶτα πεφρίκοντας ἄμφω πορφυρέοις.	-u ---u -- -uu-	lyric	
τὸν δὲ παμπειθῆ γλυκὺν ἡμιθέοισιν πόθον ἔνδαιεν Ἥρα	- u --- uu -uu-- u- --u --	lyric	
ναὸς Ἀργοῦς, μή τινα λειπόμενον	-u -- - uu -uu-	lyric	
τὰν ἀκίνδυνον παρὰ ματρὶ μένειν αἰῶνα πέσσοντʼ, ἀλλʼ ἐπὶ καὶ θανάτῳ	- u--- uu -u u- --u -- - uu - uu-	lyric	
φάρμακον κάλλιστον ἑᾶς ἀρετᾶς ἅλιξιν εὑρέσθαι σὺν ἄλλοις.	-u- --u u- uu- --u --- u --	lyric	
ἐς δ᾽Ἰαωλκὸν ἐπεὶ κατέβα ναυτᾶν ἄωτος,	- uu-u u- uu- -- u--	lyric	
λέξατο πάντας ἐπαινήσαις Ἰάσων. καί ῥά οἱ	-uu -u u--- u-- - u -	lyric	
μάντις ὀρνίχεσσι καὶ κλάροισι θεοπροπέων ἱεροῖς	-u ---u - --u u-uu- uu-	lyric	
Μόψος ἄμβασε στρατὸν πρόφρων. ἐπεὶ δ᾽ἐμβόλου	-u --- u- -- u- -u-	lyric	
κρέμασαν ἀγκύρας ὕπερθεν,	uuu --- u--	lyric	
χρυσέαν χείρεσσι λαβὼν φιάλαν	-u- --u u- uu-	lyric	
ἀρχὸς ἐν πρύμνᾳ πατέρʼ Οὐρανιδᾶν ἐγχεικέραυνον Ζῆνα, καὶ ὠκυπόρους	-u - -- uu -uu- --u-- -u u -uu-	lyric	
κυμάτων ῥιπὰς ἀνέμων τ᾽ἐκάλει, νύκτας τε καὶ πόντου κελεύθους	-u- -- uu- uu- -- u - -- u--	lyric	
ἄματά τ᾽εὔφρονα καὶ φιλίαν νόστοιο μοῖραν·	-uu -uu - uu- --u --	lyric	
ἐκ νεφέων δέ οἱ ἀντάϋσε βροντᾶς αἴσιον	- uu- u u ---u -- -u-	lyric	
φθέγμα· λαμπραὶ δ᾽ἦλθον ἀκτῖνες στεροπᾶς ἀπορηγνύμεναι·	-u -- -u --- uu- uu-uu-	lyric	
ἀμπνοὰν δ᾽ἥρωες ἔστασαν θεοῦ σάμασιν	-u- --u --- u- -u-	lyric	
πιθόμενοι· κάρυξε δ᾽αὐτοῖς	uuu- --u --	lyric	
ἐμβαλεῖν κώπαισι τερασκόπος ἁδείας ἐνίπτων ἐλπίδας·	-u- --u u-uu --- u-- -u-	lyric	
εἰρεσία δ᾽ὑπεχώρησεν ταχειᾶν ἐκ παλαμᾶν ἄκορος.	-uu- uu--- u-- - uu- uu-	lyric	
σὺν Νότου δ᾽αὔραις ἐπʼ Ἀξείνου στόμα πεμπόμενοι	- u- -- u --- uu -uu-	lyric	
ἤλυθον· ἔνθʼ ἁγνὸν Ποσειδάωνος ἕσσαντʼ εἰναλίου τέμενος,	-uu - -- u---u -- -uu- uu-	lyric	
φοίνισσα δὲ Θρηϊκίων ἀγέλα ταύρων ὑπᾶρχεν	--u u -uu- uu- -- u--	lyric	
καὶ νεόκτιστον λίθων βωμοῖο θέναρ.	- u--- u- --u u-	lyric	
ἐς δὲ κίνδυνον βαθὺν ἱέμενοι δεσπόταν λίσσοντο ναῶν,	- u --- uu -uu- -u- --u --	lyric	
συνδρόμων κινηθμὸν ἀμαιμάκετον	-u- --u u-uu-	lyric	
ἐκφυγεῖν πετρᾶν. δίδυμαι γὰρ ἔσαν ζωαί, κυλινδέσκοντό τε κραιπνότεραι	-u- -- uu- u u- -- u---u u -uu-	lyric	
ἢ βαρυγδούπων ἀνέμων στίχες· ἀλλʼ ἤδη τελευτὰν κεῖνος αὐταῖς	- u--- uu- uu - -- u-- -u --	lyric	
ἡμιθέων πλόος ἄγαγεν. ἐς Φᾶσιν δ᾽ἔπειτεν	-uu- uu -uu - -- u--	lyric	
ἤλυθον· ἔνθα κελαινώπεσσι Κόλχοισιν βίαν	-uu -u u---u --- u-	lyric	
μῖξαν Αἰήτᾳ παρʼ αὐτῷ. πότνια δ᾽ὀξυτάτων βελέων	-u --- u -- -uu -uu- uu-	lyric	
ποικίλαν ἴϋγγα τετράκναμον Οὐλυμπόθεν	-u- --u ---u --u-	lyric	
ἐν ἀλύτῳ ζεύξαισα κύκλῳ	u uu- --u --	lyric	
μαινάδʼ ὄρνιν Κυπρογένεια φέρεν	-u -- -uu-u u-	lyric	
πρῶτον ἀνθρώποισι, λιτάς τ᾽ἐπαοιδὰς ἐκδιδάσκησεν σοφὸν Αἰσονίδαν·	-u ---u u- uu-- -u--- uu -uu-	lyric	
ὄφρα Μηδείας τοκέων ἀφέλοιτʼ αἰδῶ, ποθεινὰ δ᾽Ἑλλὰς αὐτὰν	-u --- uu- uu- -- u-- -u --	lyric	
ἐν φρασὶ καιομέναν δονέοι μάστιγι Πειθοῦς.	- uu -uu- uu- --u --	lyric	
καὶ τάχα πείρατʼ ἀέθλων δείκνυεν πατρωΐων·	- uu -u u-- -u- --u-	lyric	
σὺν δ᾽ἐλαίῳ φαρμακώσαισʼ ἀντίτομα στερεᾶν ὀδυνᾶν	- u-- -u-- -uu- uu- uu-	lyric	
δῶκε χρίεσθαι. καταίνησαν τε κοινὸν γάμον	-u --- u--- u -- u-	lyric	
γλυκὺν ἐν ἀλλάλοισι μῖξαι.	uu u ---u --	lyric	
ἀλλʼ ὅτʼ Αἰήτας ἀδαμάντινον ἐν μέσσοις ἄροτρον σκίμψατο	- u --- uu-uu - -- u-- -u-	lyric	
καὶ βόας, οἳ φλόγʼ ἀπὸ ξανθᾶν γενύων πνέον καιομένοιο πυρός,	- uu - u u- -- u- - -uu-u u-	lyric	
χαλκέαις δ᾽ὁπλαῖς ἀράσσεσκον χθόνʼ ἀμειβόμενοι,	-u- -- u--- u u-uu-	lyric	
τοὺς ἀγαγὼν ζεύγλᾳ πέλασσεν μοῦνος. ὀρθὰς δ᾽αὔλακας ἐντανύσαις	- uu- -- u-- -u -- -uu -uu-	lyric	
ἤλαυνʼ, ἀνὰ βωλακίας δ᾽ὀρόγυιαν σχίζε νῶτον	-- uu -uu- uu-- -u --	lyric	
γᾶς. ἔειπεν δ᾽ὧδε· "τοῦτʼ ἔργον βασιλεύς,	- u-- -u - -- uu-	lyric	
ὅστις ἄρχει ναός, ἐμοὶ τελέσαις ἄφθιτον στρωμνὰν ἀγέσθω,	-u -- -u u- uu- -u- -- u--	lyric	
κῶας αἰγλᾶεν χρυσέῳ θυσάνῳ."	-u --- uu- uu-	lyric	
ὣς ἄρʼ αὐδάσαντος ἀπὸ κροκόεν ῥίψαις Ἰάσων εἷμα θεῷ πίσυνος	- u ---u u- uu- -- u-- -u u- uu-	lyric	
εἴχετʼ ἔργου· πῦρ δέ νιν οὐκ ἐόλει παμφαρμάκου ξείνας ἐφετμαῖς.	-u -- - u u - uu- --u- -- u--	lyric	
σπασσάμενος δ᾽ἄροτρον, βοέους δήσαις ἀνάγκας	-uu- uu- uu- -- u--	lyric	
ἔντεσιν αὐχένας ἐμβάλλων τ᾽ἐριπλεύρῳ φυᾷ	-uu -uu --- u--- u-	lyric	
κέντρον αἰανὲς βιατὰς ἐξεπόνησʼ ἐπιτακτὸν ἀνὴρ	-u --- u-- -uu- uu-u u-	lyric	
μέτρον. ἴϋξεν δ᾽ἀφωνήτῳ περ ἔμπας ἄχει	-u --- u--- u -- u-	lyric	
δύνασιν Αἰήτας ἀγασθείς.	uuu --- u--	lyric	
πρὸς δ᾽ἑταῖροι καρτερὸν ἄνδρα φίλας	- u-- -uu -u u-	lyric	
ὤρεγον χεῖρας, στεφάνοισί τέ νιν ποίας ἔρεπτον, μειλιχίοις τε λόγοις	-u- -- uu-u u - -- u-- -uu- u u-	lyric	
ἀγαπάζοντʼ. αὐτίκα δ᾽Ἀελίου θαυμαστὸς υἱὸς δέρμα λαμπρὸν	-u-- -uu -uu- --u -- -u --	lyric	
ἔννεπεν, ἔνθα νιν ἐκτάνυσαν Φρίξου μάχαιραι·	-uu -u u -uu- -- u--	lyric	
ἤλπετο δ᾽οὐκέτι οἱ κεῖνόν γε πράξεσθαι πόνον.	-uu -uu - -- u --- u-	lyric	
κεῖτο γὰρ λόχμᾳ, δράκοντος δ᾽εἴχετο λαβροτατᾶν γενύων,	-u - -- u-- -uu -uu- uu-	lyric	
ὃς πάχει μάκει τε πεντηκόντορον ναῦν κράτει,	- u- -- u ---u- - u-	lyric	
τέλεσαν ἃν πλαγαὶ σιδάρου.	uuu - -- u--	lyric	
μακρά μοι νεῖσθαι κατʼ ἀμαξιτόν· ὥρα γὰρ συνάπτει· καί τινα	-u - -- u u-uu -- - u-- - u-	lyric	
οἶμον ἴσαμι βραχύν· πολλοῖσι δ᾽ἅγημαι σοφίας ἑτέροις.	-u u-u u- --u --- uu- uu-	lyric	
κτεῖνε μὲν γλαυκῶπα τέχναις ποικιλόνωτον ὄφιν,	-u - --u -- -uu-u u-	lyric	
ὦ Ἀρκεσίλα, κλέψεν τε Μήδειαν σὺν αὐτᾷ, τὰν Πελίαο φόνον·	-uu- -- u --- u -- - uu-u u-	lyric	
ἔν τ᾽Ὠκεανοῦ πελάγεσσι μίγεν πόντῳ τ᾽ἐρυθρῷ	- -uu- uu-u u- -- u--	lyric	
Λαμνιᾶν τ᾽ἔθνει γυναικῶν ἀνδροφόνων·	-u- -- u-- -uu-	lyric	
ἔνθα καὶ γυίων ἀέθλοις ἐπεδείξαντο κρίσιν ἐσθᾶτος ἀμφίς,	-u - -- uu- uu--u uu --u --	lyric	
καὶ συνεύνασθεν. καὶ ἐν ἀλλοδαπαῖς	- u--- u u -uu-	lyric	
σπέρμʼ ἀρούραις τουτάκις ὑμετέρας ἀκτῖνος ὄλβου δέξατο μοιρίδιον	- u-- -uu -uu- --u -- -uu -uu-	lyric	
ἆμαρ ἢ νύκτες. τόθι γὰρ γένος Εὐφάμου φυτευθὲν λοιπὸν αἰεὶ	-u - -- uu - uu --- u-- -u --	lyric	
τέλλετο· καὶ Λακεδαιμονίων μιχθέντες ἀνδρῶν	-uu - uu-uu- --u --	lyric	
ἤθεσι τάν ποτε Καλλίσταν ἀπῴκησαν χρόνῳ	-uu - uu --- u--- u-	lyric	
νᾶσον· ἔνθεν δ᾽ὔμμι Λατοίδας ἔπορεν Λιβύας πεδίον	-u -- -u --- uu- uu- uu-	lyric	
σὺν θεῶν τιμαῖς ὀφέλλειν, ἄστυ χρυσοθρόνου	- u- -- u-- -u --u-	lyric	
διανέμειν θεῖον Κυράνας	uuu- -- u--	lyric	
ὀρθόβουλον μῆτιν ἐφευρομένοις.	-u-- -u u-uu-	lyric	
γνῶθι νῦν τὰν Οἰδιπόδα σοφίαν. εἰ γάρ τις ὄζους ὀξυτόμῳ πελέκει	-u - - -uu- uu- - - u -- -uu- uu-	lyric	
ἐξερείψειεν μεγάλας δρυός, αἰσχύνοι δέ οἱ θαητὸν εἶδος·	-u--- uu- uu --- u - --u --	lyric	
καὶ φθινόκαρπος ἐοῖσα διδοῖ ψᾶφον περʼ αὐτᾶς,	- uu-u u-u u- -- u --	lyric	
εἴ ποτε χειμέριον πῦρ ἐξίκηται λοίσθιον·	- uu -uu- - -u-- -u-	lyric	
ἢ σὺν ὀρθαῖς κιόνεσσιν δεσποσύναισιν ἐρειδομένα	- u -- -u-- -uu-u u-uu-	lyric	
μόχθον ἄλλοις ἀμφέπει δύστανον ἐν τείχεσιν,	-u -- -u- --u - -u-	lyric	
ἑὸν ἐρημώσαισα χῶρον.	uu u---u --	lyric	
ἐσσὶ δ᾽ἰατὴρ ἐπικαιρότατος, Παιάν τέ σοι τιμᾷ φάος·	-u --- uu-uu- -- u - -- u-	lyric	
χρὴ μαλακὰν χέρα προσβάλλοντα τρώμαν ἕλκεος ἀμφιπολεῖν.	- uu- uu ---u -- -uu -uu-	lyric	
ῥᾴδιον μὲν γὰρ πόλιν σεῖσαι καὶ ἀφαυροτέροις·	-u- - - u- -- u u-uu-	lyric	
ἀλλʼ ἐπὶ χώρας αὖτις ἕσσαι δυσπαλὲς δὴ γίγνεται, ἐξαπίνας	- uu -- -u -- -u- - -uu -uu-	lyric	
εἰ μὴ θεὸς ἁγεμόνεσσι κυβερνατὴρ γένηται.	- - uu -uu-u u--- u--	lyric	
τὶν δὲ τούτων ἐξυφαίνονται χάριτες.	- u -- -u--- uu-	lyric	
τλᾶθι τᾶς εὐδαίμονος ἀμφὶ Κυράνας θέμεν σπουδὰν ἅπασαν.	-u - --uu -u u-- u- -- u--	lyric	
τῶν δ᾽Ὁμήρου καὶ τόδε συνθέμενος	- u-- - uu -uu-	lyric	
ῥῆμα πόρσυνʼ· ἄγγελον ἐσλὸν ἔφα τιμὰν μεγίσταν πράγματι παντὶ φέρειν·	-u -- -uu -u u- -- u-- -uu -u u-	lyric	
αὔξεται καὶ Μοῖσα διʼ ἀγγελίας ὀρθᾶς. ἐπέγνω μὲν Κυράνα	-u- - -u u -uu- -- u-- - u--	lyric	
καὶ τὸ κλεεννότατον μέγαρον Βάττου δικαιᾶν	- u u-uu- uu- -- u--	lyric	
Δαμοφίλου πραπίδων. κεῖνος γὰρ ἐν παισὶν νέος,	-uu- uu- -- u - -- u-	lyric	
ἐν δὲ βουλαῖς πρέσβυς ἐγκύρσαις ἑκατονταετεῖ βιοτᾷ,	- u -- -u --- uu-uu- uu-	lyric	
ὀρφανίζει μὲν κακὰν γλῶσσαν φαεννᾶς ὀπός,	-u-- - u- -- u-- u-	lyric	
ἔμαθε δ᾽ὑβρίζοντα μισεῖν,	uuu ---u --	lyric	
οὐκ ἐρίζων ἀντία τοῖς ἀγαθοῖς,	- u-- -uu - uu-	lyric	
οὐδὲ μακύνων τέλος οὐδέν. ὁ γὰρ καιρὸς πρὸς ἀνθρώπων βραχὺ μέτρον ἔχει.	-u --- uu -u u - -- u --- uu -u u-	lyric	
εὖ νιν ἔγνωκεν· θεράπων δέ οἱ, οὐ δράστας ὀπαδεῖ. φαντὶ δ᾽ἔμμεν	- u --- uu- u u - -- u-- -u --	lyric	
τοῦτʼ ἀνιαρότατον, καλὰ γιγνώσκοντʼ ἀνάγκᾳ	- uu-uu- uu --- u--	lyric	
ἐκτὸς ἔχειν πόδα. καὶ μὰν κεῖνος Ἄτλας οὐρανῷ	-u u- uu - - -u -- -u-	lyric	
προσπαλαίει νῦν γε πατρῴας ἀπὸ γᾶς ἀπό τε κτεάνων·	-u-- - u --- uu - uu - uu-	lyric	
λῦσε δὲ Ζεὺς ἄφθιτος Τιτᾶνας. ἐν δὲ χρόνῳ	-u - - -u- --u - - u-	lyric	
μεταβολαὶ λήξαντος οὔρου	uuu- --u --	lyric	
ἱστίων. ἀλλʼ εὔχεται οὐλομέναν νοῦσον διαντλήσαις ποτὲ	-u- - -uu -uu- -- u--- u-	lyric	
οἶκον ἰδεῖν, ἐπʼ Ἀπόλλωνός τε κράνᾳ συμποσίας ἐφέπων	-u u- u u--- u -- -uu- uu-	lyric	
θυμὸν ἐκδόσθαι πρὸς ἥβαν πολλάκις, ἔν τε σοφοῖς	-u --- u -- -uu - u u-	lyric	
δαιδαλέαν φόρμιγγα βαστάζων πολίταις ἡσυχίᾳ θιγέμεν,	-uu- --u --- u-- -uu- uu-	lyric	
μήτʼ ὦν τινι πῆμα πορών, ἀπαθὴς δ᾽αὐτὸς πρὸς ἀστῶν.	- - uu -u u- uu- -- u --	lyric	
καί κε μυθήσαιθʼ ὁποίαν, Ἀρκεσίλα,	- u --- u-- -uu-	lyric	
εὗρε παγὰν ἀμβροσίων ἐπέων, πρόσφατον Θήβᾳ ξενωθείς.	-u -- -uu- uu- -u- -- u--	lyric	
ὁ πλοῦτος εὐρυσθενής,	u -u --u-	lyric	
ὅταν τις ἀρετᾷ κεκραμένον καθαρᾷ	u- u uu- u-u- uu-	lyric	
βροτήσιος ἀνὴρ πότμου παραδόντος, αὐτὸν ἀνάγῃ	u-uu u- u- uu-u -u uu-	lyric	
πολύφιλον ἑπέταν.	uuuu uu-	lyric	
ὦ θεόμορʼ Ἀρκεσίλα,	- uuu -uu-	lyric	
σύ τοί νιν κλυτᾶς	u - - u-	lyric	
αἰῶνος ἀκρᾶν βαθμίδων ἄπο	--u -- uu- u-	lyric	
σὺν εὐδοξίᾳ μετανίσεαι	u --u- uu-u-	lyric	
ἕκατι χρυσαρμάτου Κάστορος·	u-u --u- -u-	lyric	
εὐδίαν ὃς μετὰ χειμέριον ὄμβρον τεὰν	-u- - uu -uuu -- u-	lyric	
καταιθύσσει μάκαιραν ἑστίαν.	u--- u-u -u-	lyric	
σοφοὶ δέ τοι κάλλιον	u- u - -u-	lyric	
φέροντι καὶ τὰν θεόσδοτον δύναμιν.	u-u - - u-u- uu-	lyric	
σὲ δ᾽ἐρχόμενον ἐν δίκᾳ πολὺς ὄλβος ἀμφινέμεται·	u -uuu - u- uu -u -uuu-	lyric	
τὸ μέν, ὅτι βασιλεὺς	u u uu uu-	lyric	
ἐσσὶ μεγαλᾶν πολίων,	-u uu- uu-	lyric	
ἔχει συγγενὴς	u- -u-	lyric	
ὀφθαλμὸς αἰδοιότατον γέρας	--u --uu- u-	lyric	
τεᾷ τοῦτο μιγνύμενον φρενί·	u- -u -uu- u-	lyric	
μάκαρ δὲ καὶ νῦν, κλεεννᾶς ὅτι	u- u - - u-- u-	lyric	
εὖχος ἤδη παρὰ Πυθιάδος ἵπποις ἑλὼν	-u -- uu -uuu -- u-	lyric	
δέδεξαι τόνδε κῶμον ἀνέρων,	u-- -u -u -u-	lyric	
Ἀπολλώνιον ἄθυρμα. τῷ σε μὴ λαθέτω	u--uu u-u - u - uu-	lyric	
Κυράνας γλυκὺν ἀμφὶ κᾶπον Ἀφροδίτας ἀειδόμενον,	u-- uu -u -u -u-- u-uu-	lyric	
παντὶ μὲν θεὸν αἴτιον ὑπερτιθέμεν·	-u - uu -uu u-uu-	lyric	
φιλεῖν δὲ Κάρρωτον ἔξοχʼ ἑταίρων·	u- u --u -u u--	lyric	
ὃς οὐ τὰν Ἐπιμαθέος ἄγων	u - - uu-uu u-	lyric	
ὀψινόου θυγατέρα Πρόφασιν, Βαττιδᾶν	-uu- uuu- uu- -u-	lyric	
ἀφίκετο δόμους θεμισκρεόντων·	u-uu u- u-u--	lyric	
ἀλλʼ ἀρισθάρματον	- u--u-	lyric	
ὕδατι Κασταλίας ξενωθεὶς γέρας ἀμφέβαλε τεαῖσιν κόμαις,	uuu -uu- u-- uu -uuu u-- u-	lyric	
ἀκηράτοις ἁνίαις	u-u- -u-	lyric	
ποδαρκέων δωδεκάδρομον τέμενος.	u-u- -u-u- uu-	lyric	
κατέκλασε γὰρ ἐντέων σθένος οὐδέν· ἀλλὰ κρέμαται,	u-uu u -u- uu -u -u uu-	lyric	
ὁπόσα χεριαρᾶν	uuu uuu-	lyric	
τεκτόνων δαίδαλʼ ἄγων	-u- -u u-	lyric	
Κρισαῖον λόφον	u-- u-	lyric	
ἄμειψεν ἐν κοιλόπεδον νάπος	--u - -uu- u-	lyric	
θεοῦ· τό σφ᾽ἔχει κυπαρίσσινον	u- - u- uu-u-	lyric	
μέλαθρον ἀμφʼ ἀνδριάντι σχεδόν,	u-u - -u-- u-	lyric	
Κρῆτες ὃν τοξοφόροι τέγεϊ Παρνασσίῳ	-u - -uu- uuu --u-	lyric	
καθέσσαντο μονόδροπον φυτόν.	u--- u-u- u-	lyric	
ἑκόντι τοίνυν πρέπει	u-u -- u-	lyric	
νόῳ τὸν εὐεργέταν ὑπαντιάσαι.	u- u --u- u-uu-	lyric	
Ἀλεξιβιάδα, σὲ δ᾽ἠΰκομοι φλέγοντι Χάριτες.	u-uuu- u -uu- u-u uu-	lyric	
μακάριος, ὃς ἔχεις	uuuu u u-	lyric	
καὶ πεδὰ μέγαν κάματον	- uu u- uu-	lyric	
λόγων φερτάτων	u- -u-	lyric	
μναμήϊʼ· ἐν τεσσαράκοντα γὰρ	--u - -uu-u -	lyric	
πετόντεσσιν ἁνιόχοις ὅλον	u--u -uu- u-	lyric	
δίφρον κομίξαις ἀταρβεῖ φρενί,	u- u-- u-- u-	lyric	
ἦλθες ἤδη Λιβύας πεδίον ἐξ ἀγλαῶν	-u -- uu- uuu - -u-	lyric	
ἀέθλων καὶ πατρωΐαν πόλιν.	u-- - u-u- u-	lyric	
πόνων δ᾽οὔ τις ἀπόκλαρός ἐστιν οὔτʼ ἔσεται·	u- - u uu-u -u - uu-	lyric	
ὁ Βάττου δ᾽ἕπεται παλαιὸς ὄλβος ἔμπαν τὰ καὶ τὰ νέμων,	u -- uu- u-u -u -- u - u u-	lyric	
πύργος ἄστεος ὄμμα τε φαεννότατον	-u -uu -u u u-uu-	lyric	
ξένοισι. κεῖνόν γε καὶ βαρύκομποι	u-u -- u - uu--	lyric	
λέοντες περὶ δείματι φύγον,	u-- uu -uu u-	lyric	
γλῶσσαν ἐπεί σφιν ἀπένεικεν ὑπερποντίαν·	-u u- u uu-u u--u-	lyric	
ὁ δ᾽ἀρχαγέτας ἔδωκʼ Ἀπόλλων	u --u- u- u--	lyric	
θῆρας αἰνῷ φόβῳ,	-u -- u-	lyric	
ὄφρα μὴ ταμίᾳ Κυράνας ἀτελὴς γένοιτο μαντεύμασιν.	-u - uu- u-- uu- u-u --u-	lyric	
ὃ καὶ βαρειᾶν νόσων	u - u-- u-	lyric	
ἀκέσματʼ ἄνδρεσσι καὶ γυναιξὶ νέμει,	u-u --u - u-u u-	lyric	
πόρεν τε κίθαριν, δίδωσί τε Μοῖσαν οἷς ἂν ἐθέλῃ,	u- u uu- u-u u -u - u uu-	lyric	
ἀπόλεμον ἀγαγὼν	uuuu uu-	lyric	
ἐς πραπίδας εὐνομίαν,	- uuu -uu-	lyric	
μυχόν τ᾽ἀμφέπει	u- -u-	lyric	
μαντήϊον· τῷ Λακεδαίμονι	--u- - uu-u-	lyric	
ἐν Ἄργει τε καὶ ζαθέᾳ Πύλῳ	u -- u - uu- u-	lyric	
ἔνασσεν ἀλκάεντας Ἡρακλέος	u-u --u --u-	lyric	
ἐκγόνους Αἰγιμιοῦ τε. τὸ δ᾽ἐμὸν γαρύειν	-u- -uu- u u u- -u-	lyric	
ἀπὸ Σπάρτας ἐπήρατον κλέος·	u- -- u-u- u-	lyric	
ὅθεν γεγενναμένοι	u- u--u-	lyric	
ἵκοντο Θήρανδε φῶτες Αἰγεΐδαι,	u-u --u -u -uu-	lyric	
ἐμοὶ πατέρες, οὐ θεῶν ἄτερ, ἀλλὰ μοῖρά τις ἄγεν·	u- uuu - u- uu -u -u u u-	lyric	
πολύθυτον ἔρανον	uuuu uu-	lyric	
ἔνθεν ἀναδεξάμενοι,	-u uu-uu-	lyric	
Ἄπολλον, τεᾷ,	u-- u-	lyric	
Καρνήϊʼ, ἐν δαιτὶ σεβίζομεν	--u - -u u-u-	lyric	
Κυράνας ἀγακτιμέναν πόλιν·	u-- u-uu- u-	lyric	
ἔχοντι τὰν χαλκοχάρμαι ξένοι	u-u - -u-- u-	lyric	
Τρῶες Ἀντανορίδαι. σὺν Ἑλένᾳ γὰρ μόλον,	-u --uu- u uu- - u-	lyric	
καπνωθεῖσαν πάτραν ἐπεὶ ἴδον	u--- u- u- u-	lyric	
ἐν Ἄρει. τὸ δ᾽ἐλάσιππον ἔθνος ἐνδυκέως	u -- u uu-u -u -uu-	lyric	
δέκονται θυσίαισιν ἄνδρες οἰχνέοντές σφε δωροφόροι,	u-- uu-u -u -u-- u -uu-	lyric	
τοὺς Ἀριστοτέλης ἄγαγε, ναυσὶ θοαῖς	- u-uu- uuu -u u-	lyric	
ἁλὸς βαθεῖαν κέλευθον ἀνοίγων.	u- u-- u-u u--	lyric	
κτίσεν δ᾽ἄλσεα μείζονα θεῶν,	u- -uu -uu u-	lyric	
εὐθύτομόν τε κατέθηκεν Ἀπολλωνίαις	-uu- u uu-u u--u-	lyric	
ἀλεξιμβρότοις πεδιάδα πομπαῖς	u--u- uuuu --	lyric	
ἔμμεν ἱππόκροτον	-u --u-	lyric	
σκυρωτὰν ὁδόν, ἔνθα πρυμνοῖς ἀγορᾶς ἔπι δίχα κεῖται θανών.	--- uu -u -- uu- uu uu -- u-	lyric	
μάκαρ μὲν ἀνδρῶν μέτα	u- u -- u-	lyric	
ἔναιεν, ἥρως δ᾽ἔπειτα λαοσεβής.	u-u -- u-u -uu-	lyric	
ἄτερθε δὲ πρὸ δωμάτων ἕτεροι λαχόντες Ἀΐδαν	u-u u u -u- uu- u-u uu-	lyric	
βασιλέες ἱεροὶ	uuuu uu-	lyric	
ἐντί, μεγάλαν δ᾽ἀρετὰν	-u uu- uu-	lyric	
δρόσῳ μαλθακᾷ	u- -u-	lyric	
ῥανθεῖσαν κώμων ὑπὸ χεύμασιν,	--- -- uu -u-	lyric	
ἀκούοντί που χθονίᾳ φρενί,	u--u - uu- u-	lyric	
σφὸν ὄλβον υἱῷ τε κοινὰν χάριν	u -u -- u -- u-	lyric	
ἔνδικόν τ᾽Ἀρκεσίλᾳ. τὸν ἐν ἀοιδᾷ νέων	-u- -uu- u u u-- u-	lyric	
πρέπει χρυσάορα Φοῖβον ἀπύειν,	u- --u -u -u-	lyric	
ἔχοντα Πυθωνόθεν	u-u --u-	lyric	
τὸ καλλίνικον λυτήριον δαπανᾶν	u -u-- u-u- uu-	lyric	
μέλος χαρίεν. ἄνδρα κεῖνον ἐπαινέοντι συνετοί.	u- uuu -u -u u-u-u uu-	lyric	
λεγόμενον ἐρέω·	uuuu uu-	lyric	
κρέσσονα μὲν ἁλικίας	-uu u -uu-	lyric	
νόον φέρβεται	u- -u-	lyric	
γλῶσσάν τε· θάρσος δὲ τανύπτερος	-- u -- u u-u-	lyric	
ἐν ὄρνιξιν αἰετὸς ἔπλετο·	u --u -uu -u-	lyric	
ἀγωνίας δ᾽,ἕρκος οἷον, σθένος·	u-u- -u -- u-	lyric	
ἔν τε Μοίσαισι ποτανὸς ἀπὸ ματρὸς φίλας,	- u --u u-u uu -- u-	lyric	
πέφανταί θ᾽ἁρματηλάτας σοφός·	u-- -u-u- u-	lyric	
ὅσαι τ᾽εἰσὶν ἐπιχωρίων καλῶν ἔσοδοι,	u- -u uu-u- u- uu-	lyric	
τετόλμακε. θεός τέ οἱ τὸ νῦν τε πρόφρων τελεῖ δύνασιν,	u--u u- u - u - u -- u- uu-	lyric	
καὶ τὸ λοιπὸν ὁμοῖα, Κρονίδαι μάκαρες,	- u -u u-u uu- uu-	lyric	
διδοῖτʼ ἐπʼ ἔργοισιν ἀμφί τε βουλαῖς	u- u --u -u u --	lyric	
ἔχειν, μὴ φθινοπωρὶς ἀνέμων	u- - uu-u uu-	lyric	
χειμερία κατὰ πνοὰ δαμαλίζοι χρόνον.	-uu- uu u- uu-- u-	lyric	
Διός τοι νόος μέγας κυβερνᾷ	u- - u- u- u--	lyric	
δαίμονʼ ἀνδρῶν φίλων.	-u -- u-	lyric	
εὔχομαί νιν Ὀλυμπίᾳ τοῦτο δόμεν γέρας ἔπι Βάττου γένει.	-u- u u-u- -u u- uu uu -- u-	lyric	
ἀκούσατʼ· ἦ γὰρ ἑλικώπιδος Ἀφροδίτας	u-u - u uu-uu -u--	lyric	
ἄρουραν ἢ Χαρίτων	u-u - uu-	lyric	
ἀναπολίζομεν, ὀμφαλὸν ἐριβρόμου	uuu-uu -uu u-u-	lyric	
χθονὸς ἐς νάϊον προσοιχόμενοι·	uu - -u- u-uu-	lyric	
Πυθιόνικος ἔνθʼ ὀλβίοισιν Ἐμμενίδαις	-uu-u - -u-u -uu-	lyric	
ποταμίᾳ τ᾽Ἀκράγαντι καὶ μὰν Ξενοκράτει	uuu- uu-u - - uuu-	lyric	
ἑτοῖμος ὕμνων	u-u --	lyric	
θησαυρὸς ἐν πολυχρύσῳ	--u - uu--	lyric	
Ἀπολλωνίᾳ τετείχισται νάπᾳ·	u--u- u--- u-	lyric	
τὸν οὔτε χειμέριος ὄμβρος ἐπακτὸς ἐλθών,	u -u -uuu -u u-u --	lyric	
ἐριβρόμου νεφέλας	u-u- uu-	lyric	
στρατὸς ἀμείλιχος, οὔτʼ ἄνεμος ἐς μυχοὺς	uu u-uu - uuu - u-	lyric	
ἁλὸς ἄξοισι παμφόρῳ χεράδει	uu --u -u- uu-	lyric	
τυπτόμενον. φάει δὲ πρόσωπον ἐν καθαρῷ	-uu- u- - u-u - uu-	lyric	
πατρὶ τεῷ, Θρασύβουλε, κοινάν τε γενεᾷ	uu u- uu-u -- u uu-	lyric	
λόγοισι θνατῶν	u-u --	lyric	
εὔδοξον ἅρματι νίκαν	--u -uu --	lyric	
Κρισαίαισιν ἐν πτυχαῖς ἀπαγγελεῖ.	u--u - u- u-u-	lyric	
σύ τοι σχεθών νιν ἐπιδέξια χειρός, ὀρθὰν	u - u- u uu-uu -u --	lyric	
ἄγεις ἐφημοσύναν,	u- u-uu-	lyric	
τά ποτʼ ἐν οὔρεσι φαντὶ μεγαλοσθενεῖ	u u u -uu -u uu-u-	lyric	
Φιλύρας υἱὸν ὀρφανιζομένῲ	uu- -u -u-uu-	lyric	
Πηλεΐδᾳ παραινεῖν· μάλιστα μὲν Κρονίδαν,	-uu- u-- u-u - uu-	lyric	
βαρυόπαν στεροπᾶν κεραυνῶν τε πρύτανιν,	uuu- uu- u-- u uu-	lyric	
θεῶν σέβεσθαι·	u- u--	lyric	
ταύτας δὲ μή ποτε τιμᾶς	-- u - uu --	lyric	
ἀμείρειν γονέων βίον πεπρωμένον.	u-- u- u- u-u-	lyric	
ἔγεντο καὶ πρότερον Ἀντίλοχος βιατὰς	u-u - uuu -uu- u--	lyric	
νόημα τοῦτο φέρων,	u-u -u u-	lyric	
ὃς ὑπερέφθιτο πατρός, ἐναρίμβροτον	u uu-uu -u uu-u-	lyric	
ἀναμείναις στράταρχον Αἰθιόπων	uu-- u-u -uu-	lyric	
Μέμνονα. Νεστόρειον γὰρ ἵππος ἅρμʼ ἐπέδα	-uu -u-- u -u - uu-	lyric	
Πάριος ἐκ βελέων δαϊχθείς· ὁ δ᾽ἔφεπεν	uuu - uu- u-- u uu-	lyric	
κραταιὸν ἔγχος·	u-u --	lyric	
Μεσσανίου δὲ γέροντος	--u- u u--	lyric	
δονηθεῖσα φρὴν βόασε παῖδα ὅν·	u--u - u-u -u -	lyric	
χαμαιπετὲς δ᾽ἄρʼ ἔπος οὐκ ἀπέριψεν· αὐτοῦ	u-u- u uu - uu-u --	lyric	
μένων δ᾽ὁ θεῖος ἀνὴρ	u- u -u u-	lyric	
πρίατο μὲν θανάτοιο κομιδὰν πατρός,	uuu - uu-u uu- u-	lyric	
ἐδόκησέν τε τῶν πάλαι γενεᾷ	uu-- u - u- uu-	lyric	
ὁπλοτέροισιν, ἔργον πελώριον τελέσαις,	-uu-u -- u-u- uu-	lyric	
ὕπατος ἀμφὶ τοκεῦσιν ἔμμεν πρὸς ἀρετάν.	uuu -u u-u -- u uu-	lyric	
τὰ μὲν παρίκει·	u - u--	lyric	
τῶν νῦν δὲ καὶ Θρασύβουλος	- - u - uu--	lyric	
πατρῴαν μάλιστα πρὸς στάθμαν ἔβα,	u-- u-u - -- u-	lyric	
πάτρῳ τ᾽ἐπερχόμενος ἀγλαΐαν ἅπασαν.	u- u-uuu -uu- u--	lyric	
νόῳ δὲ πλοῦτον ἄγει,	u- u -u u-	lyric	
ἄδικον οὔθʼ ὑπέροπλον ἥβαν δρέπων,	uuu - uu-u -- u-	lyric	
σοφίαν δ᾽ἐν μυχοῖσι Πιερίδων·	uu- - u-u -uu-	lyric	
τίν τ᾽,Ἐλέλιχθον, ἃς εὗρες ἱππίας ἐσόδους,	- uu-u - -u -u- uu-	lyric	
μάλα ἁδόντι νόῳ, Ποσειδᾶν, προσέχεται.	uu u-u u- u-- uuu-	lyric	
γλυκεῖα δὲ φρὴν	u-u - -	lyric	
καὶ συμπόταισιν ὁμιλεῖν	- -u-u u--	lyric	
μελισσᾶν ἀμείβεται τρητὸν πόνον.	u-- u-u- -- u-	lyric	
κάλλιστον αἱ μεγαλοπόλιες Ἀθᾶναι	--u - uuuuuu u--	lyric	
προοίμιον Ἀλκμανιδᾶν εὐρυσθενεῖ γενεᾷ	u-uu --u- --u- uu-	lyric	
κρηπῖδʼ ἀοιδᾶν	-- u--	lyric	
ἵπποισι βαλέσθαι.	--u u--	lyric	
ἐπεὶ τίνα πάτραν, τίνα οἶκον	u- uu u- uu --	lyric	
ναίων ὀνυμάξεαι	-- uu-u-	lyric	
ἐπιφανέστερον	uuu-u-	lyric	
Ἑλλάδι πυθέσθαι;	-uu u--	lyric	
πάσαισι γὰρ πολίεσι λόγος ὁμιλεῖ	--u - uuuu uu u--	lyric	
Ἐρεχθέος ἀστῶν, Ἄπολλον, οἳ τεόν γε δόμον	u-uu -- u-u - u- u u-	lyric	
Πυθῶνι δίᾳ	--u --	lyric	
θαητὸν ἔτευξαν.	--u u--	lyric	
ἄγοντι δέ με πέντε μὲν Ἰσθμοῖ	u-u u u -u u --	lyric	
νῖκαι, μία δ᾽ἐκπρεπὴς	-- uu -u-	lyric	
Διὸς Ὀλυμπιάς,	uu u-u-	lyric	
δύο δ᾽ἀπὸ Κίρρας,	uu uu --	lyric	
ὦ Μεγάκλεες, ὑμαί τε καὶ προγόνων.	- u-uu -- u - uu-	lyric	
νέα δ᾽εὐπραγίᾳ χαίρω τι· τὸ δ᾽ἄχνυμαι,	u- -uu- -- u u -u-	lyric	
φθόνον ἀμειβόμενον τὰ καλὰ ἔργα.	uu u-uu- u uu -u	lyric	
φαντί γε μὰν οὕτω κεν ἀνδρὶ παρμονίμαν	-u u - -- u -u -uu-	lyric	
θάλλοισαν εὐδαιμονίαν	--u --uu-	lyric	
τὰ καὶ τὰ φέρεσθαι.	u - u u--	lyric	
φιλόφρον Ἡσυχία, Δίκας	uuu -uu- u-	lyric	
ὦ μεγιστόπολι θύγατερ,	- u-uuu uu-	lyric	
βουλᾶν τε καὶ πολέμων	-- u - uu-	lyric	
ἔχοισα κλαῗδας ὑπερτάτας,	u-u --u u-u-	lyric	
Πυθιόνικον τιμὰν Ἀριστομένει δέκευ.	-uu-- -- u-uu- u-	lyric	
τὺ γὰρ τὸ μαλθακὸν ἔρξαι τε καὶ παθεῖν ὁμῶς	u - u -uu -- u - u- u-	lyric	
ἐπίστασαι καιρῷ σὺν ἀτρεκεῖ·	u-u- -- u -u-	lyric	
τὺ δ᾽,ὁπόταν τις ἀμείλιχον	u uu- u u-u-	lyric	
καρδίᾳ κότον ἐνελάσῃ,	-u- uu uuu-	lyric	
τραχεῖα δυσμενέων	--u -uu-	lyric	
ὑπαντιάξαισα κράτει τιθεῖς	u-u--u u- u-	lyric	
Ὕβριν ἐν ἄντλῳ. τὰν οὐδὲ Πορφυρίων μάθεν	-u u -- - -u -uu- u-	lyric	
παρʼ αἶσαν ἐξερεθίζων· κέρδος δὲ φίλτατον,	u -u -uu-- -- u -u-	lyric	
ἑκόντος εἴ τις ἐκ δόμων φέροι.	u-u - u - u- u-	lyric	
βία δὲ καὶ μεγάλαυχον ἔσφαλεν ἐν χρόνῳ.	u- u - uu-u --u - u-	lyric	
Τυφὼς Κίλιξ ἑκατόγκρανος οὔ νιν ἄλυξεν,	-- u- uu--u - u u--	lyric	
οὐδὲ μὰν βασιλεὺς Γιγάντων· δμᾶθεν δὲ κεραυνῷ	-u - uu- u-- -- u u--	lyric	
τόξοισί τ᾽Ἀπόλλωνος· ὃς εὐμενεῖ νόῳ	--u u--u u -u- u-	lyric	
Ξενάρκειον ἔδεκτο Κίρραθεν ἐστεφανωμένον	u--u u-u --u -uu-u-	lyric	
υἱὸν ποίᾳ Παρνασσίδι Δωριεῖ τε κώμῳ.	-- -- --uu -u- u --	lyric	
ἔπεσε δ᾽οὐ Χαρίτων ἑκὰς	uuu - uu- u-	lyric	
ἁ δικαιόπολις ἀρεταῖς	- u-uuu uu-	lyric	
κλειναῖσιν Αἰακιδᾶν	--u -uu-	lyric	
θιγοῖσα νᾶσος· τελέαν δ᾽ἔχει	u-u -- uu- u-	lyric	
δόξαν ἀπʼ ἀρχᾶς. πολλοῖσι μὲν γὰρ ἀείδεται	-u u -- --u - u u-u-	lyric	
νικαφόροις ἐν ἀέθλοις θρέψαισα καὶ θοαῖς	--u- u u-- --u - u-	lyric	
ὑπερτάτους ἥρωας ἐν μάχαις·	u-u- --u - u-	lyric	
τὰ δὲ καὶ ἀνδράσιν ἐμπρέπει.	u u u -uu -u-	lyric	
εἰμὶ δ᾽ἄσχολος ἀναθέμεν	-u -uu uuu-	lyric	
πᾶσαν μακραγορίαν	-- u-uu-	lyric	
λύρᾳ τε καὶ φθέγματι μαλθακῷ,	u- u - -uu -u-	lyric	
μὴ κόρος ἐλθὼν κνίσῃ. τὸ δ᾽ἐν ποσί μοι τράχον	- uu -- -- u - uu - u-	lyric	
ἴτω τεὸν χρέος, ὦ παῖ, νεώτατον καλῶν,	u- u- uu - - u-u- u-	lyric	
ἐμᾷ ποτανὸν ἀμφὶ μαχανᾷ.	u- u-u -u -u-	lyric	
παλαισμάτεσσι γὰρ ἰχνεύων ματραδελφεοὺς	u-u-u u --- -u-u-	lyric	
Οὐλυμπίᾳ τε Θεόγνητον οὐ κατελέγχεις,	--u- u u--u - uu--	lyric	
οὐδὲ Κλειτομάχοιο νίκαν Ἰσθμοῖ θρασύγυιον·	-u -uu-u -- -- uu--	lyric	
αὔξων δὲ πάτραν Μιδυλιδᾶν λόγον φέρεις,	-- u u- -uu- u- u-	lyric	
τὸν ὅνπερ ποτʼ Ὀϊκλέος παῖς ἐν ἑπταπύλοις ἰδὼν	u -- u u-u- - u -uu- u-	lyric	
υἱοὺς Θήβαις αἰνίξατο παρμένοντας αἰχμᾷ,	-- -- --uu -u-u --	lyric	
ὁπότʼ ἀπʼ Ἄργεος ἤλυθον	uu u -uu -u-	lyric	
δευτέραν ὁδὸν Ἐπίγονοι.	-u- uu uuu-	lyric	
ὧδʼ εἶπε μαρναμένων·	- -u -uu-	lyric	
"φυᾷ τὸ γενναῖον ἐπιπρέπει	u- u --u u-u-	lyric	
ἐκ πατέρων παισὶ λῆμα. θαέομαι σαφὲς	- uu- -u -u -uu- u-	lyric	
δράκοντα ποικίλον αἰθᾶς Ἀλκμᾶνʼ ἐπʼ ἀσπίδος	u-u -uu -- -- u -u-	lyric	
νωμῶντα πρῶτον ἐν Κάδμου πύλαις.	--u -u - u- u-	lyric	
ὁ δὲ καμὼν προτέρᾳ πάθᾳ	u u u- uu- u-	lyric	
νῦν ἀρείονος ἐνέχεται	- u-uu uuu-	lyric	
ὄρνιχος ἀγγελίᾳ	--u -uu-	lyric	
Ἄδραστος ἥρως· τὸ δὲ οἴκοθεν	u-u -- u u -u-	lyric	
ἀντία πράξει. μοῦνος γὰρ ἐκ Δαναῶν στρατοῦ	-uu -- -- u - uu- u-	lyric	
θανόντος ὀστέα λέξαις υἱοῦ, τύχᾳ θεῶν	u-u -uu -- -- u- u-	lyric	
ἀφίξεται λαῷ σὺν ἀβλαβεῖ	u-u- -- u -u-	lyric	
Ἄβαντος εὐρυχόρους ἀγυιάς." τοιαῦτα μὲν	u-u -uu- u-- --u -	lyric	
ἐφθέγξατʼ Ἀμφιάρηος. χαίρων δὲ καὶ αὐτὸς	--u -uu-- -- u u --	lyric	
Ἀλκμᾶνα στεφάνοισι βάλλω, ῥαίνω δὲ καὶ ὕμνῳ,	--- uu-u -- -- u u --	lyric	
γείτων ὅτι μοι καὶ κτεάνων φύλαξ ἐμῶν	-- uu - - uu- u- u-	lyric	
ὑπάντασεν ἰόντι γᾶς ὀμφαλὸν παρʼ ἀοίδιμον,	u--u u-u - -u- u u-u-	lyric	
μαντευμάτων τ᾽ἐφάψατο συγγόνοισι τέχναις.	--u- u-uu -u-u --	lyric	
τὺ δʼ,Ἑκαταβόλε, πάνδοκον	u uu-uu -u-	lyric	
ναὸν εὐκλέα διανέμων	-u -uu uuu-	lyric	
Πυθῶνος ἐν γυάλοις,	--u - uu-	lyric	
τὸ μὲν μέγιστον τόθι χαρμάτων	u - u-- uu -u-	lyric	
ὤπασας· οἴκοι δὲ πρόσθεν ἁρπαλέαν δόσιν	-uu -- - -u -uu- u-	lyric	
πενταθλίου σὺν ἑορταῖς ὑμαῖς ἐπάγαγες.	--u- u u-- -- u-u-	lyric	
ἄναξ, ἑκόντι δ᾽εὔχομαι νόῳ	u- u-u -u- u-	lyric	
κατά τινʼ ἁρμονίαν βλέπειν,	uu u -uu- u-	lyric	
ἀμφʼ ἕκαστον ὅσα νέομαι.	- u-u uu uu-	lyric	
κώμῳ μὲν ἁδυμελεῖ	-- u -uu-	lyric	
Δίκα παρέστακε· θεῶν δ᾽ὄπιν	u- u--u u- u-	lyric	
ἄφθονον αἰτέω, Ξείναρκες, ὑμετέραις τύχαις.	-uu -- --u -uu- u-	lyric	
εἰ γάρ τις ἐσλὰ πέπαται μὴ σὺν μακρῷ πόνῳ,	- - u -u u-- - - u- u-	lyric	
πολλοῖς σοφὸς δοκεῖ πεδʼ ἀφρόνων	-- u- u- u -u-	lyric	
βίον κορυσσέμεν ὀρθοβούλοισι μαχαναῖς·	u- u-uu -u--u -u-	lyric	
τὰ δ᾽οὐκ ἐπʼ ἀνδράσι κεῖται· δαίμων δὲ παρίσχει,	u - u -uu -- -- u u--	lyric	
ἄλλοτʼ ἄλλον ὕπερθε βάλλων, ἄλλον δ᾽ὑπὸ χειρῶν	-u -u u-u -- -- uu --	lyric	
μέτρῳ καταβαίνει. Μεγάροις δ᾽ἔχεις γέρας,	-- uu-- uu- u- u-	lyric	
μυχῷ τ᾽ἐν Μαραθῶνος, Ἥρας τ᾽ἀγῶνʼ ἐπιχώριον	u- - uu-u -- u- uu-u-	lyric	
νίκαις τρισσαῖς, Ὦριστόμενες, δάμασσας ἔργῳ·	-- -- --uu- u-u --	lyric	
τέτρασι δ᾽ἔμπετες ὑψόθεν	uuu -uu -u-	lyric	
σωμάτεσσι κακὰ φρονέων,	-u-u uu uu-	lyric	
τοῖς οὔτε νόστος ὁμῶς	- -u -u u-	lyric	
ἔπαλπνος ἐν Πυθιάδι κρίθη,	u-u - -uu- u-	lyric	
οὐδὲ μολόντων πὰρ ματέρʼ ἀμφὶ γέλως γλυκὺς	-u u-- - -u -u u- u-	lyric	
ὦρσεν χάριν· κατὰ λαύρας δ᾽ἐχθρῶν ἀπάοροι	-- u- uu -- -- u-u-	lyric	
πτώσσοντι, συμφορᾷ δεδαγμένοι.	--u -u- u-u-	lyric	
ὁ δὲ καλόν τι νέον λαχὼν	u u u- u u- u-	lyric	
ἁβρότατος ἔπι μεγάλας	-u-u uu uu-	lyric	
ἐξ ἐλπίδος πέταται	- -u- uu-	lyric	
ὑποπτέροις ἀνορέαις, ἔχων	u-u- -uu- u-	lyric	
κρέσσονα πλούτου μέριμναν. ἐν δ᾽ὀλίγῳ βροτῶν	-uu -- u-u - uu- u-	lyric	
τὸ τερπνὸν αὔξεται· οὕτω δὲ καὶ πίτνει χαμαί,	u -u -uu -- u - u- u-	lyric	
ἀποτρόπῳ γνώμᾳ σεσεισμένον.	u-u- -- u-u-	lyric	
ἐπάμεροι· τί δέ τις; τί δ᾽οὔ τις; σκιᾶς ὄναρ	u-u- u u - u - - u- u-	lyric	
ἄνθρωπος. ἀλλʼ ὅταν αἴγλα διόσδοτος ἔλθῃ,	--u - uu -- u-uu --	lyric	
λαμπρὸν φέγγος ἔπεστιν ἀνδρῶν καὶ μείλιχος αἰών·	-- -u u-u -- - -uu --	lyric	
Αἴγινα φίλα μᾶτερ, ἐλευθέρῳ στόλῳ	--u u- -u u-u- u-	lyric	
πόλιν τάνδε κόμιζε Δὶ καὶ κρέοντι σὺν Αἰακῷ	u- -u u-u - - u-u u -u-	lyric	
Πηλεῖ τε κἀγαθῷ Τελαμῶνι σύν τ᾽Ἀχιλλεῖ.	-- u -u- uu-u - u--	lyric	
ἐθέλω χαλκάσπιδα Πυθιονίκαν	uu- --uu -uu--	lyric	
σὺν βαθυζώνοισιν ἀγγέλλων	- u---u ---	lyric	
Τελεσικράτη Χαρίτεσσι γεγωνεῖν,	uu-u- uu-u u--	lyric	
ὄλβιον ἄνδρα, διωξίππου στεφάνωμα Κυράνας·	-uu -u u--- uu-u u--	dactylic hexameter	hepthemimeral
τὰν ὁ χαιτάεις ἀνεμοσφαράγων ἐκ Παλίου κόλπων ποτὲ Λατοΐδας	- u --- uu-uu- - -u- -- uu -uu-	lyric	
ἅρπασʼ, ἔνεικέ τε χρυσέῳ παρθένον ἀγροτέραν	-u u-u u -- -uu -uu-	lyric	
δίφρῳ, τόθι νιν πολυμήλου	-- uu - uu--	lyric	
καὶ πολυκαρποτάτας θῆκε δέσποιναν χθονὸς	- uu-uu- -u --- u-	lyric	
ῥίζαν ἀπείρου τρίταν εὐήρατον θάλλοισαν οἰκεῖν.	-u --- u- --u- --u --	lyric	
ὑπέδεκτο δ᾽ἀργυρόπεζʼ Ἀφροδίτα	uu-u -uu- uu--	lyric	
Δάλιον ξεῖνον θεοδμάτων	-u- -- u---	lyric	
ὀχέων, ἐφαπτομένα χερὶ κούφᾳ.	uu- u-uu- uu --	lyric	
καί σφιν ἐπὶ γλυκεραῖς εὐναῖς ἐρατὰν βάλεν αἰδῶ,	- u u- uu- -- uu- uu --	dactylic hexameter	masculine penthemimeral, hepthemimeral, trithemimeral
ξυνὸν ἁρμόζοισα θεῷ τε γάμον μιχθέντα κούρᾳ θ᾽Ὑψέος εὐρυβία·	-u ---u u- u u- --u -- -uu -uu-	lyric	
ὃς Λαπιθᾶν ὑπερόπλων τουτάκις ἦν βασιλεύς,	- uu- uu-- -uu - uu-	lyric	
ἐξ Ὠκεανοῦ γένος ἥρως	- -uu- uu --	lyric	
δεύτερος· ὅν ποτε Πίνδου κλεενναῖς ἐν πτυχαῖς	-uu - uu -- u-- - u-	lyric	
Ναῒς εὐφρανθεῖσα Πηνειοῦ λέχει Κρείοισʼ ἔτικτεν,	-u ---u --- u- -- u--	lyric	
Γαίας θυγάτηρ. ὁ δὲ τὰν εὐώλενον	-- uu- u u - --u-	lyric	
θρέψατο παῖδα Κυράναν· ἁ μὲν οὔθʼ ἱστῶν παλιμβάμους ἐφίλησεν ὁδούς,	-uu -u u-- - u - -- u--- uu-u u-	lyric	
οὔτε δείπνων οἰκοριᾶν μεθʼ ἑταιρᾶν τέρψιας,	-u -- -uu- u u-- -u-	lyric	
ἀλλʼ ἀκόντεσσίν τε χαλκέοις	- u--- u --	lyric	
φασγάνῳ τε μαρναμένα κεράϊζεν ἀγρίους	-u- u -uu- uu-u -u-	lyric	
θῆρας, ἦ πολλάν τε καὶ ἡσύχιον	-u - -- u u -uu-	lyric	
βουσὶν εἰρήναν παρέχοισα πατρῴαις, τὸν δὲ σύγκοιτον γλυκὺν	-u --- uu-u u-- - u --- u-	lyric	
παῦρον ἐπὶ γλεφάροις	-u u- uu-	lyric	
ὕπνον ἀναλίσκοισα ῥέποντα πρὸς ἀῶ.	-u uu--u u-u u --	lyric	
κίχε νιν λέοντί ποτʼ εὐρυφαρέτρας	uu - u-u u -uu--	lyric	
ὀμβρίμῳ μούναν παλαίοισαν	-u- -- u---	lyric	
ἄτερ ἐγχέων ἑκάεργος Ἀπόλλων.	uu -u- uu-u u--	lyric	
αὐτίκα δ᾽ἐκ μεγάρων Χείρωνα προσέννεπε φωνᾷ.	-uu - uu- --u u-uu --	dactylic hexameter	masculine penthemimeral, trithemimeral
"σεμνὸν ἄντρον, Φιλλυρίδα, προλιπὼν θυμὸν γυναικὸς καὶ μεγάλαν δύνασιν	-u -- -uu- uu- -- u-- - uu- uu-	lyric	
θαύμασον, οἷον ἀταρβεῖ νεῖκος ἄγει κεφαλᾷ,	-uu -u u-- -u u- uu-	lyric	
καθύπερθε νεᾶνις	uu-u u--	lyric	
ἦτορ ἔχοισα: φόβῳ δ᾽οὐ κεχείμανται φρένες.	-u u-u u- - u--- u-	lyric	
τίς νιν ἀνθρώπων τέκεν; ποίας δ᾽ἀποσπασθεῖσα φύτλας	- u --- u- -- u---u --	lyric	
ὀρέων κευθμῶνας ἔχει σκιοέντων,	uu- --u u- uu--	lyric	
γεύεται δ᾽ἀλκᾶς ἀπειράντου;	-u- -- u---	lyric	
ὁσία κλυτὰν χέρα οἱ προσενεγκεῖν,	uu- u- uu - uu--	lyric	
ἦ ῥα; καὶ ἐκ λεχέων κεῖραι μελιηδέα ποίαν;	- u u - uu- -- uu-uu --	dactylic hexameter	masculine penthemimeral, hepthemimeral, trithemimeral
τὸν δὲ Κένταυρος ζαμενής, ἀγανᾷ χλαρὸν γελάσσαις ὀφρύϊ, μῆτιν ἑὰν	- u --- uu- uu- -- u-- -uu -u u-	lyric	
εὐθὺς ἀμείβετο· κρυπταὶ κλαΐδες ἐντὶ σοφᾶς	-u u-uu -- -uu -u u-	lyric	
Πειθοῦς ἱερᾶν φιλοτάτων,	-- uu- uu--	lyric	
Φοῖβε, καὶ ἔν τε θεοῖς τοῦτο κἀνθρώποις ὁμῶς	-u u - u u- -u --- u-	lyric	
αἰδέοντʼ, ἀμφανδὸν ἁδείας τυχεῖν τὸ πρῶτον εὐνᾶς.	-u- --u --- u- - -u --	lyric	
καὶ γὰρ σέ, τὸν οὐ θεμιτὸν ψεύδει θιγεῖν,	- - u u - uu- -- u-	lyric	
ἔτραπε μείλιχος ὀργὰ παρφάμεν τοῦτον λόγον. κούρας δ᾽ὁπόθεν γενεὰν	-uu -uu -- -u- -- u- -- uu- uu-	lyric	
ἐξερωτᾷς, ὦ ἄνα; κύριον ὃς πάντων τέλος	-u-- - uu -uu - -- u-	lyric	
οἶσθα καὶ πάσας κελεύθους·	-u - -- u--	lyric	
ὅσσα τε χθὼν ἠρινὰ φύλλʼ ἀναπέμπει, χὠπόσαι	-u - - -uu - uu-- -u-	lyric	
ἐν θαλάσσᾳ καὶ ποταμοῖς ψάμαθοι	- u-- - uu- uu-	lyric	
κύμασιν ῥιπαῖς τ᾽ἀνέμων κλονέονται, χὤ τι μέλλει, χὠπόθεν	-u- -- uu- uu-- - u -- -u-	lyric	
ἔσσεται, εὖ καθορᾷς.	-uu - uu-	lyric	
εἰ δὲ χρὴ καὶ πὰρ σοφὸν ἀντιφερίξαι,	- u - - - uu -uu--	lyric	
ἐρέω. ταύτᾳ πόσις ἵκεο βᾶσσαν	uu- -- uu -uu --	lyric	
τάνδε, καὶ μέλλεις ὑπὲρ πόντου	-u - -- u- --	lyric	
Διὸς ἔξοχον ποτὶ κᾶπον ἐνεῖκαι·	uu -u- uu -u u--	lyric	
ἔνθα νιν ἀρχέπολιν θήσεις, ἐπὶ λαὸν ἀγείραις	-u u -uu- -- uu -u u--	dactylic hexameter	masculine penthemimeral, hepthemimeral
νασιώταν ὄχθον ἐς ἀμφίπεδον· νῦν δ᾽εὐρυλείμων πότνιά σοι Λιβύα	-u-- -u u -uu- - -u-- -uu - uu-	lyric	
δέξεται εὐκλέα νύμφαν δώμασιν ἐν χρυσέοις	-uu -uu -- -uu - uu-	lyric	
πρόφρων· ἵνα οἱ χθονὸς αἶσαν	-- uu - uu --	lyric	
αὐτίκα συντελέθειν ἔννομον δωρήσεται,	-uu -uu- -u- --u-	lyric	
οὔτε παγκάρπων φυτῶν νήποινον, οὔτʼ ἀγνῶτα θηρῶν.	-u --- u- --u - --u --	lyric	
τόθι παῖδα τέξεται, ὃν κλυτὸς Ἑρμᾶς	uu -u -uu - uu --	lyric	
εὐθρόνοις Ὥραισι καὶ Γαίᾳ	-u- --u - --	lyric	
ἀνελὼν φίλας ὑπὸ ματέρος οἴσει.	uu- u- uu -uu --	lyric	
ταὶ δ᾽ἐπιγουνίδιον θαησάμενοι βρέφος αὐταῖς,	- uu-uu- --uu- uu --	dactylic hexameter	masculine penthemimeral
νέκταρ ἐν χείλεσσι καὶ ἀμβροσίαν στάξοισι, θήσονταί τέ νιν ἀθάνατον	-u - --u u -uu- --u --- u u -uu-	lyric	
Ζῆνα καὶ ἁγνὸν Ἀπόλλωνʼ, ἀνδράσι χάρμα φίλοις	-u u -u u-- -uu -u u-	lyric	
ἄγχιστον, ὀπάονα μήλων,	--u u-uu --	lyric	
Ἀγρέα καὶ Νόμιον, τοῖς δ᾽Ἀρισταῖον καλεῖν.	-uu - uu- - u--- u-	lyric	
ὣς ἄρʼ εἰπὼν ἔντυεν τερπνὰν γάμου κραίνειν τελευτάν.	- u -- -u- -- u- -- u--	lyric	
ὠκεῖα δ᾽ἐπειγομένων ἤδη θεῶν	--u u-uu- -- u-	lyric	
πρᾶξις ὁδοί τε βραχεῖαι. κεῖνο κεῖνʼ ἆμαρ διαίτασεν· θαλάμῳ δὲ μίγεν	-u u- u u-- -u - -- u--- uu- u u-	lyric	
ἐν πολυχρύσῳ Λιβύας· ἵνα καλλίσταν πόλιν	- u--- uu- uu --- u-	lyric	
ἀμφέπει κλεινάν τ᾽ἀέθλοις.	-u- -- u--	lyric	
καί νυν ἐν Πυθῶνί νιν ἀγαθέᾳ Καρνειάδα	- u - --u u -uu- --u-	lyric	
υἱὸς εὐθαλεῖ συνέμιξε τύχᾳ·	-u --- uu-u u-	lyric	
ἔνθα νικάσαις ἀνέφανε Κυράναν, ἅ νιν εὔφρων δέξεται,	-u --- uu-u u-- - u -- -u-	lyric	
καλλιγύναικι πάτρᾳ	-uu-u u-	lyric	
δόξαν ἱμερτὰν ἀγαγόντʼ ἀπὸ Δελφῶν.	-u --- uu- uu --	lyric	
ἀρεταὶ δ᾽αἰεὶ μεγάλαι πολύμυθοι·	uu- -- uu- uu--	lyric	
βαιὰ δ᾽ἐν μακροῖσι ποικίλλειν,	-u - --u ---	lyric	
ἀκοὰ σοφοῖς· ὁ δὲ καιρὸς ὁμοίως	uu- u- u u -u u--	lyric	
παντὸς ἔχει κορυφάν. ἔγνον ποτὲ καὶ Ἰόλαον	-u u- uu- -- uu - uu--	dactylic hexameter	masculine penthemimeral, hepthemimeral, trithemimeral
οὐκ ἀτιμάσαντά νιν ἑπτάπυλοι Θῆβαι· τόν, Εὐρυσθῆος ἐπεὶ κεφαλὰν	- u---u u -uu- -- u ---u u- uu-	lyric	
ἔπραθε φασγάνου ἀκμᾷ, κρύψαν ἔνερθʼ ὑπὸ γᾶν	-uu -uu -- -u u- uu -	lyric	
διφρηλάτα Ἀμφιτρύωνος	--uu -uu--	lyric	
σάματι, πατροπάτωρ ἔνθα οἱ Σπαρτῶν ξένος	-uu -uu- -u - -- u-	lyric	
κεῖτο, λευκίπποισι Καδμείων μετοικήσαις ἀγυιαῖς.	-u ---u --- u--- u--	lyric	
τέκε οἷ καὶ Ζηνὶ μιγεῖσα δαΐφρων	uu - - -u u-u u--	lyric	
ἐν μόναις ὠδῖσιν Ἀλκμήνα	- u- --u ---	lyric	
διδύμων κρατησίμαχον σθένος υἱῶν.	uu- u-uu- uu --	lyric	
κωφὸς ἀνήρ τις, ὃς Ἡρακλεῖ στόμα μὴ παραβάλλει,	-u u- u u --- uu - uu--	dactylic hexameter	hepthemimeral, trithemimeral
μηδὲ Διρκαίων ὑδάτων ἀὲ μέμναται, τά νιν θρέψαντο καὶ Ἰφικλέα·	-u --- uu- uu --- u - --u u -uu-	lyric	
τοῖσι τέλειον ἐπʼ εὐχᾷ κωμάσομαί τι παθὼν	-u u-u u -- -uu- u u-	lyric	
ἐσλόν· Χαρίτων κελαδεννᾶν	-- uu- uu--	lyric	
μή με λίποι καθαρὸν φέγγος. Αἰγίνᾳ τε γὰρ	- u u- uu- -u --- u -	lyric	
φαμὶ Νίσου τ᾽ἐν λόφῳ τρὶς δὴ πόλιν τάνδʼ εὐκλεΐξαι,	-u -- - u- - - u- - -u--	lyric	
σιγαλὸν ἀμαχανίαν ἔργῳ φυγών·	--u u-uu- -- u-	lyric	
οὕνεκεν, εἰ φίλος ἀστῶν, εἴ τις ἀντάεις, τό γ᾽ἐν ξυνῷ πεποναμένον εὖ	-uu - uu -- - u --- u - -- uu-uu -	lyric	
μὴ λόγον βλάπτων ἁλίοιο γέροντος κρυπτέτω.	- u- -- uu-u u-- -u-	lyric	
κεῖνος αἰνεῖν καὶ τὸν ἐχθρὸν	-u -- - u --	lyric	
παντὶ θυμῷ σύν γε δίκᾳ καλὰ ῥέζοντʼ ἔννεπεν.	-u -- - u u- uu -- -u-	lyric	
πλεῖστα νικάσαντά σε καὶ τελεταῖς	-u ---u u - uu-	lyric	
ὡρίαις ἐν Παλλάδος εἶδον ἄφωνοί θ᾽ὡς ἕκασται φίλτατον	-u- - -uu -u u-- - u-- -u-	lyric	
παρθενικαὶ πόσιν ἢ	-uu- uu -	lyric	
υἱὸν εὔχοντʼ, ὦ Τελεσίκρατες, ἔμμεν,	-u -- - uu-uu --	lyric	
ἐν Ὀλυμπίοισί τε καὶ βαθυκόλπου	u u-u-u u - uu--	lyric	
Γᾶς ἀέθλοις ἔν τε καὶ πᾶσιν	- u-- - u - --	lyric	
ἐπιχωρίοις. ἐμὲ δ᾽ὦν τις ἀοιδᾶν	uu-u- uu - u u--	lyric	
δίψαν ἀκειόμενον πράσσει χρέος αὖτις ἐγεῖραι	-u u-uu- -- uu -u u--	dactylic hexameter	masculine penthemimeral, hepthemimeral
καὶ παλαιὰν δόξαν ἑῶν προγόνων· οἷοι Λιβύσσας ἀμφὶ γυναικὸς ἔβαν	- u-- -u u- uu- -- u-- -u u-u u-	lyric	
Ἴρασα πρὸς πόλιν, Ἀνταίου μετὰ καλλίκομον	-uu - uu --- uu -uu-	lyric	
μναστῆρες ἀγακλέα κούραν·	--u u-uu --	lyric	
τὰν μάλα πολλοὶ ἀριστῆες ἀνδρῶν αἴτεον	- uu -u u--u -- -u-	lyric	
σύγγονοι, πολλοὶ δὲ καὶ ξείνων. ἐπεὶ θαητὸν εἶδος	-u- -- u - -- u- --u --	lyric	
ἔπλετο· χρυσοστεφάνου δέ οἱ Ἥβας	uu- --uu- u u --	lyric	
καρπὸν ἀνθήσαντʼ ἀποδρέψαι	-u --- u---	lyric	
ἔθελον. πατὴρ δὲ θυγατρὶ φυτεύων	uu- u- u u-u u--	lyric	
κλεινότερον γάμον, ἄκουσεν Δαναόν ποτʼ ἐν Ἄργει	-uu- uu --- uu- u u --	dactylic hexameter	hepthemimeral, trithemimeral
οἷον εὗρεν τεσσαράκοντα καὶ ὀκτὼ παρθένοισι, πρὶν μέσον ἆμαρ ἑλεῖν,	-u -- -uu-u u -- -u-- - uu -u u-	lyric	
ὠκύτατον γάμον. ἔστασεν γὰρ ἅπαντα χορὸν	-uu- uu --- u u-u u-	lyric	
ἐν τέρμασιν αὐτίκʼ ἀγῶνος·	- -uu -u u--	lyric	
σὺν δ᾽ἀέθλοις ἐκέλευσεν διακρῖναι ποδῶν,	- uu- uu-- u--- u-	lyric	
ἅντινα σχήσοι τις ἡρώων, ὅσοι γαμβροί σφιν ἦλθον.	-u- -- u --- u- -- u --	lyric	
οὕτω δ᾽ἐδίδου Λίβυς ἁρμόζων κόρᾳ	-- uu- uu --- u-	lyric	
νυμφίον ἄνδρα· ποτὶ γραμμᾷ μὲν αὐτὰν στᾶσε κοσμήσαις τέλος ἔμμεν ἄκρον,	-uu -u u- -- u -- -u --- uu -u u-	lyric	
εἶπε δ᾽ἐν μέσσοις ἀπάγεσθαι, ὃς ἂν πρῶτος θορὼν	-u - -- uu-u u - -- u-	lyric	
ἀμφί οἱ ψαύσειε πέπλοις.	-u - --u --	lyric	
ἔνθʼ Ἀλεξίδαμος, ἐπεὶ φύγε λαιψηρὸν δρόμον,	- u-u-u u- uu --- u-	lyric	
παρθένον κεδνὰν χερὶ χειρὸς ἑλὼν	-u- -- uu -u u-	lyric	
ἆγεν ἱππευτᾶν Νομάδων διʼ ὅμιλον. πολλὰ μὲν κεῖνοι δίκον	-u --- uu- u u-- -u - -- u-	lyric	
φύλλʼ ἔπι καὶ στεφάνους·	- uu - uu-	lyric	
πολλὰ δὲ πρόσθεν πτερὰ δέξατο νικᾶν.	-u - -- uu -uu --	lyric	
ὄλβια Λακεδαίμων,	-u- uu--	lyric	
μάκαιρα Θεσσαλία· πατρὸς δ᾽ἀμφοτέραις ἐξ ἑνὸς	u-u -uu- u- -uu- - u-	lyric	
ἀριστομάχου γένος Ἡρακλεῦς βασιλεύει.	u-uu- uu --- uu--	lyric	
τί κομπέω παρὰ καιρόν; ἀλλά με Πυθώ τε καὶ τὸ Πελινναῖον ἀπύει	u -- uu -u -u u -- u - u u--u -u-	lyric	
Ἀλεύα τε παῖδες, Ἱπποκλέᾳ θέλοντες	u-- u -u -uu- u--	lyric	
ἀγαγεῖν ἐπικωμίαν ἀνδρῶν κλυτὰν ὄπα.	uu- uu-u- -- u- u-	lyric	
γεύεται γὰρ ἀέθλων·	-u- u u--	lyric	
στρατῷ τ᾽ἀμφικτιόνων ὁ Παρνάσιος αὐτὸν μυχὸς	u- --uu- u --uu -- u-	lyric	
διαυλοδρομᾶν ὕπατον παίδων ἀνέειπεν.	u-uu- uu- -- uu--	lyric	
Ἄπολλον, γλυκὺ δ᾽ἀνθρώπων τέλος ἀρχά τε δαίμονος ὀρνύντος αὔξεται·	u-- uu --- uu -- u -uu --u -u-	lyric	
ὁ μέν που τεοῖς γε μήδεσι τοῦτʼ ἔπραξεν·	u - - u- u -uu - u--	lyric	
τὸ δὲ συγγενὲς ἐμβέβακεν ἴχνεσιν πατρὸς	u u -uu -u-u -u- u-	iambic trimeter (anapaestic)	
Ὀλυμπιονίκα δὶς ἐν πολεμαδόκοις	u-uu-- u - uu-u-	lyric	
Ἄρεος ὅπλοις·	-uu --	anapaestic	
ἔθηκε καὶ βαθυλείμων ὑπὸ Κίρρας ἀγὼν	u-u - uu-- uu -- u-	lyric	
πέτραν κρατησίποδα Φρικίαν.	-- u-uu- -u-	lyric	
ἕσποιτο μοῖρα καὶ ὑστέραισιν	--u -u u -u--	lyric	
ἐν ἁμέραις ἀγάνορα πλοῦτον ἀνθεῖν σφίσιν·	u -u- u-uu -u -- u-	lyric	
τῶν δ᾽ἐν Ἑλλάδι τερπνῶν	- u -uu --	lyric	
λαχόντες οὐκ ὀλίγαν δόσιν, μὴ φθονεραῖς ἐκ θεῶν	u-u - uu- u- - uu- - u-	lyric	
μετατροπίαις ἐπικύρσαιεν. θεὸς εἴη	u-uu- uu--- uu --	lyric	
ἀπήμων κέαρ· εὐδαίμων δὲ καὶ ὑμνητὸς οὗτος ἀνὴρ γίγνεται σοφοῖς,	u-- uu --- u u --u -u u- -u- u-	lyric	
ὃς ἂν χερσὶν ἢ ποδῶν ἀρετᾷ κρατήσαις	u - -u - u- uu- u--	lyric	
τὰ μέγιστʼ ἀέθλων ἕλῃ τόλμᾳ τε καὶ σθένει,	u u- uu- u- -- u - u-	lyric	
καὶ ζώων ἔτι νεαρὸν	- -- uu --	lyric	
κατʼ αἶσαν υἱὸν ἴδῃ τυχόντα στεφάνων Πυθίων.	u -u -u u- u-- uu- -u-	lyric	
ὁ χάλκεος οὐρανὸς οὔ ποτʼ ἀμβατὸς αὐτῷ.	u -uu -uu - u -uu --	lyric	
ὅσαις δὲ βροτὸν ἔθνος ἀγλαΐαις ἁπτόμεσθα, περαίνει πρὸς ἔσχατον	u- - uu -u -uu- -u-u u-- u -u-	lyric	
πλόον. ναυσὶ δ᾽οὔτε πεζὸς ἰών κενεὕροις	u- -u -u -u u- u--	lyric	
ἐς Ὑπερβορέων ἀγῶνα θαυμαστὰν ὁδόν.	u u-uu- u-u --- u-	iambic trimeter (anapaestic)	
παρʼ οἷς ποτε Περσεὺς ἐδαίσατο λαγέτας,	u - uu -- u-uu -u-	lyric	
δώματʼ ἐσελθών,	-u u--	anapaestic	
κλειτὰς ὄνων ἑκατόμβας ἐπιτόσσαις θεῷ	-- u- uu-- uu-- u-	lyric	
ῥέζοντας· ὧν θαλίαις ἔμπεδον	--u - uu- -u-	lyric	
εὐφαμίαις τε μάλιστʼ Ἀπόλλων	--u- u u- u--	lyric	
χαίρει, γελᾷ θ᾽ὁρῶν ὕβριν ὀρθίαν κνωδάλων.	-- u- u- uu -u- -u-	lyric	
Μοῖσα δ᾽οὐκ ἀποδαμεῖ	-u - uu--	lyric	
τρόποις ἐπὶ σφετέροισι· παντᾷ, δὲ χοροὶ παρθένων	u- u- uu-u -- u u- -u-	lyric	
λυρᾶν τε βοαὶ καναχαί τ᾽αὐλῶν δονέονται·	u- u u- uu- -- uu--	lyric	
δάφνᾳ τε χρυσέᾳ κόμας ἀναδήσαντες εἰλαπινάζοισιν εὐφρόνως.	u- - uu- u- uu--u -uu--u -u-	lyric	
νόσοι δ᾽οὔτε γῆρας οὐλόμενον κέκραται	u- -u -u -uu- u--	lyric	
ἱερᾷ γενεᾷ· πόνων δὲ καὶ μαχᾶν ἄτερ	uu- uu- u- u - u- u-	iambic trimeter (anapaestic)	
οἰκέοισι φυγόντες	-u-u u--	lyric	
ὑπέρδικον Νέμεσιν. θρασείᾳ δὲ πνέων καρδίᾳ	u-u- uu- u-- u u- -u-	lyric	
μόλεν Δανάας ποτὲ παῖς, ἁγεῖτο δ᾽Ἀθάνα,	u- uu- uu - --u u--	lyric	
ἐς ἀνδρῶν μακάρων ὅμιλον· ἔπεφνέν τε Γοργόνα, καὶ ποικίλον κάρα	u -- uu- u-u u-- u -uu - -u- u-	lyric	
δρακόντων φόβαισιν ἤλυθε νασιώταις	u-- u-u -uu -u--	lyric	
λίθινον θάνατον φέρων. ἐμοὶ δὲ θαυμάσαι	uu- uu- u- u- u -u-	iambic trimeter (anapaestic)	
θεῶν τελεσάντων οὐδέν ποτε φαίνεται	u- uu-- -- uu -u-	lyric	
ἔμμεν ἄπιστον.	-u u--	anapaestic	
κώπαν σχάσον, ταχὺ δ᾽ἄγκυραν ἔρεισον χθονὶ	-- u- uu --u u-- u-	lyric	
πρῴραθε, χοιράδος ἄλκαρ πέτρας.	--u -uu -- u-	lyric	
ἐγκωμίων γὰρ ἄωτος ὕμνων	--u- u u-u --	lyric	
ἐπʼ ἄλλοτʼ ἄλλον ὥτε μέλισσα θύνει λόγον.	u -u -u -u u-u -- u-	lyric	
ἔλπομαι δ᾽Ἐφυραίων	-u- uu--	lyric	
ὄπʼ ἀμφὶ Πηνεϊὸν γλυκεῖαν προχεόντων ἐμὰν	u -u -uu- u-- uu-- u-	lyric	
τὸν Ἱπποκλέαν ἔτι καὶ μᾶλλον σὺν ἀοιδαῖς	u -uu- uu - -- u u--	lyric	
ἕκατι στεφάνων θαητὸν ἐν ἅλιξι θησέμεν ἐν καὶ παλαιτέροις,	u-- uu- u-u u --u -uu - - u-u-	lyric	
νέαισίν τε παρθένοισι μέλημα. καὶ γὰρ	u-- u -u-u u-u - -	lyric	
ἑτέροις ἑτέρων ἔρωτες ἔκνιξαν φρένας·	uu- uu- u-u --- u-	iambic trimeter (anapaestic)	
τῶν δ᾽ἕκαστος ὀρούει,	- u-u u--	lyric	
τυχών κεν ἁρπαλέαν σχέθοι φροντίδα τὰν πὰρ ποδός·	u- u -uu- u- -uu - - u-	lyric	
τὰ δ᾽εἰς ἐνιαυτὸν ἀτέκμαρτον προνοῆσαι.	u - uu-u u--- uu--	lyric	
πέποιθα ξενίᾳ προσανέϊ Θώρακος, ὅσπερ ἐμὰν ποιπνύων χάριν	u-- uu- u-uu --u -u u- -u- u-	lyric	
τόδʼ ἔζευξεν ἅρμα Πιερίδων τετράορον,	u --u -u -uu- u--	lyric	
φιλέων φιλέοντʼ, ἄγων ἄγοντα προφρόνως.	uu- uu- u- --u -u-	lyric	
πειρῶντι δὲ καὶ χρυσὸς ἐν βασάνῳ πρέπει	--u u - -u - uu- u-	lyric	
καὶ νόος ὀρθός.	- uu --	anapaestic	
ἀδελφεοὺς Ἔτʼ ἐπαινήσομεν ἐσλούς, ὅτι	u-u- u u--uu -- u-	lyric	
ὑψοῦ φέροντι νόμον Θεσσαλῶν	-- u-u u- -u-	lyric	
αὔξοντες· ἐν δ᾽ἀγαθοῖσι κεῖνται	--u - uu-u --	lyric	
πατρώϊαι κεδναὶ πολίων κυβερνάσιες.	u-u- u- uu- u--u-	lyric	
Κάδμου κόραι, Σεμέλα μὲν Ὀλυμπιάδων ἀγυιᾶτις,	-- u- uu- u u-uu- u---	lyric	
Ἰνώ τε Λευκοθέα ποντιᾶν ὁμοθάλαμε Νηρηΐδων,	-- u -uu- -u- uuuuu --u-	lyric	
ἴτε σὺν Ἡρακλέος ἀριστογόνῳ	uu u -uuu u-uu-	lyric	
ματρὶ πὰρ Μελίαν χρυσέων ἐς ἄδυτον τριπόδων	-u - uu- -- u uu- uu-	lyric	
θησαυρόν, ὃν περίαλλʼ ἐτίμασε Λοξίας,	--u - uu- u--u -u-	lyric	
Ἰσμήνιον δ᾽ὀνύμαξεν, ἀλαθέα μαντίων θῶκον,	--u- uu-u u-uu -u- --	lyric	
ὦ παῖδες Ἁρμονίας, ἔνθα καί νυν ἐπίνομον ἡρωΐδων	- -u -uu- -u - u uuuu --u-	lyric	
στρατὸν ὁμαγερέα καλεῖ συνίμεν,	uu u-uuu u- uu-	lyric	
ὄφρα Θέμιν ἱερὰν Πυθῶνά τε καὶ ὀρθοδίκαν	-u uu uu- --u u u -uu-	lyric	
γᾶς ὀμφαλὸν κελαδήσετʼ ἄκρᾳ σὺν ἑσπέρᾳ,	- -u- uu-u -- u -u-	lyric	
ἑπταπύλοισι Θήβαις	-uu-u --	lyric	
χάριν ἀγῶνί τε Κίρρας,	uu u-u u --	lyric	
ἐν τῷ Θρασυδαῖος ἔμνασεν ἑστίαν	- - uu-u --u -u-	lyric	
τρίτον ἐπὶ στέφανον πατρῴαν βαλών,	uu u- uu- u-- u-	lyric	
ἐν ἀφνεαῖς ἀρούραισι Πυλάδα	u -u- u--u uu-	lyric	
νικῶν ξένου Λάκωνος Ὀρέστα.	-- u- u-u u--	lyric	
τὸν δὴ φονευομένου πατρὸς Ἀρσινόα Κλυταιμνήστρας	- - u-uu- uu -uu- u---	lyric	
χειρῶν ὕπο κρατερᾶν ἐκ δόλου τροφὸς ἄνελε δυσπενθέος,	-- u- uu- - u- uu uuu --u-	lyric	
ὁπότε Δαρδανίδα κόραν Πριάμου	uuu -uuu u- uu-	lyric	
Κασσάνδραν πολιῷ χαλκῷ σὺν Ἀγαμεμνονίᾳ	--- uu- -- u uu-uu-	lyric	
ψυχᾷ πόρευσʼ Ἀχέροντος ἀκτὰν παρʼ εὔσκιον	-- u- uu-u -- u -u-	lyric	
νηλὴς γυνά. πότερόν νιν ἄρʼ Ἰφιγένειʼ ἐπʼ Εὐρίπῳ	-- u- uu- u u -uu- u ---	lyric	
σφαχθεῖσα τῆλε πάτρας ἔκνισεν βαρυπάλαμον ὄρσαι χόλον;	--u -u u- -u- uuuuu -- u-	lyric	
ἢ ἑτέρῳ λέχεϊ δαμαζομέναν	u uu- uuu u-uu-	lyric	
ἔννυχοι πάραγον κοῖται; τὸ δὲ νέαις ἀλόχοις	-u- uu- -- u u u- uu-	lyric	
ἔχθιστον ἀμπλάκιον καλύψαι τ᾽ἀμάχανον	--u -uu- u-- u-u-	lyric	
ἀλλοτρίαισι γλώσσαις·	-uu-u --	lyric	
κακολόγοι δὲ πολῖται.	uuu- u u--	lyric	
ἴσχει τε γὰρ ὄλβος οὐ μείονα φθόνον·	-- u u -u - -u- u-	lyric	
ὁ δὲ χαμηλὰ πνέων ἄφαντον βρέμει.	u u u-u u- u-- u-	lyric	
θάνεν μὲν αὐτὸς ἥρως Ἀτρεΐδας	u- u -u -- uuu-	lyric	
ἵκων χρόνῳ κλυταῖς ἐν Ἀμύκλαις,	-- u- u- u u--	lyric	
μάντιν τ᾽ὄλεσσε κόραν, ἐπεὶ ἀμφʼ Ἑλένᾳ πυρωθέντων	-- u-u u- uu - uu- u---	lyric	
Τρώων ἔλυσε δόμους ἁβρότατος. ὁ δ᾽ἄρα γέροντα ξένον	-- u-u u- -u-u u uu u-- u-	lyric	
Στρόφιον ἐξίκετο, νέα κεφαλά,	uuu -uuu u- uu-	lyric	
Παρνασοῦ πόδα ναίοντʼ· ἀλλὰ χρονίῳ σὺν Ἄρει	-u- uu -- -u uu- u u-	lyric	
πέφνεν τε ματέρα θῆκέ τ᾽Αἴγισθον ἐν φοναῖς.	-- u -uu -u --u - u-	lyric	
ἦ ῥ᾽,ὦ φίλοι, κατʼ ἀμευσιπόρους τριόδους ἐδινήθην,	- - u- u u-uu- uu- u---	lyric	
ὀρθὰν κέλευθον ἰὼν τὸ πρίν· ἤ μέ τις ἄνεμος ἔξω πλόου	-- u-u u- - u - u u uuu -- u-	lyric	
ἔβαλεν, ὡς ὅτʼ ἄκατον εἰναλίαν;	uuu - u uuu -uu-	lyric	
Μοῖσα, τὸ δὲ τεόν, εἰ μισθοῖο συνέθευ παρέχειν	-u u u uu - --u uu- uu-	lyric	
φωνὰν ὑπάργυρον, ἄλλοτʼ ἄλλᾳ ταρασσέμεν	-- u-uu -u -- u-u-	lyric	
ἢ πατρὶ Πυθονίκῳ	- uu -u--	lyric	
τό γέ νυν ἢ Θρασυδαίῳ·	u u u - uu--	lyric	
τῶν εὐφροσύνα τε καὶ δόξʼ ἐπιφλέγει.	- -uu- u - - u-u-	lyric	
τὰ μὲν ἐνἅρμασι καλλίνικοι πάλαι,	u u u-uu -u-- u-	lyric	
Ὀλυμπίᾳ ἀγώνων πολυφάτων	u-u- u-- uuu-	lyric	
ἔσχον θοὰν ἀκτῖνα σὺν ἵπποις·	-- u- --u u --	lyric	
Πυθοῖ τε γυμνὸν ἐπὶ στάδιον καταβάντες ἤλεγξαν	-- u -u u- uu- uu-u ---	lyric	
Ἑλλανίδα στρατιὰν ὠκύτατι. θεόθεν ἐραίμαν καλῶν,	--u- uu- -u-u uuu u-- u-	lyric	
δυνατὰ μαιόμενος ἐν ἁλικίᾳ.	uuu -uuu u -uu-	lyric	
τῶν γὰρ ἂμ πόλιν εὑρίσκων τὰ μέσα μακροτέρῳ	- u - uu --- u uu -uu-	lyric	
ὄλβῳ τεθαλότα, μέμφομʼ αἶσαν τυραννίδων·	-- u-uu -u -- u-u-	lyric	
ξυναῖσι δ᾽ἀμφʼ ἀρεταῖς τέταμαι. φθονεροὶ δ᾽ἀμύνονται	--u - uu- uu- uu- u---	lyric	
ἀλλ᾽ εἴ τις ἄκρον ἑλὼν ἁσυχᾶ τε νεμόμενος αἰνὰν ὕβριν	- - u -u u- -u- u uuuu -- u-	lyric	
ἀπέφυγεν· μέλανος ἂν ἐσχατιὰν	uuu- uuu u -uu-	lyric	
καλλίονα θανάτου στείχοι, γλυκυτάτᾳ γενεᾷ	-uuu uu- -- uuu- uu-	lyric	
εὐώνυμον κτεάνων κρατίσταν χάριν πορών.	--u- uu- u-- u- u-	lyric	
ἅ τε τὸν Ἰφικλείδαν	- u u -u--	lyric	
διαφέρει Ἰόλαον	uuu- uu--	lyric	
ὑμνητὸν ἐόντα, καὶ Κάστορος βίαν,	--u u-u - -u- u-	lyric	
σέ τε, ἄναξ Πολύδευκες, υἱοὶ θεῶν,	u u u- uu-u -- u-	lyric	
τὸ μὲν παρʼ ἆμαρ ἕδραισι Θεράπνας,	u - u -u --u uu-	lyric	
τὸ δ᾽οἰκέοντας ἔνδον Ὀλύμπου.	u -u-u -u u--	lyric	
αἰτέω σε, φιλάγλαε, καλλίστα βροτεᾶν πολίων,	-- u u-uu --- uu- uu-	anapaestic	
Φερσεφόνας ἕδος, ἅ τ᾽ὄχθαις ἔπι μηλοβότου	-uu- uu - -- uu -uu-	lyric	
ναίεις Ἀκράγαντος ἐΰδματον κολώναν, ὦ ἄνα,	-- uu-u u--- u-- - u-	lyric	
ἵλαος ἀθανάτων ἀνδρῶν τε σὺν εὐμενίᾳ	-uu -uu- -- u u -uu-	lyric	
δέξαι στεφάνωμα τόδʼ ἐκ Πυθῶνος εὐδόξῳ Μίδᾳ,	-- uu-u u - --u --- u-	lyric	
αὐτόν τέ νιν Ἑλλάδα νικάσαντα τέχνᾳ, τάν ποτε	-- u u -uu ---u -- - u-	lyric	
Παλλὰς ἐφεῦρε θρασειᾶν Γοργόνων	-u u-u u-- -u-	lyric	
οὔλιον θρῆνον διαπλέξαισʼ Ἀθάνα·	-u- -- u--- u--	lyric	
τὸν παρθενίοις ὑπό τ᾽ἀπλάτοις ὀφίων κεφαλαῖς	- -uu- uu --- uu- uu-	anapaestic	
ἄϊε λειβόμενον δυσπενθέϊ σὺν καμάτῳ,	-uu -uu- --uu - uu-	lyric	
Περσεὺς ὁπότε τρίτον ἄνυσσεν κασιγνητᾶν μέρος,	-- uu- uu --- u--- u-	lyric	
εἰναλίᾳ Σερίφῳ λαοῖσί τε μοῖραν ἄγων.	-uu- uu- --u u -u u-	lyric	
ἤτοι τό τε θεσπέσιον Φόρκοιο μαύρωσεν γένος,	-- u u -uu- --u --- u-	lyric	
λυγρόν τ᾽ἔρανον Πολυδέκτᾳ θῆκε ματρός τ᾽ἔμπεδον	-- uu- uu-- -u -- -u-	lyric	
δουλοσύναν τό τ᾽ἀναγκαῖον λέχος,	-uu- u u--- u-	lyric	
εὐπαράου κρᾶτα συλάσαις Μεδοίσας	-u-- -u --- u--	lyric	
υἱὸς Δανάας· τὸν ἀπὸ χρυσοῦ φαμεν αὐτορύτου	-- uu- u u- -- uu -uu-	anapaestic	
ἔμμεναι. ἀλλʼ ἐπεὶ ἐκ τούτων φίλον ἄνδρα πόνων	-uu - uu - -- uu -u u-	lyric	
ἐρρύσατο, παρθένος αὐλῶν τεῦχε πάμφωνον μέλος,	--uu -uu -- -u --- u-	lyric	
ὄφρα τὸν Εὐρυάλας ἐκ καρπαλιμᾶν γενύων	-u u -uu- - -uu- uu-	lyric	
χριμφθέντα σὺν ἔντεσι μιμήσαιτʼ ἐρικλάγκταν γόον.	--u u -uu --- u--- u-	lyric	
εὗρεν θεός· ἀλλά νιν εὑροῖσʼ ἀνδράσι θνατοῖς ἔχειν,	-- uu -u u -- -u- -- u-	lyric	
ὠνόμασεν κεφαλᾶν πολλᾶν νόμον,	-uu- uu- -- u-	lyric	
εὐκλεᾶ λαοσσόων μναστῆρʼ ἀγώνων,	-u- --u- -- u--	lyric	
λεπτοῦ διανισσόμενον χαλκοῦ θαμὰ καὶ δονάκων,	-- uu-uu- -- uu - uu-	anapaestic	
τοὶ παρὰ καλλιχόρῳ ναίοισι πόλει Χαρίτων.	- uu -uu- --u u- uu-	lyric	
Καφισίδος ἐν τεμένει, πιστοὶ χορευτᾶν μάρτυρες.	--uu - uu- -- u-- -u-	lyric	
εἰ δέ τις ὄλβος ἐν ἀνθρώποισιν, ἄνευ καμάτου	- u u -u u ---u u- uu-	lyric	
οὐ φαίνεται· ἐκ δὲ τελευτάσει νιν ἤτοι σάμερον	- -uu - u u--- u -- -u-	lyric	
δαίμων—τὸ δὲ μόρσιμον οὐ παρφυκτόν,—ἀλλʼ ἔσται χρόνος	--u u -uu - --u- -- u-	lyric	
οὗτος, ὃ καί τινʼ ἀελπτίᾳ βαλὼν	-u u - u u-u- u-	lyric	
ἔμπαλιν γνώμας τὸ μὲν δώσει, τὸ δ᾽οὔπω.	-u- -- u - -- u --	lyric	
